Id,Date,Rented_Bike_Count,Hour,Temperature(°C),Humidity(%),Wind speed (m/s),Visibility (10m),Dew point temperature(°C),Solar Radiation (MJ/m2),Rainfall(mm),Snowfall (cm),Seasons,Holiday,Functioning Day
0,01/12/2017,5.541263545158426,0,-5.2,37,2.2,2000,-17.6,0.0,0.0,0.0,Winter,No Holiday,Yes
1,01/12/2017,5.3230099791384085,1,-5.5,38,0.8,2000,-17.6,0.0,0.0,0.0,Winter,No Holiday,Yes
2,01/12/2017,5.159055299214529,2,-6.0,39,1.0,2000,-17.7,0.0,0.0,0.0,Winter,No Holiday,Yes
3,01/12/2017,4.68213122712422,3,-6.2,40,0.9,2000,-17.6,0.0,0.0,0.0,Winter,No Holiday,Yes
4,01/12/2017,4.3694478524670215,4,-6.0,36,2.3,2000,-18.6,0.0,0.0,0.0,Winter,No Holiday,Yes
5,01/12/2017,4.61512051684126,5,-6.4,37,1.5,2000,-18.7,0.0,0.0,0.0,Winter,No Holiday,Yes
6,01/12/2017,5.204006687076795,6,-6.6,35,1.3,2000,-19.5,0.0,0.0,0.0,Winter,No Holiday,Yes
7,01/12/2017,6.133398042996649,7,-7.4,38,0.9,2000,-19.3,0.0,0.0,0.0,Winter,No Holiday,Yes
8,01/12/2017,6.836259277277067,8,-7.6,37,1.1,2000,-19.8,0.01,0.0,0.0,Winter,No Holiday,Yes
9,01/12/2017,6.19644412779452,9,-6.5,27,0.5,1928,-22.4,0.23,0.0,0.0,Winter,No Holiday,Yes
10,01/12/2017,5.8289456176102075,10,-3.5,24,1.2,1996,-21.2,0.65,0.0,0.0,Winter,No Holiday,Yes
11,01/12/2017,5.8888779583328805,11,-0.5,21,1.3,1936,-20.2,0.94,0.0,0.0,Winter,No Holiday,Yes
12,01/12/2017,6.1092475827643655,12,1.7,23,1.4,2000,-17.2,1.11,0.0,0.0,Winter,No Holiday,Yes
13,01/12/2017,6.113682179832232,13,2.4,25,1.6,2000,-15.6,1.16,0.0,0.0,Winter,No Holiday,Yes
14,01/12/2017,6.104793232414985,14,3.0,26,2.0,2000,-14.6,1.01,0.0,0.0,Winter,No Holiday,Yes
15,01/12/2017,6.139884552226255,15,2.1,36,3.2,2000,-11.4,0.54,0.0,0.0,Winter,No Holiday,Yes
16,01/12/2017,6.184148890937483,16,1.2,54,4.2,793,-7.0,0.24,0.0,0.0,Winter,No Holiday,Yes
17,01/12/2017,6.320768294250582,17,0.8,58,1.6,2000,-6.5,0.08,0.0,0.0,Winter,No Holiday,Yes
18,01/12/2017,6.760414691083428,18,0.6,66,1.4,2000,-5.0,0.0,0.0,0.0,Winter,No Holiday,Yes
19,01/12/2017,6.398594934535208,19,0.0,77,1.7,2000,-3.5,0.0,0.0,0.0,Winter,No Holiday,Yes
20,01/12/2017,6.056784013228625,20,-0.3,79,1.5,1913,-3.5,0.0,0.0,0.0,Winter,No Holiday,Yes
21,01/12/2017,6.0063531596017325,21,-0.8,81,0.8,1687,-3.6,0.0,0.0,0.0,Winter,No Holiday,Yes
22,01/12/2017,5.988961416889864,22,-0.9,83,1.5,1380,-3.4,0.0,0.0,0.0,Winter,No Holiday,Yes
23,01/12/2017,5.780743515792329,23,-1.3,84,1.0,1265,-3.6,0.0,0.0,0.0,Winter,No Holiday,Yes
24,02/12/2017,5.796057750765372,0,-1.8,87,1.1,994,-3.6,0.0,0.0,0.0,Winter,No Holiday,Yes
25,02/12/2017,5.733341276897746,1,-2.2,86,0.6,990,-4.2,0.0,0.0,0.0,Winter,No Holiday,Yes
26,02/12/2017,5.572154032177765,2,-2.9,86,1.5,1256,-4.9,0.0,0.0,0.0,Winter,No Holiday,Yes
27,02/12/2017,5.123963979403259,3,-3.5,81,2.2,1221,-6.2,0.0,0.0,0.0,Winter,No Holiday,Yes
28,02/12/2017,4.499809670330265,4,-3.8,79,2.0,1167,-6.9,0.0,0.0,0.0,Winter,No Holiday,Yes
29,02/12/2017,4.382026634673881,5,-4.0,79,1.5,1202,-7.1,0.0,0.0,0.0,Winter,No Holiday,Yes
30,02/12/2017,4.2626798770413155,6,-4.3,82,2.1,1178,-6.9,0.0,0.0,0.0,Winter,No Holiday,Yes
31,02/12/2017,4.990432586778736,7,-4.4,81,2.5,1276,-7.1,0.0,0.0,0.0,Winter,No Holiday,Yes
32,02/12/2017,5.393627546352362,8,-4.2,79,2.1,1436,-7.3,0.01,0.0,0.0,Winter,No Holiday,Yes
33,02/12/2017,5.796057750765372,9,-2.9,68,1.6,1487,-7.9,0.3,0.0,0.0,Winter,No Holiday,Yes
34,02/12/2017,5.814130531825066,10,-0.4,57,1.6,1309,-7.8,0.8,0.0,0.0,Winter,No Holiday,Yes
35,02/12/2017,5.963579343618446,11,1.9,49,1.8,1406,-7.7,1.0,0.0,0.0,Winter,No Holiday,Yes
36,02/12/2017,6.173786103901937,12,4.3,41,1.3,1666,-7.8,1.09,0.0,0.0,Winter,No Holiday,Yes
37,02/12/2017,6.408528791059498,13,6.0,36,1.8,1780,-7.9,1.12,0.0,0.0,Winter,No Holiday,Yes
38,02/12/2017,6.416732282512326,14,7.3,35,1.3,1955,-7.1,0.99,0.0,0.0,Winter,No Holiday,Yes
39,02/12/2017,6.380122536899765,15,7.6,41,2.3,1953,-4.8,0.74,0.0,0.0,Winter,No Holiday,Yes
40,02/12/2017,6.428105272684596,16,6.4,48,2.6,1945,-3.8,0.22,0.0,0.0,Winter,No Holiday,Yes
41,02/12/2017,6.35088571671474,17,6.0,51,2.5,1891,-3.3,0.06,0.0,0.0,Winter,No Holiday,Yes
42,02/12/2017,6.194405391104672,18,5.5,53,1.5,1697,-3.3,0.0,0.0,0.0,Winter,No Holiday,Yes
43,02/12/2017,5.955837369464831,19,5.0,52,2.3,1666,-4.0,0.0,0.0,0.0,Winter,No Holiday,Yes
44,02/12/2017,5.886104031450156,20,4.6,51,1.2,1585,-4.6,0.0,0.0,0.0,Winter,No Holiday,Yes
45,02/12/2017,5.934894195619588,21,4.1,55,1.2,1448,-4.1,0.0,0.0,0.0,Winter,No Holiday,Yes
46,02/12/2017,5.872117789475416,22,3.5,54,1.5,1446,-4.9,0.0,0.0,0.0,Winter,No Holiday,Yes
47,02/12/2017,5.905361848054571,23,4.0,56,1.0,1352,-4.0,0.0,0.0,0.0,Winter,No Holiday,Yes
48,03/12/2017,5.8377304471659395,0,4.0,58,1.4,1296,-3.5,0.0,0.0,0.0,Winter,No Holiday,Yes
49,03/12/2017,5.429345628954441,1,3.9,69,1.7,485,-1.2,0.0,0.0,0.0,Winter,No Holiday,Yes
50,03/12/2017,5.43372200355424,2,3.3,79,1.4,830,0.0,0.0,0.0,0.0,Winter,No Holiday,Yes
51,03/12/2017,4.770684624465665,3,3.4,71,1.6,1011,-1.3,0.0,0.5,0.0,Winter,No Holiday,Yes
52,03/12/2017,4.343805421853684,4,3.5,73,1.0,1060,-0.8,0.0,0.0,0.0,Winter,No Holiday,Yes
53,03/12/2017,3.4965075614664802,5,3.9,75,1.9,914,-0.1,0.0,0.0,0.0,Winter,No Holiday,Yes
54,03/12/2017,2.6390573296152584,6,3.4,86,2.5,278,1.2,0.0,1.0,0.0,Winter,No Holiday,Yes
55,03/12/2017,3.1354942159291497,7,3.1,91,1.2,129,1.7,0.0,0.0,0.0,Winter,No Holiday,Yes
56,03/12/2017,4.454347296253507,8,3.2,92,1.8,244,2.0,0.0,0.0,0.0,Winter,No Holiday,Yes
57,03/12/2017,5.030437921392435,9,3.5,91,1.8,231,2.1,0.02,2.5,0.0,Winter,No Holiday,Yes
58,03/12/2017,5.303304908059076,10,4.4,89,2.2,257,2.7,0.24,0.0,0.0,Winter,No Holiday,Yes
59,03/12/2017,5.6131281063880705,11,5.1,87,1.4,321,3.1,0.25,0.0,0.0,Winter,No Holiday,Yes
60,03/12/2017,5.811140992976701,12,5.8,85,1.7,349,3.4,0.43,0.0,0.0,Winter,No Holiday,Yes
61,03/12/2017,6.206575926724928,13,6.8,81,1.9,390,3.7,0.6,0.0,0.0,Winter,No Holiday,Yes
62,03/12/2017,6.335054251498059,14,7.6,76,1.2,422,3.6,0.69,0.0,0.0,Winter,No Holiday,Yes
63,03/12/2017,6.432940092739179,15,8.0,73,1.6,433,3.4,0.53,0.0,0.0,Winter,No Holiday,Yes
64,03/12/2017,6.395261598115449,16,7.6,77,1.6,399,3.8,0.2,0.0,0.0,Winter,No Holiday,Yes
65,03/12/2017,6.302618975744905,17,6.7,82,1.5,358,3.8,0.05,0.0,0.0,Winter,No Holiday,Yes
66,03/12/2017,6.095824562432225,18,6.0,84,1.9,327,3.4,0.0,0.0,0.0,Winter,No Holiday,Yes
67,03/12/2017,6.0473721790462776,19,5.7,85,1.7,309,3.3,0.0,0.0,0.0,Winter,No Holiday,Yes
68,03/12/2017,5.986452005284438,20,5.2,87,1.4,253,3.2,0.0,0.0,0.0,Winter,No Holiday,Yes
69,03/12/2017,5.955837369464831,21,4.7,87,1.2,247,2.7,0.0,0.0,0.0,Winter,No Holiday,Yes
70,03/12/2017,5.860786223465865,22,4.3,89,1.8,201,2.6,0.0,0.0,0.0,Winter,No Holiday,Yes
71,03/12/2017,5.717027701406222,23,3.9,90,1.3,194,2.4,0.0,0.0,0.0,Winter,No Holiday,Yes
72,04/12/2017,5.655991810819852,0,4.2,88,0.6,216,2.3,0.0,0.0,0.0,Winter,No Holiday,Yes
73,04/12/2017,5.231108616854587,1,4.3,87,0.5,221,2.3,0.0,0.0,0.0,Winter,No Holiday,Yes
74,04/12/2017,4.727387818712341,2,4.4,87,1.8,207,2.4,0.0,0.0,0.0,Winter,No Holiday,Yes
75,04/12/2017,4.189654742026425,3,3.6,85,2.3,206,1.3,0.0,0.0,0.0,Winter,No Holiday,Yes
76,04/12/2017,3.7376696182833684,4,2.8,89,1.5,130,1.1,0.0,0.0,0.0,Winter,No Holiday,Yes
77,04/12/2017,4.418840607796598,5,2.0,83,2.7,253,-0.5,0.0,0.0,0.0,Winter,No Holiday,Yes
78,04/12/2017,5.303304908059076,6,1.2,76,3.7,371,-2.5,0.0,0.1,0.0,Winter,No Holiday,Yes
79,04/12/2017,6.212606095751519,7,0.2,68,3.4,702,-5.0,0.0,0.0,0.0,Winter,No Holiday,Yes
80,04/12/2017,6.843749949006225,8,-0.8,69,3.5,954,-5.7,0.01,0.0,0.0,Winter,No Holiday,Yes
81,04/12/2017,6.234410725718371,9,-1.5,47,4.2,1888,-11.3,0.22,0.0,0.0,Winter,No Holiday,Yes
82,04/12/2017,5.7430031878094825,10,-1.1,40,4.5,2000,-13.0,0.64,0.0,0.0,Winter,No Holiday,Yes
83,04/12/2017,5.940171252720432,11,-0.5,41,4.1,1799,-12.1,0.94,0.0,0.0,Winter,No Holiday,Yes
84,04/12/2017,5.976350909297934,12,-0.3,38,4.8,1823,-12.9,1.11,0.0,0.0,Winter,No Holiday,Yes
85,04/12/2017,5.971261839790462,13,0.0,30,5.4,1938,-15.5,1.17,0.0,0.0,Winter,No Holiday,Yes
86,04/12/2017,5.82600010738045,14,0.1,27,4.5,2000,-16.7,1.09,0.0,0.0,Winter,No Holiday,Yes
87,04/12/2017,5.834810737062605,15,-0.1,25,5.8,2000,-17.8,0.88,0.0,0.0,Winter,No Holiday,Yes
88,04/12/2017,5.929589143389895,16,-0.2,23,4.7,2000,-18.8,0.55,0.0,0.0,Winter,No Holiday,Yes
89,04/12/2017,6.246106765481563,17,-1.3,26,5.3,2000,-18.3,0.18,0.0,0.0,Winter,No Holiday,Yes
90,04/12/2017,6.694562058521095,18,-2.1,29,3.9,2000,-17.7,0.0,0.0,0.0,Winter,No Holiday,Yes
91,04/12/2017,6.343880434126331,19,-2.9,32,3.2,2000,-17.3,0.0,0.0,0.0,Winter,No Holiday,Yes
92,04/12/2017,5.988961416889864,20,-3.6,38,3.0,2000,-15.8,0.0,0.0,0.0,Winter,No Holiday,Yes
93,04/12/2017,5.986452005284438,21,-4.6,43,4.5,2000,-15.3,0.0,0.0,0.0,Winter,No Holiday,Yes
94,04/12/2017,5.869296913133774,22,-5.3,45,2.5,2000,-15.3,0.0,0.0,0.0,Winter,No Holiday,Yes
95,04/12/2017,5.517452896464707,23,-5.8,44,2.4,2000,-16.1,0.0,0.0,0.0,Winter,No Holiday,Yes
96,05/12/2017,5.37989735354046,0,-6.1,42,2.6,2000,-16.9,0.0,0.0,0.0,Winter,No Holiday,Yes
97,05/12/2017,5.293304824724492,1,-6.5,41,2.8,2000,-17.6,0.0,0.0,0.0,Winter,No Holiday,Yes
98,05/12/2017,4.8283137373023015,2,-6.8,41,2.5,2000,-17.8,0.0,0.0,0.0,Winter,No Holiday,Yes
99,05/12/2017,4.143134726391533,3,-6.9,39,2.0,2000,-18.5,0.0,0.0,0.0,Winter,No Holiday,Yes
100,05/12/2017,3.7612001156935624,4,-7.2,34,3.0,2000,-20.4,0.0,0.0,0.0,Winter,No Holiday,Yes
101,05/12/2017,4.418840607796598,5,-7.4,33,2.6,2000,-20.9,0.0,0.0,0.0,Winter,No Holiday,Yes
102,05/12/2017,5.153291594497779,6,-7.4,34,3.2,2000,-20.6,0.0,0.0,0.0,Winter,No Holiday,Yes
103,05/12/2017,5.945420608606575,7,-7.5,33,2.2,2000,-21.0,0.0,0.0,0.0,Winter,No Holiday,Yes
104,05/12/2017,6.70073110954781,8,-8.1,36,1.6,2000,-20.5,0.01,0.0,0.0,Winter,No Holiday,Yes
105,05/12/2017,6.137727054086234,9,-7.6,31,1.3,1974,-21.8,0.21,0.0,0.0,Winter,No Holiday,Yes
106,05/12/2017,5.598421958998375,10,-5.5,26,2.8,1967,-22.0,0.64,0.0,0.0,Winter,No Holiday,Yes
107,05/12/2017,5.814130531825066,11,-3.9,25,0.0,1959,-21.0,0.0,0.0,0.0,Winter,No Holiday,Yes
108,05/12/2017,5.7745515455444085,12,-2.3,25,0.0,1962,-19.7,0.0,0.0,0.0,Winter,No Holiday,Yes
109,05/12/2017,5.786897381366708,13,-1.6,27,0.0,1955,-18.2,0.0,0.0,0.0,Winter,No Holiday,Yes
110,05/12/2017,5.814130531825066,14,-1.1,28,0.0,2000,-17.3,0.0,0.0,0.0,Winter,No Holiday,Yes
111,05/12/2017,5.869296913133774,15,-0.7,28,0.0,2000,-16.9,0.0,0.0,0.0,Winter,No Holiday,Yes
112,05/12/2017,6.077642243349034,16,-0.5,30,0.0,2000,-16.0,0.0,0.0,0.0,Winter,No Holiday,Yes
113,05/12/2017,6.272877006546167,17,-1.6,35,0.0,2000,-15.1,0.0,0.0,0.0,Winter,No Holiday,Yes
114,05/12/2017,6.672032945461067,18,-2.6,40,0.0,2000,-14.4,0.0,0.0,0.0,Winter,No Holiday,Yes
115,05/12/2017,6.393590753950631,19,-3.2,45,0.0,2000,-13.5,0.0,0.0,0.0,Winter,No Holiday,Yes
116,05/12/2017,6.037870919922137,20,-3.5,46,0.0,2000,-13.4,0.0,0.0,0.0,Winter,No Holiday,Yes
117,05/12/2017,6.030685260261263,21,-3.7,47,0.0,2000,-13.3,0.0,0.0,0.0,Winter,No Holiday,Yes
118,05/12/2017,5.976350909297934,22,-2.8,49,0.0,2000,-12.0,0.0,0.0,0.0,Winter,No Holiday,Yes
119,05/12/2017,5.501258210544727,23,-2.5,59,0.0,1210,-9.4,0.0,0.0,0.0,Winter,No Holiday,Yes
120,06/12/2017,4.983606621708336,0,-2.8,77,0.0,331,-6.2,0.0,0.1,0.1,Winter,No Holiday,Yes
121,06/12/2017,4.976733742420574,1,-3.0,79,0.0,293,-6.1,0.0,0.0,0.3,Winter,No Holiday,Yes
122,06/12/2017,4.770684624465665,2,-3.0,79,0.0,1862,-6.1,0.0,0.0,0.4,Winter,No Holiday,Yes
123,06/12/2017,4.3694478524670215,3,-3.2,78,0.0,1808,-6.4,0.0,0.2,0.4,Winter,No Holiday,Yes
124,06/12/2017,4.07753744390572,4,-3.4,75,0.0,1982,-7.2,0.0,0.0,0.4,Winter,No Holiday,Yes
125,06/12/2017,4.477336814478207,5,-3.6,76,0.0,1934,-7.2,0.0,0.0,0.4,Winter,No Holiday,Yes
126,06/12/2017,4.962844630259907,6,-3.7,76,0.0,1864,-7.3,0.0,0.0,0.4,Winter,No Holiday,Yes
127,06/12/2017,5.940171252720432,7,-4.2,77,0.0,1741,-7.6,0.0,0.0,0.3,Winter,No Holiday,Yes
128,06/12/2017,6.688354713946762,8,-4.2,78,0.0,1518,-7.4,0.01,0.0,0.2,Winter,No Holiday,Yes
129,06/12/2017,6.089044875446846,9,-3.3,70,0.0,1324,-7.9,0.25,0.0,0.2,Winter,No Holiday,Yes
130,06/12/2017,5.730099782973574,10,-0.9,64,0.0,1224,-6.8,0.63,0.0,0.2,Winter,No Holiday,Yes
131,06/12/2017,5.945420608606575,11,1.6,57,1.2,1261,-6.0,0.93,0.0,0.0,Winter,No Holiday,Yes
132,06/12/2017,6.0063531596017325,12,2.4,52,0.9,1224,-6.4,1.08,0.0,0.0,Winter,No Holiday,Yes
133,06/12/2017,6.093569770045136,13,4.2,47,1.1,1469,-6.1,1.1,0.0,0.0,Winter,No Holiday,Yes
134,06/12/2017,6.0330862217988015,14,5.5,34,1.0,1966,-9.1,0.96,0.0,0.0,Winter,No Holiday,Yes
135,06/12/2017,6.023447592961033,15,5.5,31,3.1,1968,-10.3,0.72,0.0,0.0,Winter,No Holiday,Yes
136,06/12/2017,6.208590026096629,16,5.3,37,2.9,2000,-8.2,0.36,0.0,0.0,Winter,No Holiday,Yes
137,06/12/2017,5.480638923341991,17,4.1,60,2.5,1565,-2.9,0.1,0.0,0.0,Winter,No Holiday,Yes
138,06/12/2017,5.3230099791384085,18,1.7,90,1.0,66,0.2,0.0,0.3,0.3,Winter,No Holiday,Yes
139,06/12/2017,5.327876168789581,19,1.2,92,0.7,180,0.0,0.0,0.0,1.0,Winter,No Holiday,Yes
140,06/12/2017,5.25227342804663,20,1.2,94,0.6,228,0.3,0.0,0.0,1.0,Winter,No Holiday,Yes
141,06/12/2017,5.111987788356544,21,1.1,92,0.5,235,0.0,0.0,0.7,1.0,Winter,No Holiday,Yes
142,06/12/2017,5.407171771460119,22,1.3,92,0.6,233,0.1,0.0,0.0,1.0,Winter,No Holiday,Yes
143,06/12/2017,5.267858159063328,23,1.3,92,0.6,209,0.1,0.0,0.0,1.0,Winter,No Holiday,Yes
144,07/12/2017,5.293304824724492,0,1.4,92,0.5,240,0.2,0.0,0.0,0.9,Winter,No Holiday,Yes
145,07/12/2017,5.389071729816501,1,1.5,92,0.4,227,0.3,0.0,0.0,0.9,Winter,No Holiday,Yes
146,07/12/2017,5.0106352940962555,2,1.4,92,0.7,168,0.2,0.0,0.0,0.9,Winter,No Holiday,Yes
147,07/12/2017,4.634728988229636,3,1.9,91,1.4,218,0.5,0.0,0.0,0.9,Winter,No Holiday,Yes
148,07/12/2017,4.143134726391533,4,1.6,92,0.7,119,0.4,0.0,0.0,0.9,Winter,No Holiday,Yes
149,07/12/2017,4.430816798843313,5,1.5,92,1.1,175,0.3,0.0,0.0,0.9,Winter,No Holiday,Yes
150,07/12/2017,4.927253685157205,6,1.0,93,0.5,148,0.0,0.0,0.0,0.9,Winter,No Holiday,Yes
151,07/12/2017,5.908082938168931,7,0.3,93,0.5,173,-0.7,0.0,0.0,0.9,Winter,No Holiday,Yes
152,07/12/2017,6.626717749249025,8,-0.2,96,0.8,173,-0.7,0.01,0.0,0.8,Winter,No Holiday,Yes
153,07/12/2017,6.030685260261263,9,0.1,91,0.8,265,-1.1,0.14,0.0,0.8,Winter,No Holiday,Yes
154,07/12/2017,5.7745515455444085,10,1.1,83,0.7,311,-1.4,0.41,0.0,0.7,Winter,No Holiday,Yes
155,07/12/2017,5.811140992976701,11,2.3,69,1.7,628,-2.8,0.63,0.0,0.6,Winter,No Holiday,Yes
156,07/12/2017,6.068425588244111,12,3.7,65,2.4,833,-2.2,0.98,0.0,0.3,Winter,No Holiday,Yes
157,07/12/2017,5.978885764901122,13,4.1,37,3.1,1767,-9.3,1.14,0.0,0.0,Winter,No Holiday,Yes
158,07/12/2017,5.968707559985366,14,4.4,36,2.7,1975,-9.4,1.04,0.0,0.0,Winter,No Holiday,Yes
159,07/12/2017,6.066108090103747,15,4.0,35,3.1,1962,-10.1,0.84,0.0,0.0,Winter,No Holiday,Yes
160,07/12/2017,6.156978985585555,16,3.2,38,2.9,1817,-9.7,0.51,0.0,0.0,Winter,No Holiday,Yes
161,07/12/2017,6.315358001522335,17,2.1,50,2.0,1434,-7.2,0.15,0.0,0.0,Winter,No Holiday,Yes
162,07/12/2017,6.679599185844383,18,0.7,46,2.7,1558,-9.6,0.0,0.0,0.0,Winter,No Holiday,Yes
163,07/12/2017,6.230481447578482,19,-0.4,47,2.5,1269,-10.3,0.0,0.0,0.0,Winter,No Holiday,Yes
164,07/12/2017,5.968707559985366,20,-1.4,47,2.5,1620,-11.2,0.0,0.0,0.0,Winter,No Holiday,Yes
165,07/12/2017,5.998936561946683,21,-2.2,46,2.2,1975,-12.2,0.0,0.0,0.0,Winter,No Holiday,Yes
166,07/12/2017,5.966146739123692,22,-2.7,48,2.6,1844,-12.2,0.0,0.0,0.0,Winter,No Holiday,Yes
167,07/12/2017,5.560681631015528,23,-3.2,50,2.1,1887,-12.1,0.0,0.0,0.0,Winter,No Holiday,Yes
168,08/12/2017,5.455321115357702,0,-3.5,49,2.6,1893,-12.6,0.0,0.0,0.0,Winter,No Holiday,Yes
169,08/12/2017,5.442417710521793,1,-3.7,50,2.5,1902,-12.6,0.0,0.0,0.0,Winter,No Holiday,Yes
170,08/12/2017,4.882801922586371,2,-4.3,53,1.0,1918,-12.4,0.0,0.0,0.0,Winter,No Holiday,Yes
171,08/12/2017,4.605170185988092,3,-4.8,52,1.6,1978,-13.1,0.0,0.0,0.0,Winter,No Holiday,Yes
172,08/12/2017,4.276666119016055,4,-5.3,53,2.4,1936,-13.4,0.0,0.0,0.0,Winter,No Holiday,Yes
173,08/12/2017,4.442651256490317,5,-5.8,56,2.0,1941,-13.1,0.0,0.0,0.0,Winter,No Holiday,Yes
174,08/12/2017,5.0689042022202315,6,-6.0,56,3.5,1853,-13.3,0.0,0.0,0.0,Winter,No Holiday,Yes
175,08/12/2017,5.961005339623274,7,-6.5,57,0.8,1776,-13.6,0.0,0.0,0.0,Winter,No Holiday,Yes
176,08/12/2017,6.660575149839686,8,-7.0,59,0.8,1559,-13.6,0.01,0.0,0.0,Winter,No Holiday,Yes
177,08/12/2017,5.981414211254481,9,-6.7,50,0.9,1492,-15.4,0.23,0.0,0.0,Winter,No Holiday,Yes
178,08/12/2017,5.568344503761097,10,-5.3,44,2.8,1516,-15.6,0.63,0.0,0.0,Winter,No Holiday,Yes
179,08/12/2017,5.739792912179234,11,-3.7,39,1.4,1595,-15.6,0.93,0.0,0.0,Winter,No Holiday,Yes
180,08/12/2017,5.87493073085203,12,-2.0,30,1.4,1728,-17.3,1.14,0.0,0.0,Winter,No Holiday,Yes
181,08/12/2017,5.872117789475416,13,-1.7,28,1.8,1963,-17.8,1.22,0.0,0.0,Winter,No Holiday,Yes
182,08/12/2017,5.860786223465865,14,-1.3,27,3.1,1906,-17.9,1.12,0.0,0.0,Winter,No Holiday,Yes
183,08/12/2017,5.8944028342648505,15,-0.8,26,3.3,1977,-17.9,0.87,0.0,0.0,Winter,No Holiday,Yes
184,08/12/2017,5.996452088619021,16,-1.1,24,3.4,2000,-19.1,0.56,0.0,0.0,Winter,No Holiday,Yes
185,08/12/2017,6.2166061010848646,17,-2.4,30,2.7,2000,-17.6,0.18,0.0,0.0,Winter,No Holiday,Yes
186,08/12/2017,6.6240652277998935,18,-3.1,33,1.2,2000,-17.1,0.0,0.0,0.0,Winter,No Holiday,Yes
187,08/12/2017,6.169610732491456,19,-3.3,35,1.1,2000,-16.6,0.0,0.0,0.0,Winter,No Holiday,Yes
188,08/12/2017,5.953243334287785,20,-3.3,34,1.5,2000,-16.9,0.0,0.0,0.0,Winter,No Holiday,Yes
189,08/12/2017,5.820082930352362,21,-3.3,35,0.5,2000,-16.6,0.0,0.0,0.0,Winter,No Holiday,Yes
190,08/12/2017,5.8522024797744745,22,-3.4,39,1.2,2000,-15.4,0.0,0.0,0.0,Winter,No Holiday,Yes
191,08/12/2017,5.62040086571715,23,-3.5,43,0.9,2000,-14.3,0.0,0.0,0.0,Winter,No Holiday,Yes
192,09/12/2017,5.5909869805108565,0,-3.5,48,0.9,1967,-12.9,0.0,0.0,0.0,Winter,No Holiday,Yes
193,09/12/2017,5.6937321388027,1,-4.1,49,0.6,2000,-13.2,0.0,0.0,0.0,Winter,No Holiday,Yes
194,09/12/2017,5.472270673671475,2,-4.7,50,0.7,1983,-13.5,0.0,0.0,0.0,Winter,No Holiday,Yes
195,09/12/2017,5.135798437050262,3,-4.3,47,0.6,1992,-13.9,0.0,0.0,0.0,Winter,No Holiday,Yes
196,09/12/2017,4.574710978503383,4,-4.3,49,0.7,2000,-13.4,0.0,0.0,0.0,Winter,No Holiday,Yes
197,09/12/2017,4.04305126783455,5,-4.7,49,0.8,1999,-13.8,0.0,0.0,0.0,Winter,No Holiday,Yes
198,09/12/2017,4.343805421853684,6,-5.1,53,0.9,1975,-13.2,0.0,0.0,0.0,Winter,No Holiday,Yes
199,09/12/2017,4.852030263919617,7,-5.5,56,0.8,1950,-12.9,0.0,0.0,0.0,Winter,No Holiday,Yes
200,09/12/2017,5.407171771460119,8,-5.4,56,0.7,1940,-12.8,0.01,0.0,0.0,Winter,No Holiday,Yes
201,09/12/2017,5.676753802268282,9,-4.7,48,1.0,1784,-14.0,0.23,0.0,0.0,Winter,No Holiday,Yes
202,09/12/2017,5.6131281063880705,10,-2.2,42,1.3,1646,-13.4,0.61,0.0,0.0,Winter,No Holiday,Yes
203,09/12/2017,5.863631175598097,11,0.0,45,1.1,1500,-10.5,0.89,0.0,0.0,Winter,No Holiday,Yes
204,09/12/2017,6.059123195581797,12,2.4,40,0.8,1809,-9.8,1.05,0.0,0.0,Winter,No Holiday,Yes
205,09/12/2017,6.068425588244111,13,3.9,36,2.0,1702,-9.8,1.13,0.0,0.0,Winter,No Holiday,Yes
206,09/12/2017,6.18826412308259,14,4.7,32,2.2,1948,-10.6,1.06,0.0,0.0,Winter,No Holiday,Yes
207,09/12/2017,6.345636360828596,15,5.2,30,2.0,1963,-11.0,0.84,0.0,0.0,Winter,No Holiday,Yes
208,09/12/2017,6.304448802421981,16,4.4,33,1.6,1963,-10.5,0.4,0.0,0.0,Winter,No Holiday,Yes
209,09/12/2017,6.1779441140506,17,3.5,37,1.8,1963,-9.8,0.1,0.0,0.0,Winter,No Holiday,Yes
210,09/12/2017,5.953243334287785,18,2.5,41,1.0,1974,-9.4,0.0,0.0,0.0,Winter,No Holiday,Yes
211,09/12/2017,5.62040086571715,19,1.5,48,0.4,1878,-8.3,0.0,0.0,0.0,Winter,No Holiday,Yes
212,09/12/2017,5.700443573390687,20,0.8,51,1.4,1848,-8.2,0.0,0.0,0.0,Winter,No Holiday,Yes
213,09/12/2017,5.7745515455444085,21,-0.1,55,0.7,1654,-8.0,0.0,0.0,0.0,Winter,No Holiday,Yes
214,09/12/2017,5.66988092298052,22,-0.5,55,0.6,1655,-8.4,0.0,0.0,0.0,Winter,No Holiday,Yes
215,09/12/2017,5.583496308781699,23,-0.1,54,1.3,1570,-8.3,0.0,0.0,0.0,Winter,No Holiday,Yes
216,10/12/2017,5.7899601708972535,0,-0.2,55,1.0,1629,-8.1,0.0,0.0,0.0,Winter,No Holiday,Yes
217,10/12/2017,5.638354669333745,1,-0.2,54,0.5,1747,-8.4,0.0,0.0,0.0,Winter,No Holiday,Yes
218,10/12/2017,5.497168225293202,2,0.2,52,0.7,1726,-8.5,0.0,0.0,0.0,Winter,No Holiday,Yes
219,10/12/2017,5.135798437050262,3,0.3,53,0.5,1748,-8.1,0.0,0.0,0.0,Winter,No Holiday,Yes
220,10/12/2017,4.276666119016055,4,0.4,52,1.6,1816,-8.3,0.0,0.0,0.0,Winter,No Holiday,Yes
221,10/12/2017,2.6390573296152584,5,0.3,74,1.0,178,-3.7,0.0,0.0,0.7,Winter,No Holiday,Yes
222,10/12/2017,2.302585092994046,6,-0.5,90,0.9,91,-1.9,0.0,2.5,2.7,Winter,No Holiday,Yes
223,10/12/2017,3.044522437723423,7,-0.4,92,1.1,121,-1.5,0.0,0.0,4.0,Winter,No Holiday,Yes
224,10/12/2017,3.58351893845611,8,-0.2,90,1.2,378,-1.6,0.0,0.0,4.1,Winter,No Holiday,Yes
225,10/12/2017,3.4657359027997265,9,0.2,90,1.0,305,-1.2,0.0,1.6,4.3,Winter,No Holiday,Yes
226,10/12/2017,2.995732273553991,10,0.5,91,0.4,143,-0.8,0.0,0.0,4.3,Winter,No Holiday,Yes
227,10/12/2017,4.07753744390572,11,0.9,92,0.9,137,-0.2,0.03,0.0,3.9,Winter,No Holiday,Yes
228,10/12/2017,4.787491742782046,12,2.3,88,0.3,245,0.5,0.28,0.0,3.1,Winter,No Holiday,Yes
229,10/12/2017,5.209486152841421,13,3.3,87,1.1,230,1.3,0.54,0.0,2.1,Winter,No Holiday,Yes
230,10/12/2017,5.4638318050256105,14,4.2,85,0.7,325,1.8,0.65,0.0,1.4,Winter,No Holiday,Yes
231,10/12/2017,5.198497031265826,15,6.7,63,4.5,715,0.1,0.35,0.0,1.0,Winter,No Holiday,Yes
232,10/12/2017,5.3706380281276624,16,5.4,71,3.5,622,0.5,0.2,0.0,0.5,Winter,No Holiday,Yes
233,10/12/2017,5.424950017481403,17,3.6,65,4.3,1061,-2.3,0.03,0.0,0.4,Winter,No Holiday,Yes
234,10/12/2017,5.351858133476067,18,2.0,61,3.0,2000,-4.7,0.0,0.0,0.0,Winter,No Holiday,Yes
235,10/12/2017,5.204006687076795,19,1.6,53,4.0,2000,-6.9,0.0,0.0,0.0,Winter,No Holiday,Yes
236,10/12/2017,5.111987788356544,20,0.6,57,3.9,1954,-6.9,0.0,0.0,0.0,Winter,No Holiday,Yes
237,10/12/2017,5.123963979403259,21,0.0,59,3.0,1862,-7.0,0.0,0.0,0.0,Winter,No Holiday,Yes
238,10/12/2017,5.030437921392435,22,-1.0,56,4.7,2000,-8.6,0.0,0.0,0.0,Winter,No Holiday,Yes
239,10/12/2017,5.003946305945459,23,-1.4,43,4.3,2000,-12.3,0.0,0.0,0.0,Winter,No Holiday,Yes
240,11/12/2017,4.836281906951478,0,-2.5,39,3.4,2000,-14.5,0.0,0.0,0.0,Winter,No Holiday,Yes
241,11/12/2017,4.718498871295094,1,-3.4,36,3.8,2000,-16.3,0.0,0.0,0.0,Winter,No Holiday,Yes
242,11/12/2017,4.219507705176107,2,-4.2,35,3.4,2000,-17.4,0.0,0.0,0.0,Winter,No Holiday,Yes
243,11/12/2017,3.828641396489095,3,-4.7,38,2.4,2000,-16.8,0.0,0.0,0.0,Winter,No Holiday,Yes
244,11/12/2017,3.8066624897703196,4,-5.2,35,3.2,2000,-18.3,0.0,0.0,0.0,Winter,No Holiday,Yes
245,11/12/2017,4.465908118654584,5,-5.6,38,3.2,1974,-17.6,0.0,0.0,0.0,Winter,No Holiday,Yes
246,11/12/2017,4.919980925828125,6,-5.9,39,2.9,1979,-17.6,0.0,0.0,0.0,Winter,No Holiday,Yes
247,11/12/2017,5.786897381366708,7,-6.0,39,3.1,1996,-17.7,0.0,0.0,0.0,Winter,No Holiday,Yes
248,11/12/2017,6.483107351457199,8,-6.0,38,3.6,1994,-18.0,0.01,0.0,0.0,Winter,No Holiday,Yes
249,11/12/2017,5.7899601708972535,9,-5.9,36,5.1,1941,-18.6,0.1,0.0,0.0,Winter,No Holiday,Yes
250,11/12/2017,5.3612921657094255,10,-5.3,32,4.5,2000,-19.4,0.62,0.0,0.0,Winter,No Holiday,Yes
251,11/12/2017,5.424950017481403,11,-4.7,36,3.8,2000,-17.5,1.0,0.0,0.0,Winter,No Holiday,Yes
252,11/12/2017,5.5134287461649825,12,-5.2,33,4.6,1973,-19.0,1.26,0.0,0.0,Winter,No Holiday,Yes
253,11/12/2017,5.488937726156687,13,-5.4,32,5.1,1986,-19.5,1.24,0.0,0.0,Winter,No Holiday,Yes
254,11/12/2017,5.537334267018537,14,-5.4,31,4.1,1945,-19.9,1.13,0.0,0.0,Winter,No Holiday,Yes
255,11/12/2017,5.598421958998375,15,-5.5,33,4.5,2000,-19.2,0.92,0.0,0.0,Winter,No Holiday,Yes
256,11/12/2017,5.627621113690637,16,-6.0,40,4.0,2000,-17.4,0.55,0.0,0.0,Winter,No Holiday,Yes
257,11/12/2017,5.8916442118257715,17,-7.1,44,4.2,2000,-17.3,0.18,0.0,0.0,Winter,No Holiday,Yes
258,11/12/2017,6.324358962381311,18,-7.9,43,3.3,2000,-18.3,0.0,0.0,0.0,Winter,No Holiday,Yes
259,11/12/2017,5.918893854273146,19,-8.6,45,3.9,2000,-18.4,0.0,0.0,0.0,Winter,No Holiday,Yes
260,11/12/2017,5.541263545158426,20,-9.3,49,3.8,2000,-18.0,0.0,0.0,0.0,Winter,No Holiday,Yes
261,11/12/2017,5.58724865840025,21,-9.7,51,2.5,2000,-17.9,0.0,0.0,0.0,Winter,No Holiday,Yes
262,11/12/2017,5.407171771460119,22,-10.2,50,3.0,2000,-18.6,0.0,0.0,0.0,Winter,No Holiday,Yes
263,11/12/2017,5.1647859739235145,23,-10.7,53,1.2,2000,-18.4,0.0,0.0,0.0,Winter,No Holiday,Yes
264,12/12/2017,4.897839799950911,0,-11.0,51,1.1,2000,-19.1,0.0,0.0,0.0,Winter,No Holiday,Yes
265,12/12/2017,4.852030263919617,1,-11.2,51,1.1,2000,-19.3,0.0,0.0,0.0,Winter,No Holiday,Yes
266,12/12/2017,4.564348191467836,2,-11.5,50,0.7,2000,-19.8,0.0,0.0,0.0,Winter,No Holiday,Yes
267,12/12/2017,4.007333185232471,3,-11.6,50,2.2,1995,-19.9,0.0,0.0,0.0,Winter,No Holiday,Yes
268,12/12/2017,3.8501476017100584,4,-11.6,47,2.1,1982,-20.6,0.0,0.0,0.0,Winter,No Holiday,Yes
269,12/12/2017,4.189654742026425,5,-11.6,45,2.8,1951,-21.1,0.0,0.0,0.0,Winter,No Holiday,Yes
270,12/12/2017,4.653960350157523,6,-11.8,47,2.5,1973,-20.8,0.0,0.0,0.0,Winter,No Holiday,Yes
271,12/12/2017,5.638354669333745,7,-12.1,50,2.3,1929,-20.4,0.0,0.0,0.0,Winter,No Holiday,Yes
272,12/12/2017,6.364750756851911,8,-12.3,52,1.3,1914,-20.1,0.0,0.0,0.0,Winter,No Holiday,Yes
273,12/12/2017,5.62040086571715,9,-11.8,46,2.9,1956,-21.1,0.1,0.0,0.0,Winter,No Holiday,Yes
274,12/12/2017,5.220355825078324,10,-10.5,45,3.3,1855,-20.1,0.6,0.0,0.0,Winter,No Holiday,Yes
275,12/12/2017,5.308267697401205,11,-9.4,42,3.1,1815,-19.9,0.93,0.0,0.0,Winter,No Holiday,Yes
276,12/12/2017,5.43372200355424,12,-8.3,35,2.9,1967,-21.0,1.14,0.0,0.0,Winter,No Holiday,Yes
277,12/12/2017,5.420534999272286,13,-6.9,37,2.4,1955,-19.1,1.22,0.0,0.0,Winter,No Holiday,Yes
278,12/12/2017,5.556828061699537,14,-5.4,32,2.0,1930,-19.5,1.12,0.0,0.0,Winter,No Holiday,Yes
279,12/12/2017,5.5254529391317835,15,-5.8,30,2.8,2000,-20.6,0.92,0.0,0.0,Winter,No Holiday,Yes
280,12/12/2017,5.517452896464707,16,-6.0,29,2.8,1983,-21.2,0.58,0.0,0.0,Winter,No Holiday,Yes
281,12/12/2017,5.723585101952381,17,-7.0,32,2.6,2000,-20.9,0.19,0.0,0.0,Winter,No Holiday,Yes
282,12/12/2017,6.272877006546167,18,-7.7,36,1.0,2000,-20.2,0.0,0.0,0.0,Winter,No Holiday,Yes
283,12/12/2017,5.860786223465865,19,-8.2,43,1.1,2000,-18.5,0.0,0.0,0.0,Winter,No Holiday,Yes
284,12/12/2017,5.564520407322694,20,-8.4,42,1.0,2000,-19.0,0.0,0.0,0.0,Winter,No Holiday,Yes
285,12/12/2017,5.602118820879701,21,-8.8,43,1.4,1999,-19.1,0.0,0.0,0.0,Winter,No Holiday,Yes
286,12/12/2017,5.54907608489522,22,-9.0,45,1.3,1999,-18.7,0.0,0.0,0.0,Winter,No Holiday,Yes
287,12/12/2017,5.159055299214529,23,-9.3,47,2.1,2000,-18.5,0.0,0.0,0.0,Winter,No Holiday,Yes
288,13/12/2017,5.1298987149230735,0,-9.5,48,1.3,1996,-18.4,0.0,0.0,0.0,Winter,No Holiday,Yes
289,13/12/2017,5.214935757608986,1,-10.2,52,1.6,1997,-18.2,0.0,0.0,0.0,Winter,No Holiday,Yes
290,13/12/2017,4.795790545596741,2,-10.4,53,1.8,1949,-18.1,0.0,0.0,0.0,Winter,No Holiday,Yes
291,13/12/2017,4.382026634673881,3,-10.9,55,1.8,1913,-18.1,0.0,0.0,0.0,Winter,No Holiday,Yes
292,13/12/2017,3.7376696182833684,4,-11.4,58,1.3,1907,-18.0,0.0,0.0,0.0,Winter,No Holiday,Yes
293,13/12/2017,4.23410650459726,5,-11.5,58,1.1,1923,-18.1,0.0,0.0,0.0,Winter,No Holiday,Yes
294,13/12/2017,4.700480365792417,6,-11.9,57,1.1,1974,-18.7,0.0,0.0,0.0,Winter,No Holiday,Yes
295,13/12/2017,5.739792912179234,7,-11.7,53,1.6,1998,-19.3,0.0,0.0,0.0,Winter,No Holiday,Yes
296,13/12/2017,6.3835066348840055,8,-11.4,47,3.3,2000,-20.4,0.0,0.0,0.0,Winter,No Holiday,Yes
297,13/12/2017,5.831882477283517,9,-11.1,46,3.4,1981,-20.4,0.1,0.0,0.0,Winter,No Holiday,Yes
298,13/12/2017,5.313205979041787,10,-9.5,39,2.1,1875,-20.9,0.6,0.0,0.0,Winter,No Holiday,Yes
299,13/12/2017,5.529429087511423,11,-8.1,35,1.8,1806,-20.9,0.96,0.0,0.0,Winter,No Holiday,Yes
300,13/12/2017,5.5909869805108565,12,-6.5,30,2.9,1945,-21.2,1.17,0.0,0.0,Winter,No Holiday,Yes
301,13/12/2017,5.529429087511423,13,-5.8,28,2.9,1887,-21.4,1.23,0.0,0.0,Winter,No Holiday,Yes
302,13/12/2017,5.484796933490655,14,-4.7,27,2.9,1883,-20.8,1.12,0.0,0.0,Winter,No Holiday,Yes
303,13/12/2017,5.484796933490655,15,-4.9,26,3.1,1887,-21.5,0.89,0.0,0.0,Winter,No Holiday,Yes
304,13/12/2017,5.631211781821365,16,-4.5,26,2.2,2000,-21.1,0.56,0.0,0.0,Winter,No Holiday,Yes
305,13/12/2017,5.973809611869261,17,-5.6,29,1.7,2000,-20.8,0.18,0.0,0.0,Winter,No Holiday,Yes
306,13/12/2017,6.2878585601617845,18,-6.6,33,1.1,2000,-20.2,0.0,0.0,0.0,Winter,No Holiday,Yes
307,13/12/2017,5.924255797414532,19,-6.6,31,1.6,2000,-20.9,0.0,0.0,0.0,Winter,No Holiday,Yes
308,13/12/2017,5.575949103146316,20,-7.6,35,0.8,2000,-20.4,0.0,0.0,0.0,Winter,No Holiday,Yes
309,13/12/2017,5.605802066295998,21,-8.3,39,1.0,2000,-19.8,0.0,0.0,0.0,Winter,No Holiday,Yes
310,13/12/2017,5.605802066295998,22,-8.9,39,0.1,2000,-20.3,0.0,0.0,0.0,Winter,No Holiday,Yes
311,13/12/2017,5.1647859739235145,23,-9.2,44,0.4,1978,-19.2,0.0,0.0,0.0,Winter,No Holiday,Yes
312,14/12/2017,5.147494476813453,0,-9.5,50,0.6,1953,-18.0,0.0,0.0,0.0,Winter,No Holiday,Yes
313,14/12/2017,5.14166355650266,1,-9.8,48,0.8,2000,-18.7,0.0,0.0,0.0,Winter,No Holiday,Yes
314,14/12/2017,4.68213122712422,2,-10.6,44,0.8,1903,-20.5,0.0,0.0,0.0,Winter,No Holiday,Yes
315,14/12/2017,4.394449154672439,3,-10.7,48,0.4,1651,-19.6,0.0,0.0,0.0,Winter,No Holiday,Yes
316,14/12/2017,3.970291913552122,4,-11.0,50,0.8,1718,-19.4,0.0,0.0,0.0,Winter,No Holiday,Yes
317,14/12/2017,4.143134726391533,5,-10.8,48,0.8,1648,-19.6,0.0,0.0,0.0,Winter,No Holiday,Yes
318,14/12/2017,4.6913478822291435,6,-11.0,55,0.8,1541,-18.2,0.0,0.0,0.0,Winter,No Holiday,Yes
319,14/12/2017,5.634789603169249,7,-10.9,57,1.1,1387,-17.7,0.0,0.0,0.0,Winter,No Holiday,Yes
320,14/12/2017,6.432940092739179,8,-10.4,54,1.1,1432,-17.9,0.01,0.0,0.0,Winter,No Holiday,Yes
321,14/12/2017,5.723585101952381,9,-9.4,44,0.5,1680,-19.4,0.13,0.0,0.0,Winter,No Holiday,Yes
322,14/12/2017,5.247024072160486,10,-7.7,43,0.9,1555,-18.1,0.35,0.0,0.0,Winter,No Holiday,Yes
323,14/12/2017,5.5134287461649825,11,-6.1,38,1.0,1587,-18.1,0.52,0.0,0.0,Winter,No Holiday,Yes
324,14/12/2017,5.631211781821365,12,-4.9,34,1.3,1768,-18.3,0.6,0.0,0.0,Winter,No Holiday,Yes
325,14/12/2017,5.645446897643238,13,-3.8,32,0.9,1827,-18.1,0.52,0.0,0.0,Winter,No Holiday,Yes
326,14/12/2017,5.68697535633982,14,-2.7,28,0.7,1857,-18.7,0.65,0.0,0.0,Winter,No Holiday,Yes
327,14/12/2017,5.71042701737487,15,-2.5,29,1.1,1667,-18.1,0.48,0.0,0.0,Winter,No Holiday,Yes
328,14/12/2017,5.817111159963204,16,-2.4,28,0.9,1878,-18.4,0.35,0.0,0.0,Winter,No Holiday,Yes
329,14/12/2017,5.948034989180646,17,-2.9,31,0.6,1723,-17.7,0.09,0.0,0.0,Winter,No Holiday,Yes
330,14/12/2017,6.418364935936212,18,-3.5,35,1.1,1414,-16.7,0.0,0.0,0.0,Winter,No Holiday,Yes
331,14/12/2017,6.018593214496234,19,-4.2,40,0.9,1216,-15.8,0.0,0.0,0.0,Winter,No Holiday,Yes
332,14/12/2017,5.627621113690637,20,-4.8,43,1.1,1397,-15.4,0.0,0.0,0.0,Winter,No Holiday,Yes
333,14/12/2017,5.75890177387728,21,-4.8,45,0.8,1351,-14.9,0.0,0.0,0.0,Winter,No Holiday,Yes
334,14/12/2017,5.736572297479192,22,-4.9,44,1.1,1369,-15.3,0.0,0.0,0.0,Winter,No Holiday,Yes
335,14/12/2017,5.356586274672012,23,-5.6,53,1.2,1290,-13.6,0.0,0.0,0.0,Winter,No Holiday,Yes
336,15/12/2017,5.429345628954441,0,-5.7,53,0.6,1262,-13.7,0.0,0.0,0.0,Winter,No Holiday,Yes
337,15/12/2017,5.488937726156687,1,-6.3,57,0.4,1148,-13.4,0.0,0.0,0.0,Winter,No Holiday,Yes
338,15/12/2017,5.093750200806762,2,-6.8,58,0.4,1089,-13.6,0.0,0.0,0.0,Winter,No Holiday,Yes
339,15/12/2017,4.709530201312334,3,-6.9,56,0.5,1111,-14.2,0.0,0.0,0.0,Winter,No Holiday,Yes
340,15/12/2017,4.248495242049359,4,-7.1,59,0.8,1058,-13.7,0.0,0.0,0.0,Winter,No Holiday,Yes
341,15/12/2017,4.23410650459726,5,-7.5,64,0.9,989,-13.1,0.0,0.0,0.0,Winter,No Holiday,Yes
342,15/12/2017,4.867534450455582,6,-7.4,64,0.7,906,-13.0,0.0,0.0,0.0,Winter,No Holiday,Yes
343,15/12/2017,5.655991810819852,7,-7.0,63,0.6,865,-12.8,0.0,0.0,0.0,Winter,No Holiday,Yes
344,15/12/2017,6.490723534502507,8,-6.6,64,1.1,791,-12.2,0.0,0.0,0.0,Winter,No Holiday,Yes
345,15/12/2017,5.802118375377063,9,-5.9,60,0.6,691,-12.4,0.09,0.0,0.0,Winter,No Holiday,Yes
346,15/12/2017,5.402677381872279,10,-4.6,52,0.8,648,-12.9,0.34,0.0,0.0,Winter,No Holiday,Yes
347,15/12/2017,5.634789603169249,11,-2.9,46,1.0,809,-12.9,0.42,0.0,0.0,Winter,No Holiday,Yes
348,15/12/2017,5.736572297479192,12,-2.5,43,0.7,895,-13.3,0.34,0.0,0.0,Winter,No Holiday,Yes
349,15/12/2017,5.786897381366708,13,-1.6,40,0.3,868,-13.4,0.32,0.0,0.0,Winter,No Holiday,Yes
350,15/12/2017,5.799092654460526,14,-0.7,39,0.8,826,-12.9,0.35,0.0,0.0,Winter,No Holiday,Yes
351,15/12/2017,5.8377304471659395,15,0.1,35,1.5,946,-13.5,0.42,0.0,0.0,Winter,No Holiday,Yes
352,15/12/2017,5.872117789475416,16,0.0,37,0.6,994,-12.9,0.13,0.0,0.0,Winter,No Holiday,Yes
353,15/12/2017,6.142037405587356,17,-0.2,39,0.8,1016,-12.5,0.0,0.0,0.0,Winter,No Holiday,Yes
354,15/12/2017,6.52649485957079,18,0.1,43,0.9,1485,-11.0,0.0,0.0,0.0,Winter,No Holiday,Yes
355,15/12/2017,6.113682179832232,19,0.6,41,1.2,1550,-11.1,0.0,0.0,0.0,Winter,No Holiday,Yes
356,15/12/2017,5.771441123130016,20,0.9,42,1.2,1113,-10.5,0.0,0.0,0.0,Winter,No Holiday,Yes
357,15/12/2017,5.707110264748875,21,0.7,47,2.7,1283,-9.3,0.0,0.0,0.0,Winter,No Holiday,Yes
358,15/12/2017,5.6937321388027,22,-0.1,49,2.0,870,-9.5,0.0,0.0,0.0,Winter,No Holiday,Yes
359,15/12/2017,5.5134287461649825,23,-1.3,60,2.5,792,-8.0,0.0,0.0,0.0,Winter,No Holiday,Yes
360,16/12/2017,5.384495062789089,0,-2.6,73,3.4,787,-6.7,0.0,0.0,0.0,Winter,No Holiday,Yes
361,16/12/2017,5.713732805509369,1,-3.4,76,2.9,582,-7.0,0.0,0.0,0.0,Winter,No Holiday,Yes
362,16/12/2017,5.43372200355424,2,-4.1,73,2.1,567,-8.2,0.0,0.0,0.0,Winter,No Holiday,Yes
363,16/12/2017,4.867534450455582,3,-4.5,71,1.6,651,-8.9,0.0,0.0,0.0,Winter,No Holiday,Yes
364,16/12/2017,4.394449154672439,4,-5.0,70,2.7,702,-9.6,0.0,0.0,0.0,Winter,No Holiday,Yes
365,16/12/2017,3.828641396489095,5,-5.6,72,2.0,662,-9.8,0.0,0.0,0.0,Winter,No Holiday,Yes
366,16/12/2017,4.204692619390966,6,-6.1,69,2.9,765,-10.8,0.0,0.0,0.0,Winter,No Holiday,Yes
367,16/12/2017,4.51085950651685,7,-6.7,64,2.1,977,-12.3,0.0,0.0,0.0,Winter,No Holiday,Yes
368,16/12/2017,5.25227342804663,8,-7.3,62,2.6,1112,-13.3,0.0,0.0,0.0,Winter,No Holiday,Yes
369,16/12/2017,5.278114659230517,9,-7.2,47,2.8,1724,-16.6,0.18,0.0,0.0,Winter,No Holiday,Yes
370,16/12/2017,5.308267697401205,10,-6.2,42,2.3,1893,-17.0,0.52,0.0,0.0,Winter,No Holiday,Yes
371,16/12/2017,5.480638923341991,11,-5.2,30,4.0,1991,-20.1,0.86,0.0,0.0,Winter,No Holiday,Yes
372,16/12/2017,5.53338948872752,12,-4.1,28,3.8,1998,-19.9,1.08,0.0,0.0,Winter,No Holiday,Yes
373,16/12/2017,5.6937321388027,13,-3.7,23,4.0,1980,-21.8,1.12,0.0,0.0,Winter,No Holiday,Yes
374,16/12/2017,5.680172609017068,14,-3.4,22,4.3,1966,-22.1,1.07,0.0,0.0,Winter,No Holiday,Yes
375,16/12/2017,5.676753802268282,15,-3.3,22,5.0,2000,-22.0,0.86,0.0,0.0,Winter,No Holiday,Yes
376,16/12/2017,5.556828061699537,16,-3.3,24,3.5,2000,-21.0,0.54,0.0,0.0,Winter,No Holiday,Yes
377,16/12/2017,5.627621113690637,17,-4.6,26,2.6,2000,-21.2,0.17,0.0,0.0,Winter,No Holiday,Yes
378,16/12/2017,5.3612921657094255,18,-5.3,28,3.5,2000,-21.0,0.0,0.0,0.0,Winter,No Holiday,Yes
379,16/12/2017,5.159055299214529,19,-6.0,32,2.4,2000,-20.0,0.0,0.0,0.0,Winter,No Holiday,Yes
380,16/12/2017,4.969813299576001,20,-6.6,37,3.4,2000,-18.9,0.0,0.0,0.0,Winter,No Holiday,Yes
381,16/12/2017,5.075173815233827,21,-7.1,39,3.2,2000,-18.7,0.0,0.0,0.0,Winter,No Holiday,Yes
382,16/12/2017,5.049856007249537,22,-7.6,41,1.6,2000,-18.6,0.0,0.0,0.0,Winter,No Holiday,Yes
383,16/12/2017,4.962844630259907,23,-8.0,41,2.2,2000,-18.9,0.0,0.0,0.0,Winter,No Holiday,Yes
384,17/12/2017,5.170483995038151,0,-8.1,41,2.0,2000,-19.0,0.0,0.0,0.0,Winter,No Holiday,Yes
385,17/12/2017,4.990432586778736,1,-8.4,40,1.6,2000,-19.6,0.0,0.0,0.0,Winter,No Holiday,Yes
386,17/12/2017,4.890349128221754,2,-8.7,40,2.8,2000,-19.8,0.0,0.0,0.0,Winter,No Holiday,Yes
387,17/12/2017,4.61512051684126,3,-9.0,40,3.1,2000,-20.1,0.0,0.0,0.0,Winter,No Holiday,Yes
388,17/12/2017,3.7376696182833684,4,-9.5,40,1.9,2000,-20.6,0.0,0.0,0.0,Winter,No Holiday,Yes
389,17/12/2017,3.4657359027997265,5,-9.7,41,3.1,2000,-20.5,0.0,0.0,0.0,Winter,No Holiday,Yes
390,17/12/2017,3.6888794541139363,6,-9.9,42,2.3,2000,-20.4,0.0,0.0,0.0,Winter,No Holiday,Yes
391,17/12/2017,3.9889840465642745,7,-10.2,42,2.3,2000,-20.6,0.0,0.0,0.0,Winter,No Holiday,Yes
392,17/12/2017,4.553876891600541,8,-10.7,43,0.9,2000,-20.8,0.0,0.0,0.0,Winter,No Holiday,Yes
393,17/12/2017,4.812184355372417,9,-10.5,38,1.1,1950,-22.1,0.19,0.0,0.0,Winter,No Holiday,Yes
394,17/12/2017,4.962844630259907,10,-8.5,31,1.5,1997,-22.6,0.58,0.0,0.0,Winter,No Holiday,Yes
395,17/12/2017,5.247024072160486,11,-7.2,29,1.8,1926,-22.2,0.88,0.0,0.0,Winter,No Holiday,Yes
396,17/12/2017,5.37989735354046,12,-4.9,25,2.6,1966,-21.9,1.08,0.0,0.0,Winter,No Holiday,Yes
397,17/12/2017,5.4116460518550396,13,-4.5,25,3.2,1989,-21.6,1.14,0.0,0.0,Winter,No Holiday,Yes
398,17/12/2017,5.594711379601839,14,-3.2,26,3.1,1933,-20.0,1.07,0.0,0.0,Winter,No Holiday,Yes
399,17/12/2017,5.631211781821365,15,-2.5,28,2.0,2000,-18.5,0.85,0.0,0.0,Winter,No Holiday,Yes
400,17/12/2017,5.54907608489522,16,-2.7,31,2.3,2000,-17.5,0.54,0.0,0.0,Winter,No Holiday,Yes
401,17/12/2017,5.58724865840025,17,-3.8,35,2.4,2000,-17.0,0.17,0.0,0.0,Winter,No Holiday,Yes
402,17/12/2017,5.3230099791384085,18,-4.7,37,1.8,2000,-17.2,0.01,0.0,0.0,Winter,No Holiday,Yes
403,17/12/2017,5.062595033026967,19,-5.6,39,1.1,2000,-17.3,0.0,0.0,0.0,Winter,No Holiday,Yes
404,17/12/2017,5.117993812416755,20,-6.0,42,0.8,2000,-16.8,0.0,0.0,0.0,Winter,No Holiday,Yes
405,17/12/2017,5.1298987149230735,21,-6.5,45,0.7,2000,-16.4,0.0,0.0,0.0,Winter,No Holiday,Yes
406,17/12/2017,5.153291594497779,22,-6.6,50,0.6,1990,-15.3,0.0,0.0,0.0,Winter,No Holiday,Yes
407,17/12/2017,4.9344739331306915,23,-6.9,53,0.7,2000,-14.8,0.0,0.0,0.0,Winter,No Holiday,Yes
408,18/12/2017,5.0238805208462765,0,-5.9,50,0.6,2000,-14.6,0.0,0.0,0.0,Winter,No Holiday,Yes
409,18/12/2017,4.584967478670572,1,-5.3,48,0.4,1664,-14.6,0.0,0.0,0.0,Winter,No Holiday,Yes
410,18/12/2017,3.6635616461296463,2,-5.0,65,0.4,990,-10.5,0.0,0.0,0.2,Winter,No Holiday,Yes
411,18/12/2017,3.4965075614664802,3,-5.3,76,1.0,767,-8.8,0.0,0.3,0.5,Winter,No Holiday,Yes
412,18/12/2017,3.4011973816621555,4,-5.4,81,0.7,270,-8.1,0.0,0.0,0.7,Winter,No Holiday,Yes
413,18/12/2017,3.332204510175204,5,-5.3,81,0.9,923,-8.0,0.0,0.0,0.8,Winter,No Holiday,Yes
414,18/12/2017,3.828641396489095,6,-5.2,85,0.9,271,-7.3,0.0,0.4,1.3,Winter,No Holiday,Yes
415,18/12/2017,4.574710978503383,7,-5.0,85,0.7,186,-7.1,0.0,0.0,1.8,Winter,No Holiday,Yes
416,18/12/2017,4.990432586778736,8,-4.6,86,1.2,508,-6.5,0.0,0.0,2.0,Winter,No Holiday,Yes
417,18/12/2017,3.970291913552122,9,-4.3,89,1.0,59,-5.8,0.0,1.6,4.0,Winter,No Holiday,Yes
418,18/12/2017,3.6109179126442243,10,-3.7,87,1.0,541,-5.5,0.03,0.0,4.8,Winter,No Holiday,Yes
419,18/12/2017,3.8066624897703196,11,-2.9,85,1.2,243,-5.0,0.06,0.0,4.8,Winter,No Holiday,Yes
420,18/12/2017,4.143134726391533,12,-1.8,83,1.2,351,-4.3,0.09,1.1,5.1,Winter,No Holiday,Yes
421,18/12/2017,4.343805421853684,13,-0.9,84,1.2,333,-3.2,0.09,0.0,5.0,Winter,No Holiday,Yes
422,18/12/2017,4.762173934797756,14,0.5,76,0.9,364,-3.2,0.17,0.0,4.2,Winter,No Holiday,Yes
423,18/12/2017,4.927253685157205,15,1.6,73,0.9,421,-2.7,0.6,0.0,3.2,Winter,No Holiday,Yes
424,18/12/2017,5.204006687076795,16,1.8,76,0.8,410,-1.9,0.47,0.0,2.7,Winter,No Holiday,Yes
425,18/12/2017,5.170483995038151,17,0.4,84,0.8,317,-1.9,0.15,0.0,2.7,Winter,No Holiday,Yes
426,18/12/2017,5.641907070938114,18,0.0,88,0.6,277,-1.7,0.0,0.0,2.7,Winter,No Holiday,Yes
427,18/12/2017,5.293304824724492,19,1.3,65,1.1,1122,-4.5,0.0,0.0,2.7,Winter,No Holiday,Yes
428,18/12/2017,5.111987788356544,20,3.3,65,3.2,1172,-2.6,0.0,0.0,2.7,Winter,No Holiday,Yes
429,18/12/2017,5.003946305945459,21,2.8,73,2.4,831,-1.5,0.0,0.0,2.6,Winter,No Holiday,Yes
430,18/12/2017,5.081404364984463,22,1.5,82,2.4,537,-1.2,0.0,0.0,2.6,Winter,No Holiday,Yes
431,18/12/2017,4.859812404361672,23,0.1,81,2.9,551,-2.7,0.0,0.0,2.6,Winter,No Holiday,Yes
432,19/12/2017,4.812184355372417,0,-1.0,73,2.3,881,-5.2,0.0,0.0,2.6,Winter,No Holiday,Yes
433,19/12/2017,4.812184355372417,1,-2.0,72,0.8,979,-6.3,0.0,0.0,2.6,Winter,No Holiday,Yes
434,19/12/2017,4.543294782270004,2,-2.7,72,0.9,990,-7.0,0.0,0.0,2.6,Winter,No Holiday,Yes
435,19/12/2017,4.02535169073515,3,-2.8,58,1.6,1315,-9.9,0.0,0.0,2.6,Winter,No Holiday,Yes
436,19/12/2017,3.6888794541139363,4,-2.9,59,1.8,1286,-9.8,0.0,0.0,2.6,Winter,No Holiday,Yes
437,19/12/2017,4.02535169073515,5,-3.9,66,0.7,1209,-9.3,0.0,0.0,2.6,Winter,No Holiday,Yes
438,19/12/2017,4.3694478524670215,6,-4.3,70,1.6,1169,-8.9,0.0,0.0,2.6,Winter,No Holiday,Yes
439,19/12/2017,5.111987788356544,7,-4.4,64,2.8,1367,-10.1,0.0,0.0,2.6,Winter,No Holiday,Yes
440,19/12/2017,5.968707559985366,8,-5.2,58,2.2,1594,-12.1,0.0,0.0,2.5,Winter,No Holiday,Yes
441,19/12/2017,5.298317366548036,9,-5.3,48,2.6,1810,-14.6,0.18,0.0,2.5,Winter,No Holiday,Yes
442,19/12/2017,5.0238805208462765,10,-4.6,41,2.8,1815,-15.8,0.57,0.0,2.5,Winter,No Holiday,Yes
443,19/12/2017,5.1647859739235145,11,-3.5,35,2.2,1742,-16.7,0.87,0.0,2.5,Winter,No Holiday,Yes
444,19/12/2017,5.2574953720277815,12,-2.5,31,2.6,1778,-17.3,1.08,0.0,2.3,Winter,No Holiday,Yes
445,19/12/2017,5.247024072160486,13,-2.2,25,3.2,1970,-19.6,1.17,0.0,2.2,Winter,No Holiday,Yes
446,19/12/2017,5.187385805840755,14,-2.2,23,3.7,1971,-20.5,1.09,0.0,2.2,Winter,No Holiday,Yes
447,19/12/2017,5.278114659230517,15,-1.3,26,3.0,2000,-18.3,0.91,0.0,2.1,Winter,No Holiday,Yes
448,19/12/2017,5.356586274672012,16,-1.8,31,3.1,1993,-16.7,0.56,0.0,2.0,Winter,No Holiday,Yes
449,19/12/2017,5.54907608489522,17,-2.7,35,1.8,2000,-16.0,0.18,0.0,2.0,Winter,No Holiday,Yes
450,19/12/2017,5.953243334287785,18,-3.8,42,3.3,2000,-14.8,0.0,0.0,2.0,Winter,No Holiday,Yes
451,19/12/2017,5.6240175061873385,19,-4.5,51,2.0,2000,-13.1,0.0,0.0,2.0,Winter,No Holiday,Yes
452,19/12/2017,5.420534999272286,20,-4.9,55,2.0,2000,-12.5,0.0,0.0,2.0,Winter,No Holiday,Yes
453,19/12/2017,5.41610040220442,21,-5.0,57,1.9,2000,-12.2,0.0,0.0,2.0,Winter,No Holiday,Yes
454,19/12/2017,5.365976015021851,22,-5.5,56,1.5,2000,-12.9,0.0,0.0,2.0,Winter,No Holiday,Yes
455,19/12/2017,5.0106352940962555,23,-5.8,57,1.7,2000,-12.9,0.0,0.0,2.0,Winter,No Holiday,Yes
456,20/12/2017,4.962844630259907,0,-6.5,63,1.5,1666,-12.3,0.0,0.0,2.0,Winter,No Holiday,Yes
457,20/12/2017,5.153291594497779,1,-7.3,67,1.1,1593,-12.3,0.0,0.0,2.0,Winter,No Holiday,Yes
458,20/12/2017,4.6913478822291435,2,-7.8,68,0.9,1642,-12.6,0.0,0.0,2.0,Winter,No Holiday,Yes
459,20/12/2017,4.276666119016055,3,-8.1,70,1.3,1557,-12.6,0.0,0.0,2.0,Winter,No Holiday,Yes
460,20/12/2017,3.6635616461296463,4,-8.5,73,1.0,1723,-12.4,0.0,0.0,2.0,Winter,No Holiday,Yes
461,20/12/2017,4.04305126783455,5,-8.3,67,0.9,1566,-13.3,0.0,0.0,2.0,Winter,No Holiday,Yes
462,20/12/2017,4.584967478670572,6,-8.2,66,0.9,1718,-13.4,0.0,0.0,2.0,Winter,No Holiday,Yes
463,20/12/2017,5.365976015021851,7,-8.1,67,0.9,1737,-13.1,0.0,0.0,2.0,Winter,No Holiday,Yes
464,20/12/2017,6.1463292576688975,8,-7.8,65,1.1,1738,-13.2,0.0,0.0,2.0,Winter,No Holiday,Yes
465,20/12/2017,5.480638923341991,9,-6.7,62,1.1,1749,-12.7,0.09,0.0,2.0,Winter,No Holiday,Yes
466,20/12/2017,5.093750200806762,10,-5.4,56,1.1,1751,-12.8,0.28,0.0,2.0,Winter,No Holiday,Yes
467,20/12/2017,5.3230099791384085,11,-4.2,51,1.1,1772,-12.8,0.4,0.0,1.9,Winter,No Holiday,Yes
468,20/12/2017,5.3471075307174685,12,-3.2,49,1.3,1723,-12.4,0.53,0.0,1.9,Winter,No Holiday,Yes
469,20/12/2017,5.43372200355424,13,-1.3,43,1.0,1777,-12.3,0.8,0.0,1.7,Winter,No Holiday,Yes
470,20/12/2017,5.497168225293202,14,-0.5,44,1.0,1793,-11.2,0.71,0.0,1.7,Winter,No Holiday,Yes
471,20/12/2017,5.484796933490655,15,-0.2,45,1.0,1852,-10.7,0.41,0.0,1.6,Winter,No Holiday,Yes
472,20/12/2017,5.420534999272286,16,-0.5,48,1.1,1722,-10.1,0.12,0.0,1.6,Winter,No Holiday,Yes
473,20/12/2017,5.472270673671475,17,-0.9,70,1.1,299,-5.6,0.02,0.0,2.2,Winter,No Holiday,Yes
474,20/12/2017,5.799092654460526,18,-1.4,79,1.6,702,-4.5,0.0,0.1,2.2,Winter,No Holiday,Yes
475,20/12/2017,5.25227342804663,19,-1.5,81,1.8,751,-4.3,0.0,0.0,2.2,Winter,No Holiday,Yes
476,20/12/2017,5.111987788356544,20,-1.9,86,0.9,700,-3.9,0.0,0.0,2.4,Winter,No Holiday,Yes
477,20/12/2017,5.288267030694535,21,-2.0,83,1.2,904,-4.5,0.0,0.1,2.4,Winter,No Holiday,Yes
478,20/12/2017,5.220355825078324,22,-1.6,82,0.4,929,-4.2,0.0,0.0,2.3,Winter,No Holiday,Yes
479,20/12/2017,5.0369526024136295,23,-1.1,87,1.4,349,-2.9,0.0,0.0,2.2,Winter,No Holiday,Yes
480,21/12/2017,5.117993812416755,0,-1.3,90,2.0,259,-2.7,0.0,0.0,2.2,Winter,No Holiday,Yes
481,21/12/2017,5.247024072160486,1,-1.8,90,1.6,263,-3.2,0.0,0.0,2.2,Winter,No Holiday,Yes
482,21/12/2017,4.890349128221754,2,-2.2,88,1.4,348,-3.9,0.0,0.0,2.2,Winter,No Holiday,Yes
483,21/12/2017,4.382026634673881,3,-2.9,89,1.3,288,-4.4,0.0,0.0,2.2,Winter,No Holiday,Yes
484,21/12/2017,4.07753744390572,4,-3.6,91,1.2,241,-4.8,0.0,0.0,2.2,Winter,No Holiday,Yes
485,21/12/2017,3.912023005428146,5,-4.3,91,1.5,233,-5.5,0.0,0.0,2.2,Winter,No Holiday,Yes
486,21/12/2017,4.442651256490317,6,-4.8,91,1.1,266,-6.0,0.0,0.0,2.2,Winter,No Holiday,Yes
487,21/12/2017,5.187385805840755,7,-5.3,90,1.1,311,-6.6,0.0,0.0,2.2,Winter,No Holiday,Yes
488,21/12/2017,6.049733455231958,8,-5.6,89,0.9,371,-7.1,0.0,0.0,2.2,Winter,No Holiday,Yes
489,21/12/2017,5.583496308781699,9,-5.3,88,0.4,463,-6.9,0.21,0.0,2.2,Winter,No Holiday,Yes
490,21/12/2017,5.135798437050262,10,-3.0,71,0.7,608,-7.5,0.67,0.0,2.1,Winter,No Holiday,Yes
491,21/12/2017,5.497168225293202,11,-0.7,62,0.7,519,-7.0,0.77,0.0,2.0,Winter,No Holiday,Yes
492,21/12/2017,5.673323267171493,12,1.9,40,2.0,1835,-10.3,1.04,0.0,1.9,Winter,No Holiday,Yes
493,21/12/2017,5.655991810819852,13,3.2,42,1.8,1349,-8.5,1.08,0.0,1.8,Winter,No Holiday,Yes
494,21/12/2017,5.545177444479562,14,4.3,47,2.3,953,-6.0,0.96,0.0,1.6,Winter,No Holiday,Yes
495,21/12/2017,5.75890177387728,15,4.4,46,1.4,1113,-6.2,0.78,0.0,1.0,Winter,No Holiday,Yes
496,21/12/2017,5.71042701737487,16,4.1,51,1.8,1112,-5.1,0.48,0.0,0.9,Winter,No Holiday,Yes
497,21/12/2017,5.905361848054571,17,2.9,60,1.3,1193,-4.1,0.16,0.0,0.8,Winter,No Holiday,Yes
498,21/12/2017,6.2766434893416445,18,1.7,64,1.3,1140,-4.3,0.0,0.0,0.8,Winter,No Holiday,Yes
499,21/12/2017,5.87493073085203,19,0.8,71,0.9,923,-3.8,0.0,0.0,0.8,Winter,No Holiday,Yes
500,21/12/2017,5.666426688112432,20,0.2,72,0.7,990,-4.2,0.0,0.0,0.8,Winter,No Holiday,Yes
501,21/12/2017,5.517452896464707,21,-0.4,74,0.6,1065,-4.4,0.0,0.0,0.8,Winter,No Holiday,Yes
502,21/12/2017,5.53338948872752,22,-1.1,78,0.6,865,-4.4,0.0,0.0,0.8,Winter,No Holiday,Yes
503,21/12/2017,5.3612921657094255,23,-1.5,79,0.6,821,-4.6,0.0,0.0,0.8,Winter,No Holiday,Yes
504,22/12/2017,5.2832037287379885,0,-1.7,79,0.5,794,-4.8,0.0,0.0,0.8,Winter,Holiday,Yes
505,22/12/2017,5.5254529391317835,1,-1.6,79,0.6,784,-4.7,0.0,0.0,0.8,Winter,Holiday,Yes
506,22/12/2017,5.087596335232384,2,-1.1,79,0.7,736,-4.2,0.0,0.0,0.8,Winter,Holiday,Yes
507,22/12/2017,4.605170185988092,3,-0.6,76,0.5,789,-4.3,0.0,0.0,0.7,Winter,Holiday,Yes
508,22/12/2017,4.174387269895637,4,-0.3,76,0.9,760,-4.0,0.0,0.0,0.7,Winter,Holiday,Yes
509,22/12/2017,4.343805421853684,5,-0.2,73,0.8,880,-4.4,0.0,0.0,0.7,Winter,Holiday,Yes
510,22/12/2017,4.74493212836325,6,-0.1,71,0.8,895,-4.7,0.0,0.0,0.7,Winter,Holiday,Yes
511,22/12/2017,5.648974238161206,7,-0.3,72,0.7,919,-4.7,0.0,0.0,0.7,Winter,Holiday,Yes
512,22/12/2017,6.300785794663244,8,-0.4,69,0.5,904,-5.4,0.0,0.0,0.7,Winter,Holiday,Yes
513,22/12/2017,5.700443573390687,9,0.3,67,0.7,897,-5.1,0.03,0.0,0.6,Winter,Holiday,Yes
514,22/12/2017,5.517452896464707,10,1.4,64,1.0,897,-4.6,0.25,0.0,0.5,Winter,Holiday,Yes
515,22/12/2017,5.631211781821365,11,3.1,57,0.8,804,-4.6,0.63,0.0,0.0,Winter,Holiday,Yes
516,22/12/2017,5.71042701737487,12,4.5,56,0.8,836,-3.5,0.71,0.0,0.0,Winter,Holiday,Yes
517,22/12/2017,5.771441123130016,13,5.4,55,1.2,820,-2.9,0.66,0.0,0.0,Winter,Holiday,Yes
518,22/12/2017,5.7899601708972535,14,5.9,55,0.6,779,-2.4,0.48,0.0,0.0,Winter,Holiday,Yes
519,22/12/2017,5.958424693029782,15,6.5,55,0.9,801,-1.9,0.38,0.0,0.0,Winter,Holiday,Yes
520,22/12/2017,6.0330862217988015,16,6.0,58,0.7,732,-1.6,0.19,0.0,0.0,Winter,Holiday,Yes
521,22/12/2017,6.169610732491456,17,5.4,61,1.3,691,-1.5,0.08,0.0,0.0,Winter,Holiday,Yes
522,22/12/2017,6.51025834052315,18,4.9,63,0.6,677,-1.5,0.0,0.0,0.0,Winter,Holiday,Yes
523,22/12/2017,6.1779441140506,19,5.2,64,0.7,691,-1.0,0.0,0.0,0.0,Winter,Holiday,Yes
524,22/12/2017,5.780743515792329,20,5.9,67,1.3,779,0.2,0.0,0.0,0.0,Winter,Holiday,Yes
525,22/12/2017,5.736572297479192,21,6.1,70,2.2,763,1.0,0.0,0.0,0.0,Winter,Holiday,Yes
526,22/12/2017,5.752572638825633,22,6.1,70,2.7,806,1.0,0.0,0.0,0.0,Winter,Holiday,Yes
527,22/12/2017,5.521460917862246,23,5.8,74,2.5,832,1.5,0.0,0.0,0.0,Winter,Holiday,Yes
528,23/12/2017,5.645446897643238,0,5.8,75,1.9,788,1.7,0.0,0.0,0.0,Winter,No Holiday,Yes
529,23/12/2017,5.823045895483019,1,5.7,75,1.7,706,1.6,0.0,0.0,0.0,Winter,No Holiday,Yes
530,23/12/2017,5.746203190540153,2,5.6,76,1.6,641,1.6,0.0,0.0,0.0,Winter,No Holiday,Yes
531,23/12/2017,5.442417710521793,3,5.4,77,1.6,583,1.6,0.0,0.0,0.0,Winter,No Holiday,Yes
532,23/12/2017,4.795790545596741,4,5.3,79,0.9,506,1.9,0.0,0.0,0.0,Winter,No Holiday,Yes
533,23/12/2017,4.0943445622221,5,5.0,81,1.2,425,2.0,0.0,0.0,0.0,Winter,No Holiday,Yes
534,23/12/2017,4.1588830833596715,6,5.1,81,1.3,375,2.1,0.0,0.0,0.0,Winter,No Holiday,Yes
535,23/12/2017,4.605170185988092,7,5.1,82,0.7,334,2.2,0.0,0.0,0.0,Winter,No Holiday,Yes
536,23/12/2017,5.241747015059643,8,5.1,83,0.9,297,2.4,0.0,0.0,0.0,Winter,No Holiday,Yes
537,23/12/2017,5.480638923341991,9,5.2,84,0.7,226,2.7,0.03,0.0,0.0,Winter,No Holiday,Yes
538,23/12/2017,5.4638318050256105,10,5.4,82,1.2,215,2.5,0.13,0.0,0.0,Winter,No Holiday,Yes
539,23/12/2017,5.645446897643238,11,5.7,81,1.1,192,2.6,0.18,0.0,0.0,Winter,No Holiday,Yes
540,23/12/2017,5.786897381366708,12,7.0,72,1.9,246,2.2,0.64,0.0,0.0,Winter,No Holiday,Yes
541,23/12/2017,6.049733455231958,13,7.7,68,1.0,249,2.1,0.58,0.0,0.0,Winter,No Holiday,Yes
542,23/12/2017,6.0063531596017325,14,8.6,63,1.6,263,1.9,0.72,0.0,0.0,Winter,No Holiday,Yes
543,23/12/2017,6.095824562432225,15,8.6,64,1.5,269,2.1,0.57,0.0,0.0,Winter,No Holiday,Yes
544,23/12/2017,6.161207321695077,16,8.2,64,1.0,281,1.7,0.32,0.0,0.0,Winter,No Holiday,Yes
545,23/12/2017,6.118097198041348,17,7.7,67,0.9,264,1.9,0.11,0.0,0.0,Winter,No Holiday,Yes
546,23/12/2017,5.831882477283517,18,6.6,73,0.4,229,2.0,0.0,0.0,0.0,Winter,No Holiday,Yes
547,23/12/2017,5.564520407322694,19,6.0,76,1.1,219,2.0,0.0,0.0,0.0,Winter,No Holiday,Yes
548,23/12/2017,5.556828061699537,20,5.9,75,1.5,222,1.7,0.0,0.0,0.0,Winter,No Holiday,Yes
549,23/12/2017,5.634789603169249,21,5.6,77,0.9,212,1.8,0.0,0.0,0.0,Winter,No Holiday,Yes
550,23/12/2017,5.645446897643238,22,5.3,79,0.6,200,1.9,0.0,0.0,0.0,Winter,No Holiday,Yes
551,23/12/2017,5.472270673671475,23,5.5,80,0.6,185,2.3,0.0,0.0,0.0,Winter,No Holiday,Yes
552,24/12/2017,5.58724865840025,0,5.6,78,0.6,196,2.0,0.0,0.0,0.0,Winter,Holiday,Yes
553,24/12/2017,5.529429087511423,1,5.6,78,0.5,197,2.0,0.0,0.0,0.0,Winter,Holiday,Yes
554,24/12/2017,5.2832037287379885,2,5.4,80,0.9,190,2.2,0.0,0.0,0.0,Winter,Holiday,Yes
555,24/12/2017,5.0106352940962555,3,5.2,82,0.8,190,2.3,0.0,0.0,0.0,Winter,Holiday,Yes
556,24/12/2017,4.382026634673881,4,5.2,82,0.7,189,2.3,0.0,0.0,0.0,Winter,Holiday,Yes
557,24/12/2017,3.8066624897703196,5,5.1,82,0.6,185,2.2,0.0,0.0,0.0,Winter,Holiday,Yes
558,24/12/2017,2.5649493574615367,6,4.9,84,1.3,159,2.4,0.0,0.1,0.0,Winter,Holiday,Yes
559,24/12/2017,1.3862943611198906,7,4.7,89,1.1,100,3.0,0.0,0.0,0.0,Winter,Holiday,Yes
560,24/12/2017,1.6094379124341003,8,4.6,91,1.7,95,3.2,0.0,0.0,0.0,Winter,Holiday,Yes
561,24/12/2017,1.3862943611198906,9,4.6,94,0.9,90,3.7,0.0,6.4,0.0,Winter,Holiday,Yes
562,24/12/2017,1.6094379124341003,10,4.8,96,0.6,87,4.2,0.04,0.0,0.0,Winter,Holiday,Yes
563,24/12/2017,2.302585092994046,11,4.6,95,0.8,156,3.8,0.05,0.0,0.0,Winter,Holiday,Yes
564,24/12/2017,1.6094379124341003,12,4.1,91,0.8,404,2.7,0.07,9.5,0.0,Winter,Holiday,Yes
565,24/12/2017,2.0794415416798357,13,3.7,90,0.7,744,2.2,0.15,0.0,0.0,Winter,Holiday,Yes
566,24/12/2017,3.367295829986474,14,3.3,90,2.5,561,1.8,0.19,0.0,0.0,Winter,Holiday,Yes
567,24/12/2017,3.6635616461296463,15,2.9,90,2.0,380,1.4,0.08,3.5,0.0,Winter,Holiday,Yes
568,24/12/2017,4.007333185232471,16,2.3,91,3.3,270,0.9,0.07,0.0,0.0,Winter,Holiday,Yes
569,24/12/2017,4.653960350157523,17,2.2,86,2.6,605,0.0,0.04,0.0,0.0,Winter,Holiday,Yes
570,24/12/2017,4.859812404361672,18,1.9,82,4.3,699,-0.8,0.01,0.5,0.0,Winter,Holiday,Yes
571,24/12/2017,4.890349128221754,19,1.1,68,4.4,695,-4.1,0.0,0.0,0.0,Winter,Holiday,Yes
572,24/12/2017,4.762173934797756,20,0.6,67,3.3,506,-4.8,0.0,0.0,0.0,Winter,Holiday,Yes
573,24/12/2017,4.983606621708336,21,0.4,69,3.5,477,-4.6,0.0,0.0,0.0,Winter,Holiday,Yes
574,24/12/2017,4.709530201312334,22,0.2,69,2.7,565,-4.8,0.0,0.0,0.0,Winter,Holiday,Yes
575,24/12/2017,4.859812404361672,23,0.0,63,3.2,884,-6.2,0.0,0.0,0.0,Winter,Holiday,Yes
576,25/12/2017,5.081404364984463,0,-0.6,64,2.4,1010,-6.5,0.0,0.0,0.0,Winter,Holiday,Yes
577,25/12/2017,4.890349128221754,1,-1.2,57,4.3,1429,-8.6,0.0,0.0,0.0,Winter,Holiday,Yes
578,25/12/2017,4.7535901911063645,2,-1.8,53,4.1,1825,-10.1,0.0,0.0,0.0,Winter,Holiday,Yes
579,25/12/2017,4.61512051684126,3,-2.3,52,3.4,1947,-10.8,0.0,0.0,0.0,Winter,Holiday,Yes
580,25/12/2017,4.290459441148391,4,-3.0,51,3.2,2000,-11.7,0.0,0.0,0.0,Winter,Holiday,Yes
581,25/12/2017,3.4965075614664802,5,-3.7,51,2.6,2000,-12.3,0.0,0.0,0.0,Winter,Holiday,Yes
582,25/12/2017,4.0943445622221,6,-4.1,50,3.0,2000,-13.0,0.0,0.0,0.0,Winter,Holiday,Yes
583,25/12/2017,4.127134385045092,7,-4.6,46,2.8,2000,-14.4,0.0,0.0,0.0,Winter,Holiday,Yes
584,25/12/2017,4.553876891600541,8,-4.9,44,3.0,2000,-15.3,0.0,0.0,0.0,Winter,Holiday,Yes
585,25/12/2017,4.68213122712422,9,-4.6,40,3.5,2000,-16.1,0.18,0.0,0.0,Winter,Holiday,Yes
586,25/12/2017,4.897839799950911,10,-3.7,35,3.7,1937,-16.9,0.57,0.0,0.0,Winter,Holiday,Yes
587,25/12/2017,5.19295685089021,11,-2.8,35,2.9,1984,-16.1,0.87,0.0,0.0,Winter,Holiday,Yes
588,25/12/2017,5.402677381872279,12,-1.6,33,2.5,1874,-15.8,1.18,0.0,0.0,Winter,Holiday,Yes
589,25/12/2017,5.501258210544727,13,-1.5,33,3.8,2000,-15.7,1.18,0.0,0.0,Winter,Holiday,Yes
590,25/12/2017,5.616771097666572,14,-0.4,31,2.0,2000,-15.5,1.1,0.0,0.0,Winter,Holiday,Yes
591,25/12/2017,5.768320995793772,15,0.4,28,2.5,2000,-16.0,0.9,0.0,0.0,Winter,Holiday,Yes
592,25/12/2017,5.60947179518496,16,0.4,27,2.0,2000,-16.4,0.58,0.0,0.0,Winter,Holiday,Yes
593,25/12/2017,5.564520407322694,17,-0.7,29,2.0,2000,-16.5,0.21,0.0,0.0,Winter,Holiday,Yes
594,25/12/2017,5.472270673671475,18,-1.6,33,2.0,2000,-15.8,0.0,0.0,0.0,Winter,Holiday,Yes
595,25/12/2017,5.220355825078324,19,-1.8,41,2.1,2000,-13.3,0.0,0.0,0.0,Winter,Holiday,Yes
596,25/12/2017,5.204006687076795,20,-2.1,49,1.7,2000,-11.4,0.0,0.0,0.0,Winter,Holiday,Yes
597,25/12/2017,5.225746673713202,21,-1.7,51,1.7,2000,-10.5,0.0,0.0,0.0,Winter,Holiday,Yes
598,25/12/2017,5.176149732573829,22,-1.3,53,1.7,2000,-9.6,0.0,0.0,0.0,Winter,Holiday,Yes
599,25/12/2017,5.135798437050262,23,-1.0,55,1.9,2000,-8.9,0.0,0.0,0.0,Winter,Holiday,Yes
600,26/12/2017,5.187385805840755,0,-1.4,58,1.0,1880,-8.6,0.0,0.0,0.0,Winter,No Holiday,Yes
601,26/12/2017,4.852030263919617,1,-1.5,62,1.3,2000,-7.8,0.0,0.0,0.0,Winter,No Holiday,Yes
602,26/12/2017,4.454347296253507,2,-2.1,69,1.0,1995,-7.0,0.0,0.0,0.0,Winter,No Holiday,Yes
603,26/12/2017,4.290459441148391,3,-2.6,70,1.0,1992,-7.3,0.0,0.0,0.0,Winter,No Holiday,Yes
604,26/12/2017,3.912023005428146,4,-2.6,72,1.4,1929,-6.9,0.0,0.0,0.0,Winter,No Holiday,Yes
605,26/12/2017,4.189654742026425,5,-2.9,77,0.8,1833,-6.3,0.0,0.0,0.0,Winter,No Holiday,Yes
606,26/12/2017,4.795790545596741,6,-2.8,73,0.7,1906,-6.9,0.0,0.0,0.0,Winter,No Holiday,Yes
607,26/12/2017,5.6937321388027,7,-2.9,73,1.9,1911,-7.0,0.0,0.0,0.0,Winter,No Holiday,Yes
608,26/12/2017,6.361302477572996,8,-2.7,68,2.2,1919,-7.7,0.0,0.0,0.0,Winter,No Holiday,Yes
609,26/12/2017,5.683579767338681,9,-2.8,52,2.9,1895,-11.3,0.16,0.0,0.0,Winter,No Holiday,Yes
610,26/12/2017,5.198497031265826,10,-2.2,36,4.1,1930,-15.2,0.53,0.0,0.0,Winter,No Holiday,Yes
611,26/12/2017,5.5254529391317835,11,-2.1,28,4.9,1887,-18.2,0.87,0.0,0.0,Winter,No Holiday,Yes
612,26/12/2017,5.572154032177765,12,-1.3,23,4.0,2000,-19.8,1.09,0.0,0.0,Winter,No Holiday,Yes
613,26/12/2017,5.572154032177765,13,-2.0,15,4.7,1970,-25.2,1.18,0.0,0.0,Winter,No Holiday,Yes
614,26/12/2017,5.605802066295998,14,-1.6,20,4.3,2000,-21.6,1.11,0.0,0.0,Winter,No Holiday,Yes
615,26/12/2017,5.5093883366279774,15,-1.9,17,5.0,2000,-23.7,0.93,0.0,0.0,Winter,No Holiday,Yes
616,26/12/2017,5.645446897643238,16,-1.9,17,3.3,2000,-23.7,0.61,0.0,0.0,Winter,No Holiday,Yes
617,26/12/2017,5.860786223465865,17,-3.6,20,3.7,2000,-23.3,0.23,0.0,0.0,Winter,No Holiday,Yes
618,26/12/2017,6.1779441140506,18,-4.7,23,3.4,2000,-22.7,0.01,0.0,0.0,Winter,No Holiday,Yes
619,26/12/2017,5.762051382780177,19,-5.4,27,3.0,2000,-21.5,0.0,0.0,0.0,Winter,No Holiday,Yes
620,26/12/2017,5.53338948872752,20,-6.1,32,4.7,2000,-20.1,0.0,0.0,0.0,Winter,No Holiday,Yes
621,26/12/2017,5.3981627015177525,21,-6.6,39,3.2,2000,-18.2,0.0,0.0,0.0,Winter,No Holiday,Yes
622,26/12/2017,5.365976015021851,22,-7.2,38,3.1,2000,-19.1,0.0,0.0,0.0,Winter,No Holiday,Yes
623,26/12/2017,5.056245805348308,23,-7.5,37,3.1,2000,-19.7,0.0,0.0,0.0,Winter,No Holiday,Yes
624,27/12/2017,4.897839799950911,0,-7.9,37,2.2,2000,-20.0,0.0,0.0,0.0,Winter,No Holiday,Yes
625,27/12/2017,4.962844630259907,1,-8.2,39,1.8,2000,-19.7,0.0,0.0,0.0,Winter,No Holiday,Yes
626,27/12/2017,4.543294782270004,2,-8.6,37,1.5,2000,-20.7,0.0,0.0,0.0,Winter,No Holiday,Yes
627,27/12/2017,4.406719247264253,3,-9.1,37,1.0,2000,-21.1,0.0,0.0,0.0,Winter,No Holiday,Yes
628,27/12/2017,4.02535169073515,4,-9.1,33,2.3,2000,-22.4,0.0,0.0,0.0,Winter,No Holiday,Yes
629,27/12/2017,4.204692619390966,5,-9.4,36,1.9,2000,-21.7,0.0,0.0,0.0,Winter,No Holiday,Yes
630,27/12/2017,4.663439094112067,6,-9.8,37,1.7,2000,-21.7,0.0,0.0,0.0,Winter,No Holiday,Yes
631,27/12/2017,5.572154032177765,7,-10.1,38,2.3,2000,-21.7,0.0,0.0,0.0,Winter,No Holiday,Yes
632,27/12/2017,6.220590170099739,8,-10.2,35,1.8,2000,-22.7,0.0,0.0,0.0,Winter,No Holiday,Yes
633,27/12/2017,5.634789603169249,9,-9.8,33,2.0,1997,-23.0,0.17,0.0,0.0,Winter,No Holiday,Yes
634,27/12/2017,4.990432586778736,10,-8.5,29,2.4,1992,-23.4,0.56,0.0,0.0,Winter,No Holiday,Yes
635,27/12/2017,5.365976015021851,11,-6.8,28,2.1,1986,-22.3,0.88,0.0,0.0,Winter,No Holiday,Yes
636,27/12/2017,5.442417710521793,12,-5.5,21,2.1,1941,-24.4,1.08,0.0,0.0,Winter,No Holiday,Yes
637,27/12/2017,5.556828061699537,13,-4.7,18,3.7,2000,-25.4,1.16,0.0,0.0,Winter,No Holiday,Yes
638,27/12/2017,5.44673737166631,14,-4.0,18,2.4,2000,-24.8,1.09,0.0,0.0,Winter,No Holiday,Yes
639,27/12/2017,5.43372200355424,15,-3.1,16,2.2,2000,-25.4,0.9,0.0,0.0,Winter,No Holiday,Yes
640,27/12/2017,5.598421958998375,16,-3.2,23,2.7,2000,-21.4,0.57,0.0,0.0,Winter,No Holiday,Yes
641,27/12/2017,5.752572638825633,17,-4.2,26,2.2,2000,-20.8,0.2,0.0,0.0,Winter,No Holiday,Yes
642,27/12/2017,6.1463292576688975,18,-5.2,32,2.2,2000,-19.3,0.0,0.0,0.0,Winter,No Holiday,Yes
643,27/12/2017,5.755742213586912,19,-5.5,31,2.1,2000,-19.9,0.0,0.0,0.0,Winter,No Holiday,Yes
644,27/12/2017,5.572154032177765,20,-5.9,34,0.9,2000,-19.2,0.0,0.0,0.0,Winter,No Holiday,Yes
645,27/12/2017,5.493061443340548,21,-6.4,34,1.2,2000,-19.7,0.0,0.0,0.0,Winter,No Holiday,Yes
646,27/12/2017,5.497168225293202,22,-6.4,36,1.3,2000,-19.0,0.0,0.0,0.0,Winter,No Holiday,Yes
647,27/12/2017,5.37989735354046,23,-6.3,39,0.9,2000,-18.0,0.0,0.0,0.0,Winter,No Holiday,Yes
648,28/12/2017,5.10594547390058,0,-6.5,41,1.7,2000,-17.6,0.0,0.0,0.0,Winter,No Holiday,Yes
649,28/12/2017,5.135798437050262,1,-6.6,39,1.4,2000,-18.2,0.0,0.0,0.0,Winter,No Holiday,Yes
650,28/12/2017,5.099866427824199,2,-6.6,34,1.8,2000,-19.8,0.0,0.0,0.0,Winter,No Holiday,Yes
651,28/12/2017,4.465908118654584,3,-6.0,32,2.5,2000,-20.0,0.0,0.0,0.0,Winter,No Holiday,Yes
652,28/12/2017,3.9318256327243257,4,-5.8,32,1.6,2000,-19.8,0.0,0.0,0.0,Winter,No Holiday,Yes
653,28/12/2017,4.127134385045092,5,-5.7,28,1.2,2000,-21.3,0.0,0.0,0.0,Winter,No Holiday,Yes
654,28/12/2017,4.6443908991413725,6,-5.5,24,0.5,2000,-22.9,0.0,0.0,0.0,Winter,No Holiday,Yes
655,28/12/2017,5.552959584921617,7,-5.0,31,0.5,2000,-19.5,0.0,0.0,0.0,Winter,No Holiday,Yes
656,28/12/2017,6.318968113746434,8,-4.7,30,0.6,2000,-19.6,0.0,0.0,0.0,Winter,No Holiday,Yes
657,28/12/2017,5.7899601708972535,9,-4.3,38,0.7,1877,-16.5,0.04,0.0,0.0,Winter,No Holiday,Yes
658,28/12/2017,5.420534999272286,10,-3.4,33,1.3,1863,-17.4,0.33,0.0,0.0,Winter,No Holiday,Yes
659,28/12/2017,5.666426688112432,11,-2.1,34,1.0,1868,-15.8,0.65,0.0,0.0,Winter,No Holiday,Yes
660,28/12/2017,5.659482215759621,12,-0.8,38,1.0,1686,-13.3,0.75,0.0,0.0,Winter,No Holiday,Yes
661,28/12/2017,5.71042701737487,13,0.8,46,1.4,1598,-9.5,0.8,0.0,0.0,Winter,No Holiday,Yes
662,28/12/2017,5.7430031878094825,14,0.8,55,1.8,1132,-7.2,0.59,0.0,0.0,Winter,No Holiday,Yes
663,28/12/2017,5.717027701406222,15,0.4,57,2.4,1179,-7.1,0.36,0.0,0.0,Winter,No Holiday,Yes
664,28/12/2017,5.968707559985366,16,0.3,57,2.3,1204,-7.2,0.19,0.0,0.0,Winter,No Holiday,Yes
665,28/12/2017,6.0112671744041615,17,0.2,58,2.0,1159,-7.1,0.08,0.0,0.0,Winter,No Holiday,Yes
666,28/12/2017,6.315358001522335,18,-0.6,62,1.6,1129,-6.9,0.0,0.0,0.0,Winter,No Holiday,Yes
667,28/12/2017,5.998936561946683,19,-0.4,62,0.9,1103,-6.8,0.0,0.0,0.0,Winter,No Holiday,Yes
668,28/12/2017,5.768320995793772,20,-0.3,62,1.3,1040,-6.7,0.0,0.0,0.0,Winter,No Holiday,Yes
669,28/12/2017,5.808142489980444,21,-0.2,62,0.6,986,-6.6,0.0,0.0,0.0,Winter,No Holiday,Yes
670,28/12/2017,5.655991810819852,22,0.0,63,1.3,968,-6.2,0.0,0.0,0.0,Winter,No Holiday,Yes
671,28/12/2017,5.564520407322694,23,0.1,63,1.1,1003,-6.1,0.0,0.0,0.0,Winter,No Holiday,Yes
672,29/12/2017,5.455321115357702,0,0.2,63,0.7,925,-6.0,0.0,0.0,0.0,Winter,No Holiday,Yes
673,29/12/2017,5.598421958998375,1,0.3,63,0.7,760,-5.9,0.0,0.0,0.0,Winter,No Holiday,Yes
674,29/12/2017,5.351858133476067,2,0.5,63,1.0,691,-5.7,0.0,0.0,0.0,Winter,No Holiday,Yes
675,29/12/2017,4.912654885736052,3,0.6,64,0.4,731,-5.4,0.0,0.0,0.0,Winter,No Holiday,Yes
676,29/12/2017,4.454347296253507,4,0.6,65,0.4,712,-5.2,0.0,0.0,0.0,Winter,No Holiday,Yes
677,29/12/2017,4.219507705176107,5,0.7,66,0.7,687,-4.9,0.0,0.0,0.0,Winter,No Holiday,Yes
678,29/12/2017,4.859812404361672,6,0.8,68,0.6,673,-4.4,0.0,0.0,0.0,Winter,No Holiday,Yes
679,29/12/2017,5.66988092298052,7,0.9,67,0.6,658,-4.5,0.0,0.0,0.0,Winter,No Holiday,Yes
680,29/12/2017,6.456769655572163,8,1.0,68,0.6,624,-4.2,0.0,0.0,0.0,Winter,No Holiday,Yes
681,29/12/2017,5.869296913133774,9,1.2,67,0.2,591,-4.2,0.06,0.0,0.0,Winter,No Holiday,Yes
682,29/12/2017,5.53338948872752,10,1.9,65,0.3,562,-3.9,0.17,0.0,0.0,Winter,No Holiday,Yes
683,29/12/2017,5.762051382780177,11,3.1,62,1.1,517,-3.4,0.29,0.0,0.0,Winter,No Holiday,Yes
684,29/12/2017,5.8971538676367405,12,4.3,62,1.6,472,-2.3,0.52,0.0,0.0,Winter,No Holiday,Yes
685,29/12/2017,5.916202062607435,13,5.2,58,2.5,435,-2.4,0.81,0.0,0.0,Winter,No Holiday,Yes
686,29/12/2017,6.040254711277414,14,5.7,54,3.5,418,-2.9,0.83,0.0,0.0,Winter,No Holiday,Yes
687,29/12/2017,6.056784013228625,15,5.7,53,2.7,408,-3.1,0.65,0.0,0.0,Winter,No Holiday,Yes
688,29/12/2017,6.22455842927536,16,5.4,56,2.2,396,-2.6,0.39,0.0,0.0,Winter,No Holiday,Yes
689,29/12/2017,6.282266746896006,17,4.5,59,1.6,384,-2.8,0.14,0.0,0.0,Winter,No Holiday,Yes
690,29/12/2017,6.354370040797351,18,3.6,62,1.4,389,-3.0,0.01,0.0,0.0,Winter,No Holiday,Yes
691,29/12/2017,5.981414211254481,19,2.7,68,1.2,348,-2.6,0.0,0.0,0.0,Winter,No Holiday,Yes
692,29/12/2017,5.680172609017068,20,1.7,73,0.5,332,-2.6,0.0,0.0,0.0,Winter,No Holiday,Yes
693,29/12/2017,5.645446897643238,21,1.0,77,1.5,297,-2.5,0.0,0.0,0.0,Winter,No Holiday,Yes
694,29/12/2017,5.68697535633982,22,0.8,77,1.4,293,-2.7,0.0,0.0,0.0,Winter,No Holiday,Yes
695,29/12/2017,5.4680601411351315,23,0.3,80,0.8,264,-2.7,0.0,0.0,0.0,Winter,No Holiday,Yes
696,30/12/2017,5.484796933490655,0,-0.4,83,1.2,247,-2.9,0.0,0.0,0.0,Winter,No Holiday,Yes
697,30/12/2017,5.459585514144159,1,-0.5,83,0.7,244,-3.0,0.0,0.0,0.0,Winter,No Holiday,Yes
698,30/12/2017,5.262690188904886,2,-0.9,84,0.6,230,-3.2,0.0,0.0,0.0,Winter,No Holiday,Yes
699,30/12/2017,4.852030263919617,3,-1.1,83,0.8,237,-3.6,0.0,0.0,0.0,Winter,No Holiday,Yes
700,30/12/2017,4.465908118654584,4,-1.1,83,0.7,242,-3.6,0.0,0.0,0.0,Winter,No Holiday,Yes
701,30/12/2017,3.970291913552122,5,-1.2,81,0.8,258,-4.0,0.0,0.0,0.0,Winter,No Holiday,Yes
702,30/12/2017,4.143134726391533,6,-1.1,81,1.0,253,-3.9,0.0,0.0,0.0,Winter,No Holiday,Yes
703,30/12/2017,4.48863636973214,7,-0.7,79,0.7,259,-3.8,0.0,0.0,0.0,Winter,No Holiday,Yes
704,30/12/2017,5.093750200806762,8,-0.4,78,0.5,249,-3.7,0.0,0.0,0.0,Winter,No Holiday,Yes
705,30/12/2017,5.41610040220442,9,0.2,76,1.3,249,-3.5,0.03,0.0,0.0,Winter,No Holiday,Yes
706,30/12/2017,5.342334251964811,10,0.8,73,0.5,248,-3.4,0.15,0.0,0.0,Winter,No Holiday,Yes
707,30/12/2017,5.472270673671475,11,2.0,69,1.0,257,-3.1,0.32,0.0,0.0,Winter,No Holiday,Yes
708,30/12/2017,5.616771097666572,12,3.2,64,0.8,258,-2.9,0.47,0.0,0.0,Winter,No Holiday,Yes
709,30/12/2017,5.811140992976701,13,4.0,62,1.0,256,-2.6,0.51,0.0,0.0,Winter,No Holiday,Yes
710,30/12/2017,5.877735781779639,14,4.3,60,1.2,272,-2.7,0.4,0.0,0.0,Winter,No Holiday,Yes
711,30/12/2017,5.823045895483019,15,4.3,61,0.7,274,-2.5,0.23,0.0,0.0,Winter,No Holiday,Yes
712,30/12/2017,5.846438775057725,16,4.1,63,0.7,263,-2.3,0.13,0.0,0.0,Winter,No Holiday,Yes
713,30/12/2017,5.214935757608986,17,3.8,64,0.9,250,-2.3,0.01,0.0,0.0,Winter,No Holiday,Yes
714,30/12/2017,3.828641396489095,18,3.0,84,1.7,137,0.5,0.0,0.3,0.0,Winter,No Holiday,Yes
715,30/12/2017,3.713572066704308,19,2.3,89,0.6,96,0.6,0.0,0.0,0.0,Winter,No Holiday,Yes
716,30/12/2017,4.204692619390966,20,1.9,90,0.9,88,0.4,0.0,0.0,0.0,Winter,No Holiday,Yes
717,30/12/2017,4.174387269895637,21,1.8,92,1.1,109,0.6,0.0,0.2,0.0,Winter,No Holiday,Yes
718,30/12/2017,3.4339872044851463,22,1.8,92,1.2,94,0.6,0.0,0.0,0.0,Winter,No Holiday,Yes
719,30/12/2017,3.7612001156935624,23,1.4,92,1.9,73,0.2,0.0,0.0,0.0,Winter,No Holiday,Yes
720,31/12/2017,3.784189633918261,0,0.9,95,1.8,63,0.1,0.0,0.2,0.2,Winter,Holiday,Yes
721,31/12/2017,3.784189633918261,1,0.5,95,2.1,79,-0.2,0.0,0.0,0.6,Winter,Holiday,Yes
722,31/12/2017,4.189654742026425,2,0.4,95,1.7,110,-0.3,0.0,0.0,1.2,Winter,Holiday,Yes
723,31/12/2017,4.189654742026425,3,0.3,91,2.0,172,-1.0,0.0,1.0,1.2,Winter,Holiday,Yes
724,31/12/2017,3.4965075614664802,4,-0.2,87,3.5,246,-2.1,0.0,0.0,1.2,Winter,Holiday,Yes
725,31/12/2017,3.1354942159291497,5,-0.8,85,2.8,329,-3.0,0.0,0.0,1.2,Winter,Holiday,Yes
726,31/12/2017,3.258096538021482,6,-1.3,84,2.4,425,-3.6,0.0,0.0,1.2,Winter,Holiday,Yes
727,31/12/2017,3.6888794541139363,7,-1.8,86,1.7,367,-3.8,0.0,0.0,1.2,Winter,Holiday,Yes
728,31/12/2017,4.442651256490317,8,-2.1,86,1.4,354,-4.1,0.0,0.0,1.2,Winter,Holiday,Yes
729,31/12/2017,4.6443908991413725,9,-1.9,82,1.6,410,-4.5,0.15,0.0,1.2,Winter,Holiday,Yes
730,31/12/2017,4.709530201312334,10,-0.5,73,1.7,609,-4.7,0.53,0.0,1.1,Winter,Holiday,Yes
731,31/12/2017,4.962844630259907,11,0.8,62,2.8,801,-5.6,0.88,0.0,1.1,Winter,Holiday,Yes
732,31/12/2017,5.3471075307174685,12,1.4,47,4.5,1388,-8.7,1.1,0.0,1.0,Winter,Holiday,Yes
733,31/12/2017,5.5909869805108565,13,2.5,36,3.7,1578,-11.0,1.15,0.0,0.7,Winter,Holiday,Yes
734,31/12/2017,5.572154032177765,14,3.0,28,3.8,1956,-13.7,1.1,0.0,0.0,Winter,Holiday,Yes
735,31/12/2017,5.707110264748875,15,3.1,25,3.9,2000,-15.0,0.9,0.0,0.0,Winter,Holiday,Yes
736,31/12/2017,5.60947179518496,16,2.7,26,2.7,2000,-14.9,0.59,0.0,0.0,Winter,Holiday,Yes
737,31/12/2017,5.484796933490655,17,1.7,30,2.9,2000,-14.0,0.22,0.0,0.0,Winter,Holiday,Yes
738,31/12/2017,5.375278407684165,18,0.7,31,2.3,2000,-14.5,0.01,0.0,0.0,Winter,Holiday,Yes
739,31/12/2017,5.099866427824199,19,0.0,31,2.2,2000,-15.1,0.0,0.0,0.0,Winter,Holiday,Yes
740,31/12/2017,5.087596335232384,20,-1.0,32,0.9,2000,-15.6,0.0,0.0,0.0,Winter,Holiday,Yes
741,31/12/2017,5.19295685089021,21,-1.6,35,1.0,2000,-15.1,0.0,0.0,0.0,Winter,Holiday,Yes
742,31/12/2017,5.049856007249537,22,-2.1,36,1.7,2000,-15.2,0.0,0.0,0.0,Winter,Holiday,Yes
743,31/12/2017,5.429345628954441,23,-2.6,40,0.6,2000,-14.3,0.0,0.0,0.0,Winter,Holiday,Yes
744,01/01/2018,5.332718793265369,0,-3.2,40,0.5,1358,-14.9,0.0,0.0,0.0,Winter,Holiday,Yes
745,01/01/2018,5.442417710521793,1,-3.3,41,0.7,2000,-14.7,0.0,0.0,0.0,Winter,Holiday,Yes
746,01/01/2018,5.187385805840755,2,-3.7,42,0.9,2000,-14.7,0.0,0.0,0.0,Winter,Holiday,Yes
747,01/01/2018,4.787491742782046,3,-4.0,44,1.0,2000,-14.4,0.0,0.0,0.0,Winter,Holiday,Yes
748,01/01/2018,4.143134726391533,4,-4.2,53,1.1,1994,-12.3,0.0,0.0,0.0,Winter,Holiday,Yes
749,01/01/2018,4.127134385045092,5,-4.4,54,0.8,1786,-12.3,0.0,0.0,0.0,Winter,Holiday,Yes
750,01/01/2018,4.189654742026425,6,-4.5,51,1.1,2000,-13.1,0.0,0.0,0.0,Winter,Holiday,Yes
751,01/01/2018,4.406719247264253,7,-4.7,56,1.1,2000,-12.1,0.0,0.0,0.0,Winter,Holiday,Yes
752,01/01/2018,4.499809670330265,8,-5.0,55,1.0,2000,-12.6,0.0,0.0,0.0,Winter,Holiday,Yes
753,01/01/2018,4.804021044733257,9,-4.3,39,0.7,1973,-16.2,0.15,0.0,0.0,Winter,Holiday,Yes
754,01/01/2018,4.941642422609304,10,-1.6,32,0.8,1766,-16.1,0.53,0.0,0.0,Winter,Holiday,Yes
755,01/01/2018,5.135798437050262,11,0.1,27,2.2,1874,-16.7,0.84,0.0,0.0,Winter,Holiday,Yes
756,01/01/2018,5.420534999272286,12,1.5,20,2.8,1992,-19.0,1.03,0.0,0.0,Winter,Holiday,Yes
757,01/01/2018,5.517452896464707,13,2.4,22,2.3,1921,-17.2,1.1,0.0,0.0,Winter,Holiday,Yes
758,01/01/2018,5.700443573390687,14,3.7,24,2.1,1906,-15.0,1.01,0.0,0.0,Winter,Holiday,Yes
759,01/01/2018,5.84354441703136,15,3.0,27,2.9,1715,-14.2,0.78,0.0,0.0,Winter,Holiday,Yes
760,01/01/2018,5.739792912179234,16,3.0,28,2.5,1864,-13.7,0.51,0.0,0.0,Winter,Holiday,Yes
761,01/01/2018,5.605802066295998,17,1.8,33,3.3,1913,-12.8,0.18,0.0,0.0,Winter,Holiday,Yes
762,01/01/2018,5.389071729816501,18,0.8,34,1.9,1887,-13.3,0.01,0.0,0.0,Winter,Holiday,Yes
763,01/01/2018,4.836281906951478,19,-0.1,39,1.3,1911,-12.4,0.0,0.0,0.0,Winter,Holiday,Yes
764,01/01/2018,5.332718793265369,20,-0.3,40,1.2,1936,-12.2,0.0,0.0,0.0,Winter,Holiday,Yes
765,01/01/2018,5.318119993844216,21,-0.9,44,1.2,1871,-11.6,0.0,0.0,0.0,Winter,Holiday,Yes
766,01/01/2018,5.1298987149230735,22,-1.3,48,0.8,1927,-10.9,0.0,0.0,0.0,Winter,Holiday,Yes
767,01/01/2018,5.043425116919247,23,-1.6,51,0.7,1882,-10.4,0.0,0.0,0.0,Winter,Holiday,Yes
768,02/01/2018,5.003946305945459,0,-1.8,54,1.1,1772,-9.8,0.0,0.0,0.0,Winter,No Holiday,Yes
769,02/01/2018,4.6913478822291435,1,-2.1,56,0.8,1732,-9.7,0.0,0.0,0.0,Winter,No Holiday,Yes
770,02/01/2018,4.248495242049359,2,-2.3,62,0.9,1560,-8.6,0.0,0.0,0.0,Winter,No Holiday,Yes
771,02/01/2018,3.7376696182833684,3,-2.5,62,0.4,1626,-8.7,0.0,0.0,0.0,Winter,No Holiday,Yes
772,02/01/2018,3.4657359027997265,4,-2.7,67,0.5,1302,-7.9,0.0,0.0,0.0,Winter,No Holiday,Yes
773,02/01/2018,4.07753744390572,5,-3.1,67,0.6,1384,-8.3,0.0,0.0,0.0,Winter,No Holiday,Yes
774,02/01/2018,4.941642422609304,6,-3.2,67,0.4,1409,-8.4,0.0,0.0,0.0,Winter,No Holiday,Yes
775,02/01/2018,5.84354441703136,7,-3.2,69,0.5,1249,-8.0,0.0,0.0,0.0,Winter,No Holiday,Yes
776,02/01/2018,6.486160788944089,8,-3.4,71,0.8,1179,-7.9,0.0,0.0,0.0,Winter,No Holiday,Yes
777,02/01/2018,5.755742213586912,9,-3.1,66,0.2,1168,-8.5,0.12,0.0,0.0,Winter,No Holiday,Yes
778,02/01/2018,5.342334251964811,10,-1.4,50,1.9,1355,-10.5,0.38,0.0,0.0,Winter,No Holiday,Yes
779,02/01/2018,5.598421958998375,11,-0.4,40,2.3,1633,-12.3,0.66,0.0,0.0,Winter,No Holiday,Yes
780,02/01/2018,5.683579767338681,12,0.9,29,1.9,1761,-15.1,0.88,0.0,0.0,Winter,No Holiday,Yes
781,02/01/2018,5.6131281063880705,13,1.5,23,3.6,1970,-17.4,0.95,0.0,0.0,Winter,No Holiday,Yes
782,02/01/2018,5.713732805509369,14,1.7,20,4.4,1995,-18.9,0.91,0.0,0.0,Winter,No Holiday,Yes
783,02/01/2018,5.69035945432406,15,1.5,22,3.0,1998,-17.9,0.76,0.0,0.0,Winter,No Holiday,Yes
784,02/01/2018,5.771441123130016,16,1.3,23,2.9,2000,-17.6,0.51,0.0,0.0,Winter,No Holiday,Yes
785,02/01/2018,5.924255797414532,17,0.3,27,2.6,2000,-16.5,0.18,0.0,0.0,Winter,No Holiday,Yes
786,02/01/2018,6.516193076042964,18,-0.8,24,2.3,2000,-18.9,0.01,0.0,0.0,Winter,No Holiday,Yes
787,02/01/2018,6.0014148779611505,19,-1.3,28,2.4,2000,-17.5,0.0,0.0,0.0,Winter,No Holiday,Yes
788,02/01/2018,5.8998973535824915,20,-1.9,26,2.2,2000,-18.9,0.0,0.0,0.0,Winter,No Holiday,Yes
789,02/01/2018,5.720311776607412,21,-2.6,28,2.0,2000,-18.6,0.0,0.0,0.0,Winter,No Holiday,Yes
790,02/01/2018,5.6131281063880705,22,-3.4,33,2.4,2000,-17.4,0.0,0.0,0.0,Winter,No Holiday,Yes
791,02/01/2018,5.231108616854587,23,-3.8,35,2.3,2000,-17.0,0.0,0.0,0.0,Winter,No Holiday,Yes
792,03/01/2018,5.081404364984463,0,-4.3,38,1.4,2000,-16.5,0.0,0.0,0.0,Winter,No Holiday,Yes
793,03/01/2018,4.875197323201151,1,-5.0,42,1.2,1993,-15.9,0.0,0.0,0.0,Winter,No Holiday,Yes
794,03/01/2018,4.709530201312334,2,-5.5,43,2.0,2000,-16.1,0.0,0.0,0.0,Winter,No Holiday,Yes
795,03/01/2018,4.219507705176107,3,-6.1,45,1.3,1999,-16.1,0.0,0.0,0.0,Winter,No Holiday,Yes
796,03/01/2018,3.784189633918261,4,-6.1,45,2.3,2000,-16.1,0.0,0.0,0.0,Winter,No Holiday,Yes
797,03/01/2018,4.219507705176107,5,-6.4,47,2.4,1981,-15.8,0.0,0.0,0.0,Winter,No Holiday,Yes
798,03/01/2018,4.927253685157205,6,-6.7,48,2.4,1991,-15.9,0.0,0.0,0.0,Winter,No Holiday,Yes
799,03/01/2018,5.733341276897746,7,-6.9,48,2.4,1974,-16.0,0.0,0.0,0.0,Winter,No Holiday,Yes
800,03/01/2018,6.508769136971682,8,-7.0,49,1.5,1971,-15.9,0.0,0.0,0.0,Winter,No Holiday,Yes
801,03/01/2018,5.8377304471659395,9,-6.8,44,1.7,1858,-17.0,0.16,0.0,0.0,Winter,No Holiday,Yes
802,03/01/2018,5.365976015021851,10,-5.6,38,2.9,1752,-17.6,0.55,0.0,0.0,Winter,No Holiday,Yes
803,03/01/2018,5.5909869805108565,11,-4.5,36,3.2,1736,-17.3,0.77,0.0,0.0,Winter,No Holiday,Yes
804,03/01/2018,5.697093486505405,12,-3.4,32,3.1,1706,-17.7,1.02,0.0,0.0,Winter,No Holiday,Yes
805,03/01/2018,5.634789603169249,13,-2.2,31,2.3,1910,-17.0,1.13,0.0,0.0,Winter,No Holiday,Yes
806,03/01/2018,5.602118820879701,14,-1.5,30,2.8,1903,-16.8,1.1,0.0,0.0,Winter,No Holiday,Yes
807,03/01/2018,5.659482215759621,15,-1.1,29,2.8,1976,-16.9,0.96,0.0,0.0,Winter,No Holiday,Yes
808,03/01/2018,5.703782474656201,16,-0.4,30,2.0,2000,-15.9,0.62,0.0,0.0,Winter,No Holiday,Yes
809,03/01/2018,5.948034989180646,17,-1.9,35,1.8,2000,-15.3,0.25,0.0,0.0,Winter,No Holiday,Yes
810,03/01/2018,6.45833828334479,18,-3.1,39,2.1,2000,-15.1,0.0,0.0,0.0,Winter,No Holiday,Yes
811,03/01/2018,6.068425588244111,19,-3.7,41,2.0,2000,-15.0,0.0,0.0,0.0,Winter,No Holiday,Yes
812,03/01/2018,5.68697535633982,20,-3.9,44,2.5,2000,-14.3,0.0,0.0,0.0,Winter,No Holiday,Yes
813,03/01/2018,5.817111159963204,21,-4.3,47,2.8,1997,-13.9,0.0,0.0,0.0,Winter,No Holiday,Yes
814,03/01/2018,5.676753802268282,22,-5.2,53,1.3,1969,-13.3,0.0,0.0,0.0,Winter,No Holiday,Yes
815,03/01/2018,5.288267030694535,23,-5.9,54,0.8,1968,-13.7,0.0,0.0,0.0,Winter,No Holiday,Yes
816,04/01/2018,5.075173815233827,0,-6.3,54,1.4,1990,-14.1,0.0,0.0,0.0,Winter,No Holiday,Yes
817,04/01/2018,5.017279836814924,1,-6.9,56,2.3,1994,-14.2,0.0,0.0,0.0,Winter,No Holiday,Yes
818,04/01/2018,4.820281565605037,2,-7.3,57,2.0,1978,-14.3,0.0,0.0,0.0,Winter,No Holiday,Yes
819,04/01/2018,4.060443010546419,3,-7.4,54,1.7,1968,-15.1,0.0,0.0,0.0,Winter,No Holiday,Yes
820,04/01/2018,3.6635616461296463,4,-7.5,55,1.3,1984,-15.0,0.0,0.0,0.0,Winter,No Holiday,Yes
821,04/01/2018,4.204692619390966,5,-7.6,49,1.3,2000,-16.4,0.0,0.0,0.0,Winter,No Holiday,Yes
822,04/01/2018,4.795790545596741,6,-7.6,47,2.3,2000,-16.9,0.0,0.0,0.0,Winter,No Holiday,Yes
823,04/01/2018,5.713732805509369,7,-8.1,51,0.5,1987,-16.4,0.0,0.0,0.0,Winter,No Holiday,Yes
824,04/01/2018,6.472346294500901,8,-8.6,55,0.6,1984,-16.0,0.0,0.0,0.0,Winter,No Holiday,Yes
825,04/01/2018,5.831882477283517,9,-7.9,48,1.2,1926,-17.0,0.14,0.0,0.0,Winter,No Holiday,Yes
826,04/01/2018,5.288267030694535,10,-6.4,43,1.0,1872,-16.9,0.43,0.0,0.0,Winter,No Holiday,Yes
827,04/01/2018,5.579729825986222,11,-4.4,40,0.8,1671,-16.0,0.69,0.0,0.0,Winter,No Holiday,Yes
828,04/01/2018,5.673323267171493,12,-2.9,33,0.9,1813,-16.9,0.92,0.0,0.0,Winter,No Holiday,Yes
829,04/01/2018,5.652489180268651,13,-2.0,32,1.0,1864,-16.5,0.91,0.0,0.0,Winter,No Holiday,Yes
830,04/01/2018,5.572154032177765,14,-0.8,32,1.4,1846,-15.4,0.78,0.0,0.0,Winter,No Holiday,Yes
831,04/01/2018,5.641907070938114,15,-1.2,31,0.8,1732,-16.2,0.47,0.0,0.0,Winter,No Holiday,Yes
832,04/01/2018,5.736572297479192,16,-1.4,34,1.8,1719,-15.2,0.3,0.0,0.0,Winter,No Holiday,Yes
833,04/01/2018,5.986452005284438,17,-2.1,37,1.4,1591,-14.8,0.09,0.0,0.0,Winter,No Holiday,Yes
834,04/01/2018,6.403574197934815,18,-2.6,38,1.4,1604,-14.9,0.0,0.0,0.0,Winter,No Holiday,Yes
835,04/01/2018,6.035481432524756,19,-2.7,39,1.4,1616,-14.7,0.0,0.0,0.0,Winter,No Holiday,Yes
836,04/01/2018,5.7430031878094825,20,-2.8,39,1.7,1702,-14.8,0.0,0.0,0.0,Winter,No Holiday,Yes
837,04/01/2018,5.739792912179234,21,-3.1,41,2.0,1742,-14.5,0.0,0.0,0.0,Winter,No Holiday,Yes
838,04/01/2018,5.726847747587197,22,-3.6,46,1.3,1689,-13.5,0.0,0.0,0.0,Winter,No Holiday,Yes
839,04/01/2018,5.402677381872279,23,-4.0,48,1.5,1536,-13.4,0.0,0.0,0.0,Winter,No Holiday,Yes
840,05/01/2018,5.313205979041787,0,-4.7,52,1.8,1611,-13.0,0.0,0.0,0.0,Winter,No Holiday,Yes
841,05/01/2018,5.14166355650266,1,-5.1,51,1.5,1550,-13.6,0.0,0.0,0.0,Winter,No Holiday,Yes
842,05/01/2018,4.77912349311153,2,-5.3,52,1.6,1481,-13.6,0.0,0.0,0.0,Winter,No Holiday,Yes
843,05/01/2018,4.219507705176107,3,-5.5,56,1.1,1453,-12.9,0.0,0.0,0.0,Winter,No Holiday,Yes
844,05/01/2018,3.871201010907891,4,-5.1,55,1.7,1266,-12.7,0.0,0.0,0.0,Winter,No Holiday,Yes
845,05/01/2018,4.330733340286331,5,-5.1,55,1.5,1452,-12.7,0.0,0.0,0.0,Winter,No Holiday,Yes
846,05/01/2018,4.820281565605037,6,-5.1,54,1.3,1346,-12.9,0.0,0.0,0.0,Winter,No Holiday,Yes
847,05/01/2018,5.793013608384144,7,-5.3,53,1.1,1300,-13.4,0.0,0.0,0.0,Winter,No Holiday,Yes
848,05/01/2018,6.501289670540389,8,-5.3,51,1.0,1319,-13.8,0.0,0.0,0.0,Winter,No Holiday,Yes
849,05/01/2018,5.872117789475416,9,-4.7,49,1.2,1550,-13.8,0.12,0.0,0.0,Winter,No Holiday,Yes
850,05/01/2018,5.4510384535657,10,-3.3,50,1.3,1407,-12.2,0.4,0.0,0.0,Winter,No Holiday,Yes
851,05/01/2018,5.733341276897746,11,-0.7,45,1.5,1429,-11.1,0.76,0.0,0.0,Winter,No Holiday,Yes
852,05/01/2018,5.8944028342648505,12,-0.3,45,2.2,1066,-10.8,1.01,0.0,0.0,Winter,No Holiday,Yes
853,05/01/2018,5.746203190540153,13,0.9,43,2.0,1112,-10.2,0.98,0.0,0.0,Winter,No Holiday,Yes
854,05/01/2018,5.840641657373398,14,1.4,41,2.0,1003,-10.4,0.99,0.0,0.0,Winter,No Holiday,Yes
855,05/01/2018,5.811140992976701,15,1.5,34,2.8,1776,-12.6,0.84,0.0,0.0,Winter,No Holiday,Yes
856,05/01/2018,5.799092654460526,16,1.0,34,2.9,2000,-13.1,0.61,0.0,0.0,Winter,No Holiday,Yes
857,05/01/2018,6.102558594613569,17,-0.6,45,3.3,1827,-11.0,0.24,0.0,0.0,Winter,No Holiday,Yes
858,05/01/2018,6.455198563340122,18,-1.8,44,2.2,1709,-12.4,0.01,0.0,0.0,Winter,No Holiday,Yes
859,05/01/2018,6.095824562432225,19,-2.5,49,0.6,1436,-11.7,0.0,0.0,0.0,Winter,No Holiday,Yes
860,05/01/2018,5.777652323222656,20,-3.4,51,1.1,1391,-12.1,0.0,0.0,0.0,Winter,No Holiday,Yes
861,05/01/2018,5.652489180268651,21,-3.5,53,0.9,1353,-11.7,0.0,0.0,0.0,Winter,No Holiday,Yes
862,05/01/2018,5.641907070938114,22,-3.8,53,1.3,1300,-12.0,0.0,0.0,0.0,Winter,No Holiday,Yes
863,05/01/2018,5.247024072160486,23,-3.6,50,1.9,1284,-12.5,0.0,0.0,0.0,Winter,No Holiday,Yes
864,06/01/2018,5.220355825078324,0,-4.3,52,1.6,1247,-12.7,0.0,0.0,0.0,Winter,No Holiday,Yes
865,06/01/2018,5.407171771460119,1,-4.8,54,1.2,1219,-12.7,0.0,0.0,0.0,Winter,No Holiday,Yes
866,06/01/2018,5.176149732573829,2,-5.5,56,1.4,1285,-12.9,0.0,0.0,0.0,Winter,No Holiday,Yes
867,06/01/2018,4.6443908991413725,3,-5.6,56,1.0,1367,-13.0,0.0,0.0,0.0,Winter,No Holiday,Yes
868,06/01/2018,4.127134385045092,4,-5.9,61,1.1,1260,-12.2,0.0,0.0,0.0,Winter,No Holiday,Yes
869,06/01/2018,3.8918202981106265,5,-6.1,64,1.0,1231,-11.8,0.0,0.0,0.0,Winter,No Holiday,Yes
870,06/01/2018,4.248495242049359,6,-6.5,67,0.7,1175,-11.6,0.0,0.0,0.0,Winter,No Holiday,Yes
871,06/01/2018,4.663439094112067,7,-6.6,65,1.0,1320,-12.0,0.0,0.0,0.0,Winter,No Holiday,Yes
872,06/01/2018,5.231108616854587,8,-6.5,62,1.1,1503,-12.5,0.0,0.0,0.0,Winter,No Holiday,Yes
873,06/01/2018,5.402677381872279,9,-5.8,49,1.4,1728,-14.8,0.16,0.0,0.0,Winter,No Holiday,Yes
874,06/01/2018,5.3230099791384085,10,-3.5,39,2.0,1946,-15.4,0.54,0.0,0.0,Winter,No Holiday,Yes
875,06/01/2018,5.5053315359323625,11,-1.6,35,2.1,1812,-15.1,0.87,0.0,0.0,Winter,No Holiday,Yes
876,06/01/2018,5.648974238161206,12,0.0,35,2.3,1672,-13.6,1.07,0.0,0.0,Winter,No Holiday,Yes
877,06/01/2018,5.877735781779639,13,0.9,28,2.4,1895,-15.6,1.18,0.0,0.0,Winter,No Holiday,Yes
878,06/01/2018,5.916202062607435,14,1.8,29,2.0,1693,-14.3,1.14,0.0,0.0,Winter,No Holiday,Yes
879,06/01/2018,5.924255797414532,15,2.3,27,2.2,1877,-14.8,0.92,0.0,0.0,Winter,No Holiday,Yes
880,06/01/2018,5.8664680569332965,16,2.7,27,2.2,1811,-14.4,0.64,0.0,0.0,Winter,No Holiday,Yes
881,06/01/2018,5.872117789475416,17,1.1,31,1.7,1989,-14.1,0.26,0.0,0.0,Winter,No Holiday,Yes
882,06/01/2018,5.605802066295998,18,-0.6,37,1.6,1797,-13.5,0.01,0.0,0.0,Winter,No Holiday,Yes
883,06/01/2018,5.337538079701318,19,-1.2,37,1.2,1663,-14.0,0.0,0.0,0.0,Winter,No Holiday,Yes
884,06/01/2018,5.247024072160486,20,-2.1,41,1.1,1578,-13.6,0.0,0.0,0.0,Winter,No Holiday,Yes
885,06/01/2018,5.3706380281276624,21,-2.5,47,0.8,1495,-12.2,0.0,0.0,0.0,Winter,No Holiday,Yes
886,06/01/2018,5.389071729816501,22,-2.6,47,1.6,1492,-12.3,0.0,0.0,0.0,Winter,No Holiday,Yes
887,06/01/2018,5.135798437050262,23,-3.2,50,0.8,1429,-12.1,0.0,0.0,0.0,Winter,No Holiday,Yes
888,07/01/2018,5.262690188904886,0,-3.8,48,0.7,1574,-13.2,0.0,0.0,0.0,Winter,No Holiday,Yes
889,07/01/2018,5.093750200806762,1,-3.9,51,0.2,1535,-12.5,0.0,0.0,0.0,Winter,No Holiday,Yes
890,07/01/2018,4.859812404361672,2,-4.4,53,0.3,1594,-12.5,0.0,0.0,0.0,Winter,No Holiday,Yes
891,07/01/2018,4.634728988229636,3,-4.8,56,0.6,1505,-12.2,0.0,0.0,0.0,Winter,No Holiday,Yes
892,07/01/2018,4.143134726391533,4,-5.1,60,0.7,1377,-11.6,0.0,0.0,0.0,Winter,No Holiday,Yes
893,07/01/2018,3.713572066704308,5,-5.6,58,0.7,1350,-12.5,0.0,0.0,0.0,Winter,No Holiday,Yes
894,07/01/2018,3.6635616461296463,6,-5.5,52,0.7,1503,-13.8,0.0,0.0,0.0,Winter,No Holiday,Yes
895,07/01/2018,4.110873864173311,7,-5.6,58,0.9,1368,-12.5,0.0,0.0,0.0,Winter,No Holiday,Yes
896,07/01/2018,4.812184355372417,8,-5.3,53,1.1,1411,-13.4,0.0,0.0,0.0,Winter,No Holiday,Yes
897,07/01/2018,4.969813299576001,9,-3.8,49,1.6,1371,-12.9,0.18,0.0,0.0,Winter,No Holiday,Yes
898,07/01/2018,5.19295685089021,10,-1.8,40,1.8,1555,-13.6,0.48,0.0,0.0,Winter,No Holiday,Yes
899,07/01/2018,5.3706380281276624,11,0.5,35,1.4,1558,-13.2,0.75,0.0,0.0,Winter,No Holiday,Yes
900,07/01/2018,5.631211781821365,12,1.1,34,0.9,1455,-13.0,0.6,0.0,0.0,Winter,No Holiday,Yes
901,07/01/2018,5.583496308781699,13,1.4,34,0.8,1394,-12.7,0.5,0.0,0.0,Winter,No Holiday,Yes
902,07/01/2018,5.805134968916488,14,1.9,32,0.7,1368,-13.0,0.41,0.0,0.0,Winter,No Holiday,Yes
903,07/01/2018,5.910796644040527,15,2.7,31,0.9,1603,-12.7,0.43,0.0,0.0,Winter,No Holiday,Yes
904,07/01/2018,5.811140992976701,16,2.6,32,1.0,1381,-12.4,0.27,0.0,0.0,Winter,No Holiday,Yes
905,07/01/2018,5.857933154483459,17,2.3,33,0.2,1515,-12.3,0.13,0.0,0.0,Winter,No Holiday,Yes
906,07/01/2018,5.602118820879701,18,1.8,34,1.2,1518,-12.4,0.0,0.0,0.0,Winter,No Holiday,Yes
907,07/01/2018,5.5093883366279774,19,1.6,35,1.0,1419,-12.2,0.0,0.0,0.0,Winter,No Holiday,Yes
908,07/01/2018,5.455321115357702,20,1.3,38,0.4,1386,-11.4,0.0,0.0,0.0,Winter,No Holiday,Yes
909,07/01/2018,5.4680601411351315,21,1.2,39,0.6,1378,-11.2,0.0,0.0,0.0,Winter,No Holiday,Yes
910,07/01/2018,5.3706380281276624,22,1.1,40,0.5,1305,-11.0,0.0,0.0,0.0,Winter,No Holiday,Yes
911,07/01/2018,5.0106352940962555,23,1.1,39,0.6,1422,-11.3,0.0,0.0,0.0,Winter,No Holiday,Yes
912,08/01/2018,5.0106352940962555,0,0.9,42,1.1,1271,-10.5,0.0,0.0,0.0,Winter,No Holiday,Yes
913,08/01/2018,4.700480365792417,1,0.9,42,0.2,1333,-10.5,0.0,0.0,0.0,Winter,No Holiday,Yes
914,08/01/2018,4.356708826689592,2,0.8,42,0.5,1275,-10.6,0.0,0.0,0.0,Winter,No Holiday,Yes
915,08/01/2018,3.9889840465642745,3,0.9,43,0.4,1261,-10.2,0.0,0.0,0.0,Winter,No Holiday,Yes
916,08/01/2018,3.8501476017100584,4,1.0,43,0.8,1253,-10.2,0.0,0.0,0.0,Winter,No Holiday,Yes
917,08/01/2018,4.219507705176107,5,0.8,42,1.0,1394,-10.6,0.0,0.0,0.0,Winter,No Holiday,Yes
918,08/01/2018,5.075173815233827,6,0.8,45,0.7,1268,-9.8,0.0,0.0,0.0,Winter,No Holiday,Yes
919,08/01/2018,5.926926025970411,7,0.7,44,0.8,1357,-10.1,0.0,0.0,0.0,Winter,No Holiday,Yes
920,08/01/2018,6.553933404025811,8,0.7,45,0.7,1339,-9.9,0.0,0.0,0.0,Winter,No Holiday,Yes
921,08/01/2018,5.961005339623274,9,0.8,47,0.9,1070,-9.2,0.05,0.0,0.0,Winter,No Holiday,Yes
922,08/01/2018,5.537334267018537,10,1.3,43,0.8,971,-9.9,0.16,0.0,0.0,Winter,No Holiday,Yes
923,08/01/2018,5.631211781821365,11,1.7,37,0.6,1062,-11.4,0.23,0.0,0.0,Winter,No Holiday,Yes
924,08/01/2018,5.877735781779639,12,2.7,33,2.7,1281,-12.0,0.6,0.0,0.0,Winter,No Holiday,Yes
925,08/01/2018,5.717027701406222,13,3.0,32,1.6,1518,-12.1,0.38,0.0,0.0,Winter,No Holiday,Yes
926,08/01/2018,5.857933154483459,14,3.4,31,1.4,1267,-12.1,0.36,0.0,0.0,Winter,No Holiday,Yes
927,08/01/2018,5.765191102784844,15,3.9,33,1.8,1293,-10.9,0.39,0.0,0.0,Winter,No Holiday,Yes
928,08/01/2018,5.869296913133774,16,3.5,36,1.7,1702,-10.2,0.16,0.0,0.0,Winter,No Holiday,Yes
929,08/01/2018,5.955837369464831,17,2.7,50,2.8,1957,-6.7,0.06,0.0,0.0,Winter,No Holiday,Yes
930,08/01/2018,5.75890177387728,18,1.5,70,2.5,638,-3.3,0.0,0.0,0.0,Winter,No Holiday,Yes
931,08/01/2018,4.852030263919617,19,0.9,88,1.6,290,-0.8,0.0,0.0,0.5,Winter,No Holiday,Yes
932,08/01/2018,4.976733742420574,20,1.0,89,1.9,407,-0.6,0.0,0.0,1.0,Winter,No Holiday,Yes
933,08/01/2018,4.990432586778736,21,0.7,77,6.7,692,-2.8,0.0,0.9,1.0,Winter,No Holiday,Yes
934,08/01/2018,5.0106352940962555,22,0.1,68,4.6,740,-5.1,0.0,0.0,1.0,Winter,No Holiday,Yes
935,08/01/2018,4.727387818712341,23,-0.6,62,4.2,936,-6.9,0.0,0.0,1.0,Winter,No Holiday,Yes
936,09/01/2018,4.61512051684126,0,-1.2,67,4.6,983,-6.5,0.0,0.0,1.0,Winter,No Holiday,Yes
937,09/01/2018,4.68213122712422,1,-1.9,69,5.0,791,-6.8,0.0,0.0,1.0,Winter,No Holiday,Yes
938,09/01/2018,4.330733340286331,2,-2.9,66,3.3,1515,-8.3,0.0,0.0,1.0,Winter,No Holiday,Yes
939,09/01/2018,3.970291913552122,3,-3.4,67,3.2,1420,-8.6,0.0,0.0,0.9,Winter,No Holiday,Yes
940,09/01/2018,3.6635616461296463,4,-4.3,59,4.4,1451,-11.1,0.0,0.0,0.9,Winter,No Holiday,Yes
941,09/01/2018,3.970291913552122,5,-5.1,48,3.2,1821,-14.4,0.0,0.0,0.9,Winter,No Holiday,Yes
942,09/01/2018,4.844187086458591,6,-5.6,52,3.7,1785,-13.9,0.0,0.0,0.9,Winter,No Holiday,Yes
943,09/01/2018,5.5053315359323625,7,-5.9,57,3.1,1686,-13.0,0.0,0.0,0.8,Winter,No Holiday,Yes
944,09/01/2018,6.318968113746434,8,-6.0,64,3.2,1384,-11.7,0.0,0.0,0.7,Winter,No Holiday,Yes
945,09/01/2018,5.771441123130016,9,-6.0,61,2.5,1547,-12.3,0.13,0.0,0.6,Winter,No Holiday,Yes
946,09/01/2018,5.25227342804663,10,-4.8,57,3.0,1559,-12.0,0.47,0.0,0.5,Winter,No Holiday,Yes
947,09/01/2018,5.5134287461649825,11,-3.9,51,4.5,1746,-12.5,0.73,0.0,0.5,Winter,No Holiday,Yes
948,09/01/2018,5.572154032177765,12,-2.7,45,2.4,1707,-13.0,1.05,0.0,0.4,Winter,No Holiday,Yes
949,09/01/2018,5.583496308781699,13,-2.6,45,4.0,1663,-12.9,1.11,0.0,0.3,Winter,No Holiday,Yes
950,09/01/2018,5.583496308781699,14,-1.8,45,3.7,1922,-12.1,1.06,0.0,0.2,Winter,No Holiday,Yes
951,09/01/2018,5.552959584921617,15,-2.4,51,4.6,1458,-11.1,0.46,0.0,0.0,Winter,No Holiday,Yes
952,09/01/2018,5.572154032177765,16,-2.4,56,3.3,1541,-9.9,0.35,0.0,0.0,Winter,No Holiday,Yes
953,09/01/2018,5.808142489980444,17,-2.9,66,3.6,743,-8.3,0.23,0.0,0.0,Winter,No Holiday,Yes
954,09/01/2018,6.326149473155099,18,-3.8,58,1.7,1996,-10.8,0.01,0.0,0.0,Winter,No Holiday,Yes
955,09/01/2018,5.8998973535824915,19,-4.5,57,0.6,2000,-11.7,0.0,0.0,0.0,Winter,No Holiday,Yes
956,09/01/2018,5.713732805509369,20,-4.9,59,0.6,1992,-11.6,0.0,0.0,0.0,Winter,No Holiday,Yes
957,09/01/2018,5.641907070938114,21,-4.8,59,0.9,2000,-11.6,0.0,0.0,0.0,Winter,No Holiday,Yes
958,09/01/2018,5.117993812416755,22,-4.2,67,1.6,503,-9.4,0.0,0.0,0.0,Winter,No Holiday,Yes
959,09/01/2018,4.394449154672439,23,-4.9,80,0.7,690,-7.8,0.0,0.0,0.2,Winter,No Holiday,Yes
960,10/01/2018,4.127134385045092,0,-5.2,82,0.8,152,-7.7,0.0,0.5,0.5,Winter,No Holiday,Yes
961,10/01/2018,4.3694478524670215,1,-5.6,75,1.7,1982,-9.3,0.0,0.0,0.8,Winter,No Holiday,Yes
962,10/01/2018,4.1588830833596715,2,-5.7,72,1.2,1925,-9.9,0.0,0.0,0.8,Winter,No Holiday,Yes
963,10/01/2018,3.713572066704308,3,-6.1,70,1.1,2000,-10.6,0.0,0.3,0.8,Winter,No Holiday,Yes
964,10/01/2018,3.4657359027997265,4,-6.6,72,2.2,2000,-10.8,0.0,0.0,0.8,Winter,No Holiday,Yes
965,10/01/2018,3.6888794541139363,5,-7.3,75,1.6,2000,-10.9,0.0,0.0,0.8,Winter,No Holiday,Yes
966,10/01/2018,4.442651256490317,6,-7.7,74,1.1,2000,-11.5,0.0,0.0,0.8,Winter,No Holiday,Yes
967,10/01/2018,5.0689042022202315,7,-8.0,70,1.8,2000,-12.5,0.0,0.0,0.7,Winter,No Holiday,Yes
968,10/01/2018,5.961005339623274,8,-7.9,67,2.6,1896,-12.9,0.0,0.0,0.7,Winter,No Holiday,Yes
969,10/01/2018,5.420534999272286,9,-7.7,62,3.6,1637,-13.7,0.13,0.0,0.7,Winter,No Holiday,Yes
970,10/01/2018,5.017279836814924,10,-6.9,53,3.2,1576,-14.8,0.52,0.0,0.6,Winter,No Holiday,Yes
971,10/01/2018,5.1298987149230735,11,-6.4,49,4.5,1759,-15.3,0.86,0.0,0.5,Winter,No Holiday,Yes
972,10/01/2018,5.384495062789089,12,-5.6,44,4.5,1830,-15.9,1.1,0.0,0.5,Winter,No Holiday,Yes
973,10/01/2018,5.337538079701318,13,-5.1,43,4.7,1901,-15.7,1.18,0.0,0.4,Winter,No Holiday,Yes
974,10/01/2018,5.181783550292085,14,-5.3,37,5.3,2000,-17.7,1.05,0.0,0.3,Winter,No Holiday,Yes
975,10/01/2018,5.267858159063328,15,-5.3,33,4.8,2000,-19.0,0.99,0.0,0.3,Winter,No Holiday,Yes
976,10/01/2018,5.2832037287379885,16,-5.4,30,3.9,2000,-20.2,0.69,0.0,0.2,Winter,No Holiday,Yes
977,10/01/2018,5.58724865840025,17,-6.5,34,4.0,2000,-19.8,0.31,0.0,0.0,Winter,No Holiday,Yes
978,10/01/2018,6.082218910376446,18,-7.8,32,4.5,2000,-21.6,0.02,0.0,0.0,Winter,No Holiday,Yes
979,10/01/2018,5.560681631015528,19,-8.5,35,2.9,2000,-21.2,0.0,0.0,0.0,Winter,No Holiday,Yes
980,10/01/2018,5.337538079701318,20,-8.9,41,2.3,2000,-19.7,0.0,0.0,0.0,Winter,No Holiday,Yes
981,10/01/2018,5.3706380281276624,21,-9.4,47,2.0,2000,-18.6,0.0,0.0,0.0,Winter,No Holiday,Yes
982,10/01/2018,5.111987788356544,22,-9.7,51,2.8,2000,-17.9,0.0,0.0,0.0,Winter,No Holiday,Yes
983,10/01/2018,4.941642422609304,23,-10.2,53,3.3,1997,-17.9,0.0,0.0,0.0,Winter,No Holiday,Yes
984,11/01/2018,4.59511985013459,0,-10.3,54,2.4,1988,-17.8,0.0,0.0,0.0,Winter,No Holiday,Yes
985,11/01/2018,4.61512051684126,1,-10.6,55,2.9,1987,-17.9,0.0,0.0,0.0,Winter,No Holiday,Yes
986,11/01/2018,4.499809670330265,2,-10.9,57,2.7,1900,-17.7,0.0,0.0,0.0,Winter,No Holiday,Yes
987,11/01/2018,3.6635616461296463,3,-11.2,59,2.9,1872,-17.6,0.0,0.0,0.0,Winter,No Holiday,Yes
988,11/01/2018,3.5263605246161616,4,-11.5,57,2.3,1899,-18.3,0.0,0.0,0.0,Winter,No Holiday,Yes
989,11/01/2018,3.7612001156935624,5,-11.9,61,1.8,1759,-17.9,0.0,0.0,0.0,Winter,No Holiday,Yes
990,11/01/2018,4.418840607796598,6,-12.0,61,2.3,1709,-18.0,0.0,0.0,0.0,Winter,No Holiday,Yes
991,11/01/2018,5.318119993844216,7,-12.3,59,2.3,1738,-18.6,0.0,0.0,0.0,Winter,No Holiday,Yes
992,11/01/2018,6.095824562432225,8,-12.6,61,1.6,1610,-18.5,0.0,0.0,0.0,Winter,No Holiday,Yes
993,11/01/2018,5.429345628954441,9,-12.0,53,2.6,1781,-19.6,0.16,0.0,0.0,Winter,No Holiday,Yes
994,11/01/2018,5.030437921392435,10,-11.1,46,3.7,1638,-20.4,0.48,0.0,0.0,Winter,No Holiday,Yes
995,11/01/2018,4.990432586778736,11,-10.2,41,3.5,1629,-20.9,0.84,0.0,0.0,Winter,No Holiday,Yes
996,11/01/2018,5.236441962829949,12,-8.6,40,2.6,1700,-19.8,1.11,0.0,0.0,Winter,No Holiday,Yes
997,11/01/2018,5.187385805840755,13,-8.6,41,3.4,1593,-19.5,1.2,0.0,0.0,Winter,No Holiday,Yes
998,11/01/2018,5.236441962829949,14,-7.4,38,3.3,1718,-19.3,1.15,0.0,0.0,Winter,No Holiday,Yes
999,11/01/2018,5.204006687076795,15,-8.3,42,3.8,1745,-18.9,0.93,0.0,0.0,Winter,No Holiday,Yes
1000,11/01/2018,5.19295685089021,16,-8.2,39,2.8,1807,-19.7,0.63,0.0,0.0,Winter,No Holiday,Yes
1001,11/01/2018,5.393627546352362,17,-9.3,43,2.8,1900,-19.6,0.28,0.0,0.0,Winter,No Holiday,Yes
1002,11/01/2018,5.8664680569332965,18,-10.4,43,2.3,1985,-20.6,0.02,0.0,0.0,Winter,No Holiday,Yes
1003,11/01/2018,5.529429087511423,19,-10.9,44,3.0,2000,-20.7,0.0,0.0,0.0,Winter,No Holiday,Yes
1004,11/01/2018,5.181783550292085,20,-11.6,49,1.8,1953,-20.1,0.0,0.0,0.0,Winter,No Holiday,Yes
1005,11/01/2018,5.093750200806762,21,-12.4,51,2.2,1992,-20.4,0.0,0.0,0.0,Winter,No Holiday,Yes
1006,11/01/2018,5.153291594497779,22,-12.9,52,2.8,2000,-20.7,0.0,0.0,0.0,Winter,No Holiday,Yes
1007,11/01/2018,4.787491742782046,23,-13.2,51,1.5,1972,-21.2,0.0,0.0,0.0,Winter,No Holiday,Yes
1008,12/01/2018,4.663439094112067,0,-13.6,49,1.6,2000,-22.0,0.0,0.0,0.0,Winter,No Holiday,Yes
1009,12/01/2018,4.605170185988092,1,-13.7,47,3.0,2000,-22.6,0.0,0.0,0.0,Winter,No Holiday,Yes
1010,12/01/2018,4.430816798843313,2,-13.8,43,2.6,2000,-23.7,0.0,0.0,0.0,Winter,No Holiday,Yes
1011,12/01/2018,3.7612001156935624,3,-14.1,45,1.8,2000,-23.4,0.0,0.0,0.0,Winter,No Holiday,Yes
1012,12/01/2018,3.4339872044851463,4,-14.3,45,2.0,2000,-23.6,0.0,0.0,0.0,Winter,No Holiday,Yes
1013,12/01/2018,3.58351893845611,5,-14.6,45,1.1,2000,-23.9,0.0,0.0,0.0,Winter,No Holiday,Yes
1014,12/01/2018,4.532599493153256,6,-14.9,45,2.3,2000,-24.2,0.0,0.0,0.0,Winter,No Holiday,Yes
1015,12/01/2018,5.247024072160486,7,-15.1,45,0.9,2000,-24.4,0.0,0.0,0.0,Winter,No Holiday,Yes
1016,12/01/2018,6.040254711277414,8,-15.1,44,1.2,2000,-24.6,0.0,0.0,0.0,Winter,No Holiday,Yes
1017,12/01/2018,5.2832037287379885,9,-14.9,40,1.2,1999,-25.5,0.16,0.0,0.0,Winter,No Holiday,Yes
1018,12/01/2018,4.787491742782046,10,-13.0,37,2.2,1960,-24.6,0.59,0.0,0.0,Winter,No Holiday,Yes
1019,12/01/2018,4.948759890378168,11,-11.2,31,2.4,1944,-25.0,0.94,0.0,0.0,Winter,No Holiday,Yes
1020,12/01/2018,5.187385805840755,12,-9.6,27,2.0,1945,-25.1,1.17,0.0,0.0,Winter,No Holiday,Yes
1021,12/01/2018,5.181783550292085,13,-8.2,29,2.0,1920,-23.1,1.19,0.0,0.0,Winter,No Holiday,Yes
1022,12/01/2018,5.159055299214529,14,-7.2,28,2.3,1990,-22.6,1.14,0.0,0.0,Winter,No Holiday,Yes
1023,12/01/2018,5.181783550292085,15,-6.5,26,2.4,1987,-22.8,0.96,0.0,0.0,Winter,No Holiday,Yes
1024,12/01/2018,5.2832037287379885,16,-5.8,21,1.1,2000,-24.6,0.66,0.0,0.0,Winter,No Holiday,Yes
1025,12/01/2018,5.560681631015528,17,-6.5,22,1.5,2000,-24.7,0.28,0.0,0.0,Winter,No Holiday,Yes
1026,12/01/2018,6.0063531596017325,18,-7.5,28,2.0,2000,-22.9,0.02,0.0,0.0,Winter,No Holiday,Yes
1027,12/01/2018,5.6131281063880705,19,-8.2,32,1.1,2000,-22.0,0.0,0.0,0.0,Winter,No Holiday,Yes
1028,12/01/2018,5.351858133476067,20,-7.9,31,1.4,2000,-22.1,0.0,0.0,0.0,Winter,No Holiday,Yes
1029,12/01/2018,5.220355825078324,21,-7.4,33,1.4,2000,-20.9,0.0,0.0,0.0,Winter,No Holiday,Yes
1030,12/01/2018,5.231108616854587,22,-6.9,39,1.6,2000,-18.5,0.0,0.0,0.0,Winter,No Holiday,Yes
1031,12/01/2018,4.976733742420574,23,-6.7,36,1.3,1821,-19.3,0.0,0.0,0.0,Winter,No Holiday,Yes
1032,13/01/2018,5.030437921392435,0,-6.6,39,1.6,1930,-18.2,0.0,0.0,0.0,Winter,No Holiday,Yes
1033,13/01/2018,5.1298987149230735,1,-6.5,45,0.5,1964,-16.4,0.0,0.0,0.0,Winter,No Holiday,Yes
1034,13/01/2018,4.983606621708336,2,-6.4,40,0.9,2000,-17.8,0.0,0.0,0.0,Winter,No Holiday,Yes
1035,13/01/2018,4.356708826689592,3,-6.5,42,0.7,1996,-17.3,0.0,0.0,0.0,Winter,No Holiday,Yes
1036,13/01/2018,3.871201010907891,4,-6.4,46,0.8,1993,-16.1,0.0,0.0,0.0,Winter,No Holiday,Yes
1037,13/01/2018,3.713572066704308,5,-6.3,51,0.8,2000,-14.8,0.0,0.0,0.0,Winter,No Holiday,Yes
1038,13/01/2018,3.7612001156935624,6,-6.4,59,0.6,887,-13.1,0.0,0.0,0.0,Winter,No Holiday,Yes
1039,13/01/2018,3.784189633918261,7,-6.5,68,0.6,571,-11.4,0.0,0.0,0.0,Winter,No Holiday,Yes
1040,13/01/2018,4.219507705176107,8,-6.5,72,0.8,670,-10.7,0.0,0.0,0.2,Winter,No Holiday,Yes
1041,13/01/2018,4.634728988229636,9,-6.3,76,0.6,330,-9.8,0.05,0.2,0.4,Winter,No Holiday,Yes
1042,13/01/2018,4.672828834461906,10,-5.5,72,0.7,1354,-9.7,0.29,0.0,0.6,Winter,No Holiday,Yes
1043,13/01/2018,4.897839799950911,11,-4.8,70,1.0,1244,-9.4,0.21,0.0,0.6,Winter,No Holiday,Yes
1044,13/01/2018,5.1647859739235145,12,-3.7,66,1.1,1140,-9.1,0.45,0.2,0.4,Winter,No Holiday,Yes
1045,13/01/2018,5.3612921657094255,13,-2.5,62,1.4,1087,-8.7,0.66,0.0,0.0,Winter,No Holiday,Yes
1046,13/01/2018,5.375278407684165,14,-1.8,62,0.7,936,-8.1,0.55,0.0,0.0,Winter,No Holiday,Yes
1047,13/01/2018,5.529429087511423,15,-1.5,62,0.9,957,-7.8,0.28,0.0,0.0,Winter,No Holiday,Yes
1048,13/01/2018,5.521460917862246,16,-1.2,63,0.9,876,-7.3,0.19,0.0,0.0,Winter,No Holiday,Yes
1049,13/01/2018,5.627621113690637,17,-1.4,68,1.0,761,-6.5,0.11,0.0,0.0,Winter,No Holiday,Yes
1050,13/01/2018,5.4116460518550396,18,-2.6,73,1.0,684,-6.7,0.01,0.0,0.0,Winter,No Holiday,Yes
1051,13/01/2018,5.123963979403259,19,-3.3,76,0.8,633,-6.9,0.0,0.0,0.0,Winter,No Holiday,Yes
1052,13/01/2018,5.0689042022202315,20,-3.9,78,1.1,596,-7.1,0.0,0.0,0.0,Winter,No Holiday,Yes
1053,13/01/2018,5.056245805348308,21,-4.1,79,0.7,522,-7.2,0.0,0.0,0.0,Winter,No Holiday,Yes
1054,13/01/2018,5.1298987149230735,22,-4.3,81,0.4,435,-7.0,0.0,0.0,0.0,Winter,No Holiday,Yes
1055,13/01/2018,4.882801922586371,23,-4.4,81,0.7,420,-7.1,0.0,0.0,0.0,Winter,No Holiday,Yes
1056,14/01/2018,5.0106352940962555,0,-4.4,81,0.7,414,-7.1,0.0,0.0,0.0,Winter,No Holiday,Yes
1057,14/01/2018,5.017279836814924,1,-3.7,79,0.9,438,-6.8,0.0,0.0,0.0,Winter,No Holiday,Yes
1058,14/01/2018,4.718498871295094,2,-3.5,78,1.0,444,-6.7,0.0,0.0,0.0,Winter,No Holiday,Yes
1059,14/01/2018,4.382026634673881,3,-3.6,78,1.6,471,-6.8,0.0,0.0,0.0,Winter,No Holiday,Yes
1060,14/01/2018,3.8918202981106265,4,-4.0,79,1.2,453,-7.1,0.0,0.0,0.0,Winter,No Holiday,Yes
1061,14/01/2018,3.4011973816621555,5,-4.2,79,1.2,442,-7.3,0.0,0.0,0.0,Winter,No Holiday,Yes
1062,14/01/2018,3.912023005428146,6,-4.3,79,1.1,433,-7.4,0.0,0.0,0.0,Winter,No Holiday,Yes
1063,14/01/2018,4.0943445622221,7,-4.4,80,1.4,411,-7.3,0.0,0.0,0.0,Winter,No Holiday,Yes
1064,14/01/2018,4.406719247264253,8,-3.8,79,0.8,412,-6.9,0.0,0.0,0.0,Winter,No Holiday,Yes
1065,14/01/2018,4.77912349311153,9,-3.4,77,1.6,432,-6.8,0.12,0.0,0.0,Winter,No Holiday,Yes
1066,14/01/2018,4.90527477843843,10,-2.1,72,1.7,489,-6.4,0.34,0.0,0.0,Winter,No Holiday,Yes
1067,14/01/2018,5.1647859739235145,11,-0.5,64,0.7,537,-6.4,0.49,0.0,0.0,Winter,No Holiday,Yes
1068,14/01/2018,5.424950017481403,12,1.2,58,0.8,550,-6.1,0.74,0.0,0.0,Winter,No Holiday,Yes
1069,14/01/2018,5.60947179518496,13,3.0,52,1.4,568,-5.9,0.9,0.0,0.0,Winter,No Holiday,Yes
1070,14/01/2018,5.720311776607412,14,3.7,53,0.6,592,-5.0,0.74,0.0,0.0,Winter,No Holiday,Yes
1071,14/01/2018,5.869296913133774,15,4.6,50,0.9,824,-4.9,0.62,0.0,0.0,Winter,No Holiday,Yes
1072,14/01/2018,5.905361848054571,16,5.3,49,1.8,982,-4.5,0.43,0.0,0.0,Winter,No Holiday,Yes
1073,14/01/2018,5.713732805509369,17,4.5,51,1.1,1244,-4.7,0.17,0.0,0.0,Winter,No Holiday,Yes
1074,14/01/2018,5.5254529391317835,18,4.1,53,1.3,1132,-4.6,0.0,0.0,0.0,Winter,No Holiday,Yes
1075,14/01/2018,5.342334251964811,19,3.9,54,1.1,1102,-4.5,0.0,0.0,0.0,Winter,No Holiday,Yes
1076,14/01/2018,5.351858133476067,20,3.5,55,1.0,1100,-4.7,0.0,0.0,0.0,Winter,No Holiday,Yes
1077,14/01/2018,5.365976015021851,21,3.1,58,0.4,936,-4.3,0.0,0.0,0.0,Winter,No Holiday,Yes
1078,14/01/2018,5.2832037287379885,22,2.8,60,0.6,829,-4.2,0.0,0.0,0.0,Winter,No Holiday,Yes
1079,14/01/2018,4.976733742420574,23,2.7,60,0.6,794,-4.3,0.0,0.0,0.0,Winter,No Holiday,Yes
1080,15/01/2018,5.147494476813453,0,3.0,60,0.5,842,-4.0,0.0,0.0,0.0,Winter,No Holiday,Yes
1081,15/01/2018,4.812184355372417,1,3.0,62,0.9,835,-3.5,0.0,0.0,0.0,Winter,No Holiday,Yes
1082,15/01/2018,4.31748811353631,2,3.6,65,0.9,959,-2.3,0.0,0.0,0.0,Winter,No Holiday,Yes
1083,15/01/2018,4.07753744390572,3,4.4,70,1.7,928,-0.6,0.0,0.0,0.0,Winter,No Holiday,Yes
1084,15/01/2018,3.6635616461296463,4,4.9,73,1.8,881,0.4,0.0,0.0,0.0,Winter,No Holiday,Yes
1085,15/01/2018,4.02535169073515,5,5.0,76,1.9,808,1.1,0.0,0.0,0.0,Winter,No Holiday,Yes
1086,15/01/2018,4.418840607796598,6,4.9,83,3.0,582,2.2,0.0,0.0,0.0,Winter,No Holiday,Yes
1087,15/01/2018,5.3471075307174685,7,4.4,87,1.0,357,2.4,0.0,0.0,0.0,Winter,No Holiday,Yes
1088,15/01/2018,6.09807428216624,8,4.1,85,1.1,470,1.7,0.0,0.0,0.0,Winter,No Holiday,Yes
1089,15/01/2018,5.717027701406222,9,3.9,86,1.7,399,1.7,0.11,0.2,0.0,Winter,No Holiday,Yes
1090,15/01/2018,5.3612921657094255,10,4.2,82,2.2,560,1.3,0.22,0.0,0.0,Winter,No Holiday,Yes
1091,15/01/2018,5.541263545158426,11,4.7,75,2.3,533,0.6,0.54,0.0,0.0,Winter,No Holiday,Yes
1092,15/01/2018,5.7430031878094825,12,6.2,64,1.9,549,-0.1,0.79,0.0,0.0,Winter,No Holiday,Yes
1093,15/01/2018,5.736572297479192,13,6.1,61,2.3,534,-0.8,0.91,0.0,0.0,Winter,No Holiday,Yes
1094,15/01/2018,5.726847747587197,14,7.1,52,2.1,646,-2.1,0.76,0.0,0.0,Winter,No Holiday,Yes
1095,15/01/2018,5.857933154483459,15,7.4,38,1.7,817,-6.0,0.63,0.0,0.0,Winter,No Holiday,Yes
1096,15/01/2018,5.902633333401366,16,7.5,37,0.9,813,-6.2,0.48,0.0,0.0,Winter,No Holiday,Yes
1097,15/01/2018,6.1224928095143865,17,6.5,40,0.8,804,-6.1,0.23,0.0,0.0,Winter,No Holiday,Yes
1098,15/01/2018,6.320768294250582,18,5.2,44,1.3,647,-6.0,0.0,0.0,0.0,Winter,No Holiday,Yes
1099,15/01/2018,6.09807428216624,19,4.4,53,1.2,538,-4.3,0.0,0.0,0.0,Winter,No Holiday,Yes
1100,15/01/2018,5.7745515455444085,20,3.7,58,1.3,474,-3.8,0.0,0.0,0.0,Winter,No Holiday,Yes
1101,15/01/2018,5.814130531825066,21,3.4,59,0.8,471,-3.8,0.0,0.0,0.0,Winter,No Holiday,Yes
1102,15/01/2018,5.811140992976701,22,3.0,61,1.6,460,-3.8,0.0,0.0,0.0,Winter,No Holiday,Yes
1103,15/01/2018,5.442417710521793,23,2.4,63,0.6,443,-3.9,0.0,0.0,0.0,Winter,No Holiday,Yes
1104,16/01/2018,5.3612921657094255,0,1.8,67,1.2,387,-3.6,0.0,0.0,0.0,Winter,No Holiday,Yes
1105,16/01/2018,5.337538079701318,1,1.2,64,0.7,455,-4.8,0.0,0.0,0.0,Winter,No Holiday,Yes
1106,16/01/2018,4.955827057601261,2,0.5,72,0.7,385,-3.9,0.0,0.0,0.0,Winter,No Holiday,Yes
1107,16/01/2018,4.406719247264253,3,0.3,70,0.6,438,-4.5,0.0,0.0,0.0,Winter,No Holiday,Yes
1108,16/01/2018,3.9512437185814275,4,0.8,65,0.7,502,-5.0,0.0,0.0,0.0,Winter,No Holiday,Yes
1109,16/01/2018,4.07753744390572,5,1.1,64,0.5,505,-4.9,0.0,0.0,0.0,Winter,No Holiday,Yes
1110,16/01/2018,4.948759890378168,6,1.2,69,0.6,436,-3.8,0.0,0.0,0.0,Winter,No Holiday,Yes
1111,16/01/2018,5.765191102784844,7,1.1,69,0.6,418,-3.9,0.0,0.0,0.0,Winter,No Holiday,Yes
1112,16/01/2018,6.478509642208569,8,1.2,68,0.6,411,-4.0,0.0,0.0,0.0,Winter,No Holiday,Yes
1113,16/01/2018,5.932245187448011,9,1.9,65,0.8,402,-3.9,0.06,0.0,0.0,Winter,No Holiday,Yes
1114,16/01/2018,5.402677381872279,10,2.7,60,0.5,392,-4.3,0.18,0.0,0.0,Winter,No Holiday,Yes
1115,16/01/2018,5.54907608489522,11,3.9,57,0.8,363,-3.8,0.28,0.0,0.0,Winter,No Holiday,Yes
1116,16/01/2018,5.6240175061873385,12,5.2,52,1.2,349,-3.8,0.45,0.0,0.0,Winter,No Holiday,Yes
1117,16/01/2018,5.6937321388027,13,5.8,47,0.8,382,-4.6,0.53,0.0,0.0,Winter,No Holiday,Yes
1118,16/01/2018,5.6240175061873385,14,6.5,43,0.8,468,-5.2,0.52,0.0,0.0,Winter,No Holiday,Yes
1119,16/01/2018,5.5254529391317835,15,6.3,40,0.3,498,-6.3,0.19,0.0,0.0,Winter,No Holiday,Yes
1120,16/01/2018,5.627621113690637,16,5.8,50,0.9,547,-3.8,0.11,0.0,0.0,Winter,No Holiday,Yes
1121,16/01/2018,5.945420608606575,17,5.2,58,0.8,462,-2.4,0.08,0.0,0.0,Winter,No Holiday,Yes
1122,16/01/2018,6.385194398997726,18,4.9,59,1.4,427,-2.4,0.0,0.0,0.0,Winter,No Holiday,Yes
1123,16/01/2018,6.016157159698354,19,4.6,57,1.0,432,-3.2,0.0,0.0,0.0,Winter,No Holiday,Yes
1124,16/01/2018,5.808142489980444,20,4.5,58,0.8,383,-3.0,0.0,0.0,0.0,Winter,No Holiday,Yes
1125,16/01/2018,5.8377304471659395,21,4.3,56,0.7,434,-3.7,0.0,0.0,0.0,Winter,No Holiday,Yes
1126,16/01/2018,5.7745515455444085,22,4.0,57,0.3,430,-3.7,0.0,0.0,0.0,Winter,No Holiday,Yes
1127,16/01/2018,5.493061443340548,23,3.9,60,0.9,379,-3.1,0.0,0.0,0.0,Winter,No Holiday,Yes
1128,17/01/2018,5.3230099791384085,0,3.5,62,0.4,382,-3.1,0.0,0.0,0.0,Winter,No Holiday,Yes
1129,17/01/2018,5.214935757608986,1,3.3,64,0.4,339,-2.8,0.0,0.0,0.0,Winter,No Holiday,Yes
1130,17/01/2018,4.948759890378168,2,3.1,65,0.8,310,-2.8,0.0,0.0,0.0,Winter,No Holiday,Yes
1131,17/01/2018,4.330733340286331,3,3.0,67,0.8,297,-2.5,0.0,0.0,0.0,Winter,No Holiday,Yes
1132,17/01/2018,4.02535169073515,4,3.0,68,0.5,322,-2.3,0.0,0.0,0.0,Winter,No Holiday,Yes
1133,17/01/2018,4.290459441148391,5,2.9,66,0.8,325,-2.8,0.0,0.0,0.0,Winter,No Holiday,Yes
1134,17/01/2018,4.7535901911063645,6,2.7,71,1.1,270,-2.0,0.0,0.0,0.0,Winter,No Holiday,Yes
1135,17/01/2018,5.60947179518496,7,2.5,71,0.9,289,-2.2,0.0,0.0,0.0,Winter,No Holiday,Yes
1136,17/01/2018,6.2878585601617845,8,2.6,70,0.6,296,-2.3,0.0,0.0,0.0,Winter,No Holiday,Yes
1137,17/01/2018,5.823045895483019,9,3.0,66,0.7,306,-2.7,0.12,0.0,0.0,Winter,No Holiday,Yes
1138,17/01/2018,5.3612921657094255,10,4.3,58,0.5,401,-3.2,0.23,0.0,0.0,Winter,No Holiday,Yes
1139,17/01/2018,5.602118820879701,11,6.0,51,1.0,436,-3.3,0.55,0.0,0.0,Winter,No Holiday,Yes
1140,17/01/2018,5.739792912179234,12,8.1,51,1.4,367,-1.4,0.75,0.0,0.0,Winter,No Holiday,Yes
1141,17/01/2018,5.6131281063880705,13,8.0,54,1.8,435,-0.7,0.57,0.0,0.0,Winter,No Holiday,Yes
1142,17/01/2018,5.556828061699537,14,7.7,54,2.6,313,-1.0,0.58,0.0,0.0,Winter,No Holiday,Yes
1143,17/01/2018,5.631211781821365,15,8.5,49,1.3,400,-1.6,0.73,0.0,0.0,Winter,No Holiday,Yes
1144,17/01/2018,5.752572638825633,16,8.3,54,1.2,330,-0.4,0.44,0.0,0.0,Winter,No Holiday,Yes
1145,17/01/2018,5.942799375126701,17,7.2,57,3.3,342,-0.7,0.19,0.0,0.0,Winter,No Holiday,Yes
1146,17/01/2018,6.218600119691729,18,5.2,62,2.9,503,-1.5,0.01,0.0,0.0,Winter,No Holiday,Yes
1147,17/01/2018,5.8888779583328805,19,4.2,68,2.4,446,-1.1,0.0,0.0,0.0,Winter,No Holiday,Yes
1148,17/01/2018,5.659482215759621,20,3.5,72,1.7,361,-1.0,0.0,0.0,0.0,Winter,No Holiday,Yes
1149,17/01/2018,5.771441123130016,21,3.1,74,1.1,333,-1.0,0.0,0.0,0.0,Winter,No Holiday,Yes
1150,17/01/2018,5.749392985908253,22,2.8,74,0.5,309,-1.3,0.0,0.0,0.0,Winter,No Holiday,Yes
1151,17/01/2018,5.429345628954441,23,2.7,74,0.8,291,-1.4,0.0,0.0,0.0,Winter,No Holiday,Yes
1152,18/01/2018,5.375278407684165,0,2.7,73,1.0,290,-1.6,0.0,0.0,0.0,Winter,No Holiday,Yes
1153,18/01/2018,5.25227342804663,1,3.2,72,1.9,306,-1.3,0.0,0.0,0.0,Winter,No Holiday,Yes
1154,18/01/2018,4.927253685157205,2,3.3,73,1.2,288,-1.0,0.0,0.0,0.0,Winter,No Holiday,Yes
1155,18/01/2018,4.564348191467836,3,3.6,74,1.7,273,-0.6,0.0,0.0,0.0,Winter,No Holiday,Yes
1156,18/01/2018,3.9318256327243257,4,3.3,80,2.1,232,0.1,0.0,0.0,0.0,Winter,No Holiday,Yes
1157,18/01/2018,4.23410650459726,5,2.6,82,2.0,229,-0.1,0.0,0.0,0.0,Winter,No Holiday,Yes
1158,18/01/2018,4.68213122712422,6,2.2,82,2.0,211,-0.5,0.0,0.0,0.0,Winter,No Holiday,Yes
1159,18/01/2018,5.634789603169249,7,1.5,86,1.1,189,-0.5,0.0,0.0,0.0,Winter,No Holiday,Yes
1160,18/01/2018,6.2878585601617845,8,1.1,86,1.2,197,-0.9,0.0,0.0,0.0,Winter,No Holiday,Yes
1161,18/01/2018,5.723585101952381,9,1.2,84,2.1,210,-1.2,0.07,0.0,0.0,Winter,No Holiday,Yes
1162,18/01/2018,5.241747015059643,10,1.4,81,2.1,255,-1.5,0.21,0.0,0.0,Winter,No Holiday,Yes
1163,18/01/2018,5.568344503761097,11,1.8,75,1.8,301,-2.1,0.35,0.0,0.0,Winter,No Holiday,Yes
1164,18/01/2018,5.5909869805108565,12,2.5,72,2.4,256,-2.0,0.0,0.0,0.0,Winter,No Holiday,Yes
1165,18/01/2018,5.730099782973574,13,3.5,54,3.2,463,-4.9,0.68,0.0,0.0,Winter,No Holiday,Yes
1166,18/01/2018,5.71042701737487,14,4.4,42,2.3,719,-7.4,0.72,0.0,0.0,Winter,No Holiday,Yes
1167,18/01/2018,5.598421958998375,15,4.2,36,2.3,957,-9.5,0.57,0.0,0.0,Winter,No Holiday,Yes
1168,18/01/2018,5.796057750765372,16,3.6,42,2.4,883,-8.1,0.29,0.0,0.0,Winter,No Holiday,Yes
1169,18/01/2018,6.0330862217988015,17,2.8,46,2.1,858,-7.6,0.14,0.0,0.0,Winter,No Holiday,Yes
1170,18/01/2018,6.2285110035911835,18,2.0,39,2.1,1259,-10.5,0.01,0.0,0.0,Winter,No Holiday,Yes
1171,18/01/2018,5.902633333401366,19,1.5,41,1.0,1210,-10.3,0.0,0.0,0.0,Winter,No Holiday,Yes
1172,18/01/2018,5.717027701406222,20,1.1,44,1.2,1171,-9.8,0.0,0.0,0.0,Winter,No Holiday,Yes
1173,18/01/2018,5.8289456176102075,21,0.8,45,1.5,1184,-9.8,0.0,0.0,0.0,Winter,No Holiday,Yes
1174,18/01/2018,5.765191102784844,22,0.7,45,2.0,1084,-9.9,0.0,0.0,0.0,Winter,No Holiday,Yes
1175,18/01/2018,5.4510384535657,23,0.6,47,2.3,1046,-9.4,0.0,0.0,0.0,Winter,No Holiday,Yes
1176,19/01/2018,5.356586274672012,0,0.3,45,1.8,1154,-10.2,0.0,0.0,0.0,Winter,No Holiday,Yes
1177,19/01/2018,5.337538079701318,1,0.0,43,1.7,1250,-11.1,0.0,0.0,0.0,Winter,No Holiday,Yes
1178,19/01/2018,4.948759890378168,2,-0.3,44,1.7,1295,-11.1,0.0,0.0,0.0,Winter,No Holiday,Yes
1179,19/01/2018,4.543294782270004,3,-0.6,43,1.7,1316,-11.6,0.0,0.0,0.0,Winter,No Holiday,Yes
1180,19/01/2018,4.07753744390572,4,-0.7,45,1.4,1241,-11.1,0.0,0.0,0.0,Winter,No Holiday,Yes
1181,19/01/2018,4.127134385045092,5,-1.4,47,1.4,1301,-11.2,0.0,0.0,0.0,Winter,No Holiday,Yes
1182,19/01/2018,5.0238805208462765,6,-1.8,49,1.4,1359,-11.1,0.0,0.0,0.0,Winter,No Holiday,Yes
1183,19/01/2018,5.814130531825066,7,-2.0,49,1.9,1281,-11.3,0.0,0.0,0.0,Winter,No Holiday,Yes
1184,19/01/2018,6.47543271670409,8,-2.5,50,1.0,1281,-11.5,0.0,0.0,0.0,Winter,No Holiday,Yes
1185,19/01/2018,5.961005339623274,9,-2.1,42,1.3,1519,-13.3,0.17,0.0,0.0,Winter,No Holiday,Yes
1186,19/01/2018,5.545177444479562,10,0.0,29,1.3,1592,-15.9,0.52,0.0,0.0,Winter,No Holiday,Yes
1187,19/01/2018,5.648974238161206,11,2.2,20,0.6,1794,-18.5,0.83,0.0,0.0,Winter,No Holiday,Yes
1188,19/01/2018,5.834810737062605,12,4.3,28,1.5,1858,-12.6,0.98,0.0,0.0,Winter,No Holiday,Yes
1189,19/01/2018,5.834810737062605,13,4.7,26,2.6,1370,-13.2,1.11,0.0,0.0,Winter,No Holiday,Yes
1190,19/01/2018,5.857933154483459,14,4.7,24,3.6,1552,-14.2,1.08,0.0,0.0,Winter,No Holiday,Yes
1191,19/01/2018,5.945420608606575,15,5.4,25,2.4,1686,-13.1,0.9,0.0,0.0,Winter,No Holiday,Yes
1192,19/01/2018,5.968707559985366,16,4.9,27,2.8,1648,-12.5,0.65,0.0,0.0,Winter,No Holiday,Yes
1193,19/01/2018,6.150602768446279,17,4.1,34,3.1,1810,-10.3,0.28,0.0,0.0,Winter,No Holiday,Yes
1194,19/01/2018,6.555356891810665,18,2.9,45,1.6,1629,-7.8,0.04,0.0,0.0,Winter,No Holiday,Yes
1195,19/01/2018,6.156978985585555,19,2.0,48,1.8,1519,-7.8,0.0,0.0,0.0,Winter,No Holiday,Yes
1196,19/01/2018,5.8377304471659395,20,1.2,51,0.6,1544,-7.8,0.0,0.0,0.0,Winter,No Holiday,Yes
1197,19/01/2018,5.805134968916488,21,0.5,52,0.8,1595,-8.2,0.0,0.0,0.0,Winter,No Holiday,Yes
1198,19/01/2018,5.680172609017068,22,0.0,56,0.8,1544,-7.7,0.0,0.0,0.0,Winter,No Holiday,Yes
1199,19/01/2018,5.4680601411351315,23,-0.5,59,0.9,1487,-7.5,0.0,0.0,0.0,Winter,No Holiday,Yes
1200,20/01/2018,5.43372200355424,0,-0.6,60,0.6,1433,-7.4,0.0,0.0,0.0,Winter,No Holiday,Yes
1201,20/01/2018,5.556828061699537,1,-0.9,64,0.4,1273,-6.8,0.0,0.0,0.0,Winter,No Holiday,Yes
1202,20/01/2018,5.37989735354046,2,-0.9,65,0.6,1369,-6.6,0.0,0.0,0.0,Winter,No Holiday,Yes
1203,20/01/2018,4.77912349311153,3,-0.9,65,0.2,1359,-6.6,0.0,0.0,0.0,Winter,No Holiday,Yes
1204,20/01/2018,4.499809670330265,4,-0.7,65,0.6,1226,-6.4,0.0,0.0,0.0,Winter,No Holiday,Yes
1205,20/01/2018,4.04305126783455,5,-0.3,62,0.6,862,-6.7,0.0,0.0,0.0,Winter,No Holiday,Yes
1206,20/01/2018,3.9318256327243257,6,-0.1,60,0.4,1080,-6.9,0.0,0.0,0.0,Winter,No Holiday,Yes
1207,20/01/2018,4.624972813284271,7,0.2,60,0.3,1145,-6.6,0.0,0.0,0.0,Winter,No Holiday,Yes
1208,20/01/2018,5.2574953720277815,8,0.3,63,0.4,1140,-5.9,0.0,0.0,0.0,Winter,No Holiday,Yes
1209,20/01/2018,5.459585514144159,9,0.9,63,0.9,1090,-5.3,0.07,0.0,0.0,Winter,No Holiday,Yes
1210,20/01/2018,5.560681631015528,10,2.1,60,1.2,1005,-4.8,0.3,0.0,0.0,Winter,No Holiday,Yes
1211,20/01/2018,5.655991810819852,11,3.7,59,1.8,978,-3.5,0.51,0.0,0.0,Winter,No Holiday,Yes
1212,20/01/2018,5.786897381366708,12,5.3,55,2.6,904,-3.0,0.85,0.0,0.0,Winter,No Holiday,Yes
1213,20/01/2018,5.877735781779639,13,6.3,55,3.0,792,-2.0,0.85,0.0,0.0,Winter,No Holiday,Yes
1214,20/01/2018,5.814130531825066,14,5.9,61,3.2,623,-1.0,0.52,0.0,0.0,Winter,No Holiday,Yes
1215,20/01/2018,6.008813185442595,15,6.3,55,3.0,355,-2.0,0.68,0.0,0.0,Winter,No Holiday,Yes
1216,20/01/2018,5.8664680569332965,16,6.6,42,3.0,355,-5.4,0.48,0.0,0.0,Winter,No Holiday,Yes
1217,20/01/2018,5.934894195619588,17,5.7,53,1.8,276,-3.1,0.22,0.0,0.0,Winter,No Holiday,Yes
1218,20/01/2018,5.648974238161206,18,4.6,55,3.2,232,-3.6,0.03,0.0,0.0,Winter,No Holiday,Yes
1219,20/01/2018,5.4116460518550396,19,3.5,66,1.7,187,-2.2,0.0,0.0,0.0,Winter,No Holiday,Yes
1220,20/01/2018,5.393627546352362,20,2.9,66,1.2,173,-2.8,0.0,0.0,0.0,Winter,No Holiday,Yes
1221,20/01/2018,5.3981627015177525,21,2.1,48,2.8,346,-7.7,0.0,0.0,0.0,Winter,No Holiday,Yes
1222,20/01/2018,5.4510384535657,22,1.5,48,2.4,422,-8.3,0.0,0.0,0.0,Winter,No Holiday,Yes
1223,20/01/2018,5.10594547390058,23,0.8,53,1.7,382,-7.7,0.0,0.0,0.0,Winter,No Holiday,Yes
1224,21/01/2018,5.2832037287379885,0,-0.3,60,1.9,340,-7.1,0.0,0.0,0.0,Winter,No Holiday,Yes
1225,21/01/2018,5.181783550292085,1,-0.8,58,0.4,400,-8.0,0.0,0.0,0.0,Winter,No Holiday,Yes
1226,21/01/2018,4.68213122712422,2,-1.5,63,1.0,380,-7.6,0.0,0.0,0.0,Winter,No Holiday,Yes
1227,21/01/2018,4.68213122712422,3,-2.0,60,0.5,474,-8.7,0.0,0.0,0.0,Winter,No Holiday,Yes
1228,21/01/2018,4.30406509320417,4,-2.3,47,0.7,984,-12.1,0.0,0.0,0.0,Winter,No Holiday,Yes
1229,21/01/2018,3.4965075614664802,5,-2.6,49,1.1,1065,-11.8,0.0,0.0,0.0,Winter,No Holiday,Yes
1230,21/01/2018,3.6109179126442243,6,-3.1,54,1.4,1037,-11.1,0.0,0.0,0.0,Winter,No Holiday,Yes
1231,21/01/2018,4.127134385045092,7,-3.2,54,1.2,1113,-11.2,0.0,0.0,0.0,Winter,No Holiday,Yes
1232,21/01/2018,4.7535901911063645,8,-3.6,53,0.5,1227,-11.8,0.0,0.0,0.0,Winter,No Holiday,Yes
1233,21/01/2018,5.030437921392435,9,-3.2,46,0.8,1091,-13.2,0.15,0.0,0.0,Winter,No Holiday,Yes
1234,21/01/2018,5.247024072160486,10,-1.3,37,0.8,1070,-14.1,0.47,0.0,0.0,Winter,No Holiday,Yes
1235,21/01/2018,5.37989735354046,11,1.9,25,1.0,1493,-16.1,0.78,0.0,0.0,Winter,No Holiday,Yes
1236,21/01/2018,5.605802066295998,12,3.9,30,1.6,1085,-12.1,0.91,0.0,0.0,Winter,No Holiday,Yes
1237,21/01/2018,5.840641657373398,13,4.9,22,2.0,1446,-15.0,1.0,0.0,0.0,Winter,No Holiday,Yes
1238,21/01/2018,5.831882477283517,14,5.4,18,1.2,1923,-17.0,0.96,0.0,0.0,Winter,No Holiday,Yes
1239,21/01/2018,5.966146739123692,15,5.4,20,2.2,1890,-15.8,0.8,0.0,0.0,Winter,No Holiday,Yes
1240,21/01/2018,5.983936280687191,16,4.7,17,2.1,2000,-18.3,0.55,0.0,0.0,Winter,No Holiday,Yes
1241,21/01/2018,5.950642552587727,17,3.8,20,1.3,2000,-17.1,0.24,0.0,0.0,Winter,No Holiday,Yes
1242,21/01/2018,5.69035945432406,18,2.5,24,2.0,2000,-16.0,0.02,0.0,0.0,Winter,No Holiday,Yes
1243,21/01/2018,5.4116460518550396,19,1.3,25,1.3,2000,-16.6,0.0,0.0,0.0,Winter,No Holiday,Yes
1244,21/01/2018,5.556828061699537,20,0.3,27,0.4,2000,-16.5,0.0,0.0,0.0,Winter,No Holiday,Yes
1245,21/01/2018,5.472270673671475,21,-0.1,29,0.5,2000,-16.0,0.0,0.0,0.0,Winter,No Holiday,Yes
1246,21/01/2018,5.337538079701318,22,-0.3,32,0.7,2000,-15.0,0.0,0.0,0.0,Winter,No Holiday,Yes
1247,21/01/2018,5.14166355650266,23,-0.4,32,0.6,2000,-15.1,0.0,0.0,0.0,Winter,No Holiday,Yes
1248,22/01/2018,5.147494476813453,0,-0.2,30,0.4,2000,-15.7,0.0,0.0,0.0,Winter,No Holiday,Yes
1249,22/01/2018,4.584967478670572,1,-0.2,32,0.7,2000,-14.9,0.0,0.0,0.0,Winter,No Holiday,Yes
1250,22/01/2018,4.30406509320417,2,-0.2,33,1.4,2000,-14.5,0.0,0.0,0.0,Winter,No Holiday,Yes
1251,22/01/2018,3.9889840465642745,3,-0.3,31,0.3,2000,-15.4,0.0,0.0,0.0,Winter,No Holiday,Yes
1252,22/01/2018,3.4657359027997265,4,0.0,32,0.4,2000,-14.7,0.0,0.0,0.0,Winter,No Holiday,Yes
1253,22/01/2018,4.110873864173311,5,0.0,32,0.7,2000,-14.7,0.0,0.0,0.0,Winter,No Holiday,Yes
1254,22/01/2018,5.111987788356544,6,0.0,33,0.4,2000,-14.3,0.0,0.0,0.0,Winter,No Holiday,Yes
1255,22/01/2018,5.75890177387728,7,-0.4,34,1.0,1989,-14.3,0.0,0.0,0.0,Winter,No Holiday,Yes
1256,22/01/2018,6.52795791762255,8,-0.7,32,0.5,1991,-15.3,0.0,0.0,0.0,Winter,No Holiday,Yes
1257,22/01/2018,5.902633333401366,9,0.1,33,0.8,1901,-14.3,0.06,0.0,0.0,Winter,No Holiday,Yes
1258,22/01/2018,5.402677381872279,10,1.1,31,0.7,1898,-14.1,0.25,0.0,0.0,Winter,No Holiday,Yes
1259,22/01/2018,5.627621113690637,11,2.4,27,0.9,1796,-14.7,0.47,0.0,0.0,Winter,No Holiday,Yes
1260,22/01/2018,5.780743515792329,12,3.9,28,0.9,1383,-12.9,0.6,0.0,0.0,Winter,No Holiday,Yes
1261,22/01/2018,5.641907070938114,13,3.9,33,0.6,1249,-10.9,0.19,0.0,0.0,Winter,No Holiday,Yes
1262,22/01/2018,5.521460917862246,14,3.3,73,0.4,744,-1.0,0.11,0.0,0.0,Winter,No Holiday,Yes
1263,22/01/2018,4.1588830833596715,15,3.6,69,1.8,655,-1.5,0.17,0.0,0.0,Winter,No Holiday,Yes
1264,22/01/2018,2.9444389791664403,16,2.0,87,1.9,140,0.0,0.03,0.0,0.0,Winter,No Holiday,Yes
1265,22/01/2018,3.784189633918261,17,1.3,93,1.2,81,0.2,0.03,0.0,0.2,Winter,No Holiday,Yes
1266,22/01/2018,5.14166355650266,18,1.1,96,3.0,187,0.5,0.0,3.3,1.0,Winter,No Holiday,Yes
1267,22/01/2018,5.123963979403259,19,-0.1,88,3.2,582,-1.8,0.0,0.0,1.0,Winter,No Holiday,Yes
1268,22/01/2018,5.204006687076795,20,-0.8,85,2.9,836,-3.0,0.0,0.0,1.0,Winter,No Holiday,Yes
1269,22/01/2018,5.236441962829949,21,-1.8,85,2.9,590,-3.9,0.0,0.0,1.0,Winter,No Holiday,Yes
1270,22/01/2018,5.14166355650266,22,-3.2,81,3.9,492,-6.0,0.0,0.0,1.0,Winter,No Holiday,Yes
1271,22/01/2018,4.941642422609304,23,-4.2,79,2.9,554,-7.3,0.0,0.0,1.0,Winter,No Holiday,Yes
1272,23/01/2018,4.574710978503383,0,-5.3,77,3.8,894,-8.7,0.0,0.0,1.0,Winter,No Holiday,Yes
1273,23/01/2018,4.795790545596741,1,-6.0,76,3.1,1178,-9.5,0.0,0.0,1.0,Winter,No Holiday,Yes
1274,23/01/2018,4.330733340286331,2,-7.5,65,3.9,2000,-12.9,0.0,0.0,1.0,Winter,No Holiday,Yes
1275,23/01/2018,4.02535169073515,3,-8.6,68,3.3,2000,-13.4,0.0,0.0,1.0,Winter,No Holiday,Yes
1276,23/01/2018,3.828641396489095,4,-9.5,49,4.3,2000,-18.2,0.0,0.0,1.0,Winter,No Holiday,Yes
1277,23/01/2018,3.8066624897703196,5,-10.5,46,3.0,2000,-19.9,0.0,0.0,1.0,Winter,No Holiday,Yes
1278,23/01/2018,4.442651256490317,6,-11.5,47,3.2,2000,-20.5,0.0,0.0,1.0,Winter,No Holiday,Yes
1279,23/01/2018,5.356586274672012,7,-12.5,41,4.5,2000,-23.0,0.0,0.0,1.0,Winter,No Holiday,Yes
1280,23/01/2018,6.049733455231958,8,-13.0,41,4.0,2000,-23.5,0.0,0.0,1.0,Winter,No Holiday,Yes
1281,23/01/2018,5.43372200355424,9,-13.3,36,3.5,2000,-25.2,0.19,0.0,1.0,Winter,No Holiday,Yes
1282,23/01/2018,4.890349128221754,10,-12.1,34,3.5,1968,-24.8,0.62,0.0,1.0,Winter,No Holiday,Yes
1283,23/01/2018,5.220355825078324,11,-11.7,27,4.0,1935,-26.9,0.94,0.0,1.0,Winter,No Holiday,Yes
1284,23/01/2018,5.198497031265826,12,-11.3,27,3.7,1955,-26.6,1.18,0.0,1.0,Winter,No Holiday,Yes
1285,23/01/2018,5.247024072160486,13,-11.0,27,4.0,1959,-26.3,1.26,0.0,1.0,Winter,No Holiday,Yes
1286,23/01/2018,5.135798437050262,14,-10.4,30,4.3,2000,-24.6,1.22,0.0,1.0,Winter,No Holiday,Yes
1287,23/01/2018,5.204006687076795,15,-9.7,32,3.6,2000,-23.3,1.04,0.0,1.0,Winter,No Holiday,Yes
1288,23/01/2018,5.204006687076795,16,-10.1,34,4.3,2000,-23.0,0.74,0.0,1.0,Winter,No Holiday,Yes
1289,23/01/2018,5.480638923341991,17,-10.6,38,3.5,2000,-22.2,0.38,0.0,0.9,Winter,No Holiday,Yes
1290,23/01/2018,5.863631175598097,18,-11.5,43,2.4,2000,-21.6,0.05,0.0,0.9,Winter,No Holiday,Yes
1291,23/01/2018,5.517452896464707,19,-12.0,47,3.2,2000,-21.0,0.0,0.0,0.9,Winter,No Holiday,Yes
1292,23/01/2018,5.187385805840755,20,-12.5,52,3.0,2000,-20.3,0.0,0.0,0.9,Winter,No Holiday,Yes
1293,23/01/2018,4.983606621708336,21,-13.2,49,4.1,2000,-21.6,0.0,0.0,0.9,Winter,No Holiday,Yes
1294,23/01/2018,4.770684624465665,22,-13.9,45,4.0,2000,-23.2,0.0,0.0,0.9,Winter,No Holiday,Yes
1295,23/01/2018,4.672828834461906,23,-14.3,38,4.0,2000,-25.5,0.0,0.0,0.9,Winter,No Holiday,Yes
1296,24/01/2018,4.51085950651685,0,-14.6,34,3.9,2000,-27.0,0.0,0.0,0.9,Winter,No Holiday,Yes
1297,24/01/2018,4.499809670330265,1,-15.0,31,2.5,2000,-28.3,0.0,0.0,0.9,Winter,No Holiday,Yes
1298,24/01/2018,3.9318256327243257,2,-15.2,32,3.1,2000,-28.2,0.0,0.0,0.9,Winter,No Holiday,Yes
1299,24/01/2018,3.4965075614664802,3,-15.2,30,3.4,2000,-28.9,0.0,0.0,0.9,Winter,No Holiday,Yes
1300,24/01/2018,3.2188758248682006,4,-15.4,30,2.5,2000,-29.1,0.0,0.0,0.9,Winter,No Holiday,Yes
1301,24/01/2018,3.5553480614894135,5,-15.6,29,3.7,2000,-29.6,0.0,0.0,0.9,Winter,No Holiday,Yes
1302,24/01/2018,4.276666119016055,6,-15.7,29,2.5,2000,-29.7,0.0,0.0,0.9,Winter,No Holiday,Yes
1303,24/01/2018,5.10594547390058,7,-15.9,30,3.0,2000,-29.5,0.0,0.0,0.9,Winter,No Holiday,Yes
1304,24/01/2018,5.8998973535824915,8,-16.2,30,1.6,2000,-29.8,0.0,0.0,0.9,Winter,No Holiday,Yes
1305,24/01/2018,5.262690188904886,9,-15.8,27,3.4,2000,-30.5,0.2,0.0,0.9,Winter,No Holiday,Yes
1306,24/01/2018,4.51085950651685,10,-14.5,24,4.6,1902,-30.6,0.61,0.0,0.9,Winter,No Holiday,Yes
1307,24/01/2018,4.8283137373023015,11,-13.1,25,3.8,1964,-29.0,0.96,0.0,0.9,Winter,No Holiday,Yes
1308,24/01/2018,4.804021044733257,12,-12.2,26,4.0,2000,-27.8,1.17,0.0,0.9,Winter,No Holiday,Yes
1309,24/01/2018,4.948759890378168,13,-12.0,25,6.0,1887,-28.0,1.27,0.0,0.9,Winter,No Holiday,Yes
1310,24/01/2018,4.836281906951478,14,-11.1,26,3.8,1980,-26.8,1.25,0.0,0.8,Winter,No Holiday,Yes
1311,24/01/2018,5.0106352940962555,15,-10.8,29,3.8,2000,-25.4,1.06,0.0,0.7,Winter,No Holiday,Yes
1312,24/01/2018,4.8283137373023015,16,-11.2,30,4.7,2000,-25.3,0.77,0.0,0.7,Winter,No Holiday,Yes
1313,24/01/2018,5.318119993844216,17,-11.8,26,3.5,2000,-27.4,0.39,0.0,0.7,Winter,No Holiday,Yes
1314,24/01/2018,5.697093486505405,18,-13.0,29,3.4,2000,-27.3,0.05,0.0,0.7,Winter,No Holiday,Yes
1315,24/01/2018,5.356586274672012,19,-13.8,32,2.2,2000,-26.9,0.0,0.0,0.7,Winter,No Holiday,Yes
1316,24/01/2018,4.836281906951478,20,-14.3,37,1.3,2000,-25.8,0.0,0.0,0.7,Winter,No Holiday,Yes
1317,24/01/2018,4.890349128221754,21,-14.7,40,3.2,1933,-25.3,0.0,0.0,0.7,Winter,No Holiday,Yes
1318,24/01/2018,4.804021044733257,22,-15.2,45,4.0,2000,-24.4,0.0,0.0,0.7,Winter,No Holiday,Yes
1319,24/01/2018,4.418840607796598,23,-15.7,43,3.6,2000,-25.4,0.0,0.0,0.7,Winter,No Holiday,Yes
1320,25/01/2018,4.3694478524670215,0,-15.9,43,3.8,2000,-25.6,0.0,0.0,0.7,Winter,No Holiday,Yes
1321,25/01/2018,4.23410650459726,1,-16.1,42,2.2,2000,-26.0,0.0,0.0,0.7,Winter,No Holiday,Yes
1322,25/01/2018,4.110873864173311,2,-16.0,42,1.3,2000,-25.9,0.0,0.0,0.7,Winter,No Holiday,Yes
1323,25/01/2018,3.4965075614664802,3,-16.0,40,1.9,2000,-26.5,0.0,0.0,0.7,Winter,No Holiday,Yes
1324,25/01/2018,3.1354942159291497,4,-15.9,37,2.4,1985,-27.2,0.0,0.0,0.7,Winter,No Holiday,Yes
1325,25/01/2018,3.5553480614894135,5,-15.8,37,2.7,2000,-27.1,0.0,0.0,0.7,Winter,No Holiday,Yes
1326,25/01/2018,4.276666119016055,6,-16.1,33,3.0,2000,-28.7,0.0,0.0,0.7,Winter,No Holiday,Yes
1327,25/01/2018,5.111987788356544,7,-16.2,33,2.2,2000,-28.7,0.0,0.0,0.7,Winter,No Holiday,Yes
1328,25/01/2018,5.857933154483459,8,-16.4,32,3.3,2000,-29.2,0.01,0.0,0.6,Winter,No Holiday,Yes
1329,25/01/2018,5.236441962829949,9,-16.2,33,2.9,2000,-28.7,0.19,0.0,0.6,Winter,No Holiday,Yes
1330,25/01/2018,4.663439094112067,10,-15.3,33,2.4,2000,-27.9,0.56,0.0,0.6,Winter,No Holiday,Yes
1331,25/01/2018,4.812184355372417,11,-13.8,25,3.5,1996,-29.6,0.91,0.0,0.6,Winter,No Holiday,Yes
1332,25/01/2018,4.962844630259907,12,-12.8,25,3.2,1981,-28.7,1.16,0.0,0.6,Winter,No Holiday,Yes
1333,25/01/2018,4.875197323201151,13,-11.4,27,3.9,2000,-26.7,1.26,0.0,0.6,Winter,No Holiday,Yes
1334,25/01/2018,5.081404364984463,14,-10.4,25,2.3,1981,-26.7,1.21,0.0,0.5,Winter,No Holiday,Yes
1335,25/01/2018,4.875197323201151,15,-9.7,28,3.7,2000,-24.8,1.0,0.0,0.5,Winter,No Holiday,Yes
1336,25/01/2018,5.030437921392435,16,-9.6,31,2.6,1973,-23.6,0.66,0.0,0.5,Winter,No Holiday,Yes
1337,25/01/2018,5.14166355650266,17,-10.9,32,4.0,2000,-24.4,0.28,0.0,0.5,Winter,No Holiday,Yes
1338,25/01/2018,5.666426688112432,18,-11.8,33,4.0,2000,-24.8,0.04,0.0,0.5,Winter,No Holiday,Yes
1339,25/01/2018,5.187385805840755,19,-12.7,33,3.7,2000,-25.6,0.0,0.0,0.5,Winter,No Holiday,Yes
1340,25/01/2018,4.955827057601261,20,-13.5,33,2.4,2000,-26.3,0.0,0.0,0.5,Winter,No Holiday,Yes
1341,25/01/2018,4.927253685157205,21,-14.1,35,2.2,2000,-26.2,0.0,0.0,0.5,Winter,No Holiday,Yes
1342,25/01/2018,4.736198448394496,22,-14.6,35,2.5,2000,-26.7,0.0,0.0,0.5,Winter,No Holiday,Yes
1343,25/01/2018,4.382026634673881,23,-14.9,35,2.8,2000,-26.9,0.0,0.0,0.5,Winter,No Holiday,Yes
1344,26/01/2018,4.23410650459726,0,-15.1,34,1.7,2000,-27.4,0.0,0.0,0.5,Winter,No Holiday,Yes
1345,26/01/2018,4.543294782270004,1,-15.3,34,1.7,2000,-27.6,0.0,0.0,0.5,Winter,No Holiday,Yes
1346,26/01/2018,4.007333185232471,2,-15.6,33,2.2,2000,-28.2,0.0,0.0,0.5,Winter,No Holiday,Yes
1347,26/01/2018,3.7376696182833684,3,-15.9,34,2.9,2000,-28.2,0.0,0.0,0.5,Winter,No Holiday,Yes
1348,26/01/2018,3.2188758248682006,4,-16.4,36,1.5,2000,-28.0,0.0,0.0,0.5,Winter,No Holiday,Yes
1349,26/01/2018,3.6109179126442243,5,-16.9,38,2.3,2000,-27.9,0.0,0.0,0.5,Winter,No Holiday,Yes
1350,26/01/2018,4.174387269895637,6,-17.4,40,1.6,2000,-27.7,0.0,0.0,0.5,Winter,No Holiday,Yes
1351,26/01/2018,4.962844630259907,7,-17.5,38,3.4,2000,-28.4,0.0,0.0,0.5,Winter,No Holiday,Yes
1352,26/01/2018,5.777652323222656,8,-17.8,40,2.5,2000,-28.1,0.0,0.0,0.5,Winter,No Holiday,Yes
1353,26/01/2018,5.0106352940962555,9,-17.5,37,3.8,1941,-28.7,0.21,0.0,0.5,Winter,No Holiday,Yes
1354,26/01/2018,4.574710978503383,10,-16.5,33,3.4,1703,-29.0,0.62,0.0,0.5,Winter,No Holiday,Yes
1355,26/01/2018,4.543294782270004,11,-15.6,31,3.3,1808,-28.9,0.93,0.0,0.5,Winter,No Holiday,Yes
1356,26/01/2018,4.718498871295094,12,-14.4,30,2.7,1906,-28.2,1.17,0.0,0.5,Winter,No Holiday,Yes
1357,26/01/2018,4.7535901911063645,13,-13.3,28,2.7,1889,-27.9,1.26,0.0,0.5,Winter,No Holiday,Yes
1358,26/01/2018,4.762173934797756,14,-12.1,27,2.5,1879,-27.3,1.25,0.0,0.4,Winter,No Holiday,Yes
1359,26/01/2018,4.948759890378168,15,-11.4,27,3.3,1805,-26.7,0.0,0.0,0.4,Winter,No Holiday,Yes
1360,26/01/2018,4.997212273764115,16,-10.8,28,2.7,1778,-25.8,0.77,0.0,0.4,Winter,No Holiday,Yes
1361,26/01/2018,5.2832037287379885,17,-11.5,31,3.3,1745,-25.2,0.41,0.0,0.3,Winter,No Holiday,Yes
1362,26/01/2018,5.723585101952381,18,-12.7,33,2.5,1835,-25.6,0.05,0.0,0.3,Winter,No Holiday,Yes
1363,26/01/2018,5.147494476813453,19,-13.2,33,2.4,1863,-26.1,0.0,0.0,0.3,Winter,No Holiday,Yes
1364,26/01/2018,4.804021044733257,20,-13.7,35,1.7,1878,-25.9,0.0,0.0,0.3,Winter,No Holiday,Yes
1365,26/01/2018,4.875197323201151,21,-14.1,36,1.8,1869,-25.9,0.0,0.0,0.3,Winter,No Holiday,Yes
1366,26/01/2018,4.6913478822291435,22,-14.6,40,1.8,1746,-25.2,0.0,0.0,0.3,Winter,No Holiday,Yes
1367,26/01/2018,4.499809670330265,23,-14.4,38,2.7,1738,-25.6,0.0,0.0,0.3,Winter,No Holiday,Yes
1368,27/01/2018,4.394449154672439,0,-15.0,42,1.2,1766,-25.0,0.0,0.0,0.3,Winter,No Holiday,Yes
1369,27/01/2018,4.553876891600541,1,-15.1,43,0.8,1905,-24.9,0.0,0.0,0.3,Winter,No Holiday,Yes
1370,27/01/2018,4.330733340286331,2,-15.3,43,0.6,1867,-25.0,0.0,0.0,0.3,Winter,No Holiday,Yes
1371,27/01/2018,3.7376696182833684,3,-15.3,43,0.8,1963,-25.0,0.0,0.0,0.3,Winter,No Holiday,Yes
1372,27/01/2018,3.6109179126442243,4,-15.3,47,0.8,1868,-24.0,0.0,0.0,0.3,Winter,No Holiday,Yes
1373,27/01/2018,3.258096538021482,5,-15.4,45,0.8,2000,-24.6,0.0,0.0,0.3,Winter,No Holiday,Yes
1374,27/01/2018,3.5263605246161616,6,-15.3,47,0.7,1921,-24.0,0.0,0.0,0.3,Winter,No Holiday,Yes
1375,27/01/2018,4.060443010546419,7,-15.7,53,1.3,1629,-23.1,0.0,0.0,0.3,Winter,No Holiday,Yes
1376,27/01/2018,4.442651256490317,8,-15.9,58,0.9,1369,-22.2,0.0,0.0,0.3,Winter,No Holiday,Yes
1377,27/01/2018,4.663439094112067,9,-15.1,49,1.1,1401,-23.4,0.2,0.0,0.3,Winter,No Holiday,Yes
1378,27/01/2018,4.574710978503383,10,-12.3,35,0.6,1497,-24.6,0.6,0.0,0.3,Winter,No Holiday,Yes
1379,27/01/2018,4.836281906951478,11,-9.6,33,1.1,1748,-22.9,0.9,0.0,0.3,Winter,No Holiday,Yes
1380,27/01/2018,4.983606621708336,12,-7.7,32,2.5,1763,-21.5,1.13,0.0,0.3,Winter,No Holiday,Yes
1381,27/01/2018,5.247024072160486,13,-6.6,27,2.1,1889,-22.5,1.24,0.0,0.3,Winter,No Holiday,Yes
1382,27/01/2018,5.267858159063328,14,-4.1,25,2.0,1730,-21.2,1.2,0.0,0.2,Winter,No Holiday,Yes
1383,27/01/2018,5.262690188904886,15,-3.7,26,2.2,1739,-20.4,1.04,0.0,0.0,Winter,No Holiday,Yes
1384,27/01/2018,5.278114659230517,16,-3.7,25,2.6,1839,-20.9,0.74,0.0,0.0,Winter,No Holiday,Yes
1385,27/01/2018,5.337538079701318,17,-4.6,26,1.9,2000,-21.2,0.39,0.0,0.0,Winter,No Holiday,Yes
1386,27/01/2018,5.093750200806762,18,-6.6,31,3.0,1988,-20.9,0.06,0.0,0.0,Winter,No Holiday,Yes
1387,27/01/2018,4.812184355372417,19,-7.1,33,2.0,1887,-20.6,0.0,0.0,0.0,Winter,No Holiday,Yes
1388,27/01/2018,4.770684624465665,20,-7.6,36,1.7,1858,-20.1,0.0,0.0,0.0,Winter,No Holiday,Yes
1389,27/01/2018,4.6443908991413725,21,-7.9,35,2.6,1878,-20.7,0.0,0.0,0.0,Winter,No Holiday,Yes
1390,27/01/2018,4.74493212836325,22,-7.8,43,2.3,1804,-18.2,0.0,0.0,0.0,Winter,No Holiday,Yes
1391,27/01/2018,4.6443908991413725,23,-7.6,42,1.2,1760,-18.3,0.0,0.0,0.0,Winter,No Holiday,Yes
1392,28/01/2018,4.836281906951478,0,-7.5,36,2.3,1972,-20.0,0.0,0.0,0.0,Winter,No Holiday,Yes
1393,28/01/2018,4.6443908991413725,1,-7.5,45,2.4,1853,-17.4,0.0,0.0,0.0,Winter,No Holiday,Yes
1394,28/01/2018,4.290459441148391,2,-7.8,51,1.9,1627,-16.1,0.0,0.0,0.0,Winter,No Holiday,Yes
1395,28/01/2018,4.219507705176107,3,-7.7,49,1.8,1573,-16.5,0.0,0.0,0.0,Winter,No Holiday,Yes
1396,28/01/2018,3.6635616461296463,4,-7.6,37,1.6,1966,-19.8,0.0,0.0,0.0,Winter,No Holiday,Yes
1397,28/01/2018,3.091042453358316,5,-7.5,33,1.5,2000,-21.0,0.0,0.0,0.0,Winter,No Holiday,Yes
1398,28/01/2018,3.4339872044851463,6,-7.8,35,1.9,2000,-20.6,0.0,0.0,0.0,Winter,No Holiday,Yes
1399,28/01/2018,3.7612001156935624,7,-8.0,39,1.9,2000,-19.5,0.0,0.0,0.0,Winter,No Holiday,Yes
1400,28/01/2018,4.290459441148391,8,-8.1,43,1.7,1943,-18.5,0.0,0.0,0.0,Winter,No Holiday,Yes
1401,28/01/2018,4.653960350157523,9,-7.8,41,1.8,1923,-18.7,0.17,0.0,0.0,Winter,No Holiday,Yes
1402,28/01/2018,4.718498871295094,10,-5.9,35,1.9,1940,-18.9,0.53,0.0,0.0,Winter,No Holiday,Yes
1403,28/01/2018,4.983606621708336,11,-4.6,27,2.6,1887,-20.8,0.85,0.0,0.0,Winter,No Holiday,Yes
1404,28/01/2018,5.247024072160486,12,-3.5,26,2.5,1756,-20.2,1.07,0.0,0.0,Winter,No Holiday,Yes
1405,28/01/2018,5.332718793265369,13,-2.4,22,2.5,1866,-21.2,1.16,0.0,0.0,Winter,No Holiday,Yes
1406,28/01/2018,5.420534999272286,14,-1.5,20,3.0,1992,-21.6,1.09,0.0,0.0,Winter,No Holiday,Yes
1407,28/01/2018,5.384495062789089,15,-1.9,23,4.3,2000,-20.3,0.7,0.0,0.0,Winter,No Holiday,Yes
1408,28/01/2018,5.236441962829949,16,-2.1,27,4.0,2000,-18.6,0.52,0.0,0.0,Winter,No Holiday,Yes
1409,28/01/2018,5.187385805840755,17,-3.8,32,5.2,2000,-18.1,0.25,0.0,0.0,Winter,No Holiday,Yes
1410,28/01/2018,5.062595033026967,18,-4.9,35,3.7,2000,-18.0,0.04,0.0,0.0,Winter,No Holiday,Yes
1411,28/01/2018,4.90527477843843,19,-6.0,31,3.6,2000,-20.4,0.0,0.0,0.0,Winter,No Holiday,Yes
1412,28/01/2018,4.736198448394496,20,-7.0,30,2.8,2000,-21.6,0.0,0.0,0.0,Winter,No Holiday,Yes
1413,28/01/2018,4.672828834461906,21,-7.3,34,3.5,2000,-20.5,0.0,0.0,0.0,Winter,No Holiday,Yes
1414,28/01/2018,4.663439094112067,22,-7.9,40,2.5,1997,-19.1,0.0,0.0,0.0,Winter,No Holiday,Yes
1415,28/01/2018,4.406719247264253,23,-8.7,42,2.1,1981,-19.3,0.0,0.0,0.0,Winter,No Holiday,Yes
1416,29/01/2018,4.394449154672439,0,-9.3,45,0.7,1976,-19.0,0.0,0.0,0.0,Winter,No Holiday,Yes
1417,29/01/2018,4.143134726391533,1,-9.8,47,1.3,1934,-19.0,0.0,0.0,0.0,Winter,No Holiday,Yes
1418,29/01/2018,3.912023005428146,2,-10.2,47,0.9,1808,-19.3,0.0,0.0,0.0,Winter,No Holiday,Yes
1419,29/01/2018,3.332204510175204,3,-9.8,43,2.8,1963,-20.0,0.0,0.0,0.0,Winter,No Holiday,Yes
1420,29/01/2018,3.295836866004329,4,-9.9,45,2.5,1967,-19.6,0.0,0.0,0.0,Winter,No Holiday,Yes
1421,29/01/2018,3.9318256327243257,5,-10.4,47,1.0,1921,-19.5,0.0,0.0,0.0,Winter,No Holiday,Yes
1422,29/01/2018,4.553876891600541,6,-10.9,43,1.0,1967,-21.0,0.0,0.0,0.0,Winter,No Holiday,Yes
1423,29/01/2018,5.44673737166631,7,-11.1,37,1.6,2000,-22.9,0.0,0.0,0.0,Winter,No Holiday,Yes
1424,29/01/2018,6.111467339502679,8,-11.5,38,1.0,1998,-23.0,0.01,0.0,0.0,Winter,No Holiday,Yes
1425,29/01/2018,5.384495062789089,9,-10.8,34,2.9,1975,-23.6,0.17,0.0,0.0,Winter,No Holiday,Yes
1426,29/01/2018,4.912654885736052,10,-9.5,28,3.7,1893,-24.6,0.59,0.0,0.0,Winter,No Holiday,Yes
1427,29/01/2018,5.117993812416755,11,-8.1,24,3.6,1761,-25.1,0.91,0.0,0.0,Winter,No Holiday,Yes
1428,29/01/2018,5.231108616854587,12,-7.3,23,3.8,1903,-24.9,1.17,0.0,0.0,Winter,No Holiday,Yes
1429,29/01/2018,5.117993812416755,13,-6.9,23,4.6,1963,-24.6,1.28,0.0,0.0,Winter,No Holiday,Yes
1430,29/01/2018,5.1298987149230735,14,-5.7,23,4.5,1956,-23.5,1.25,0.0,0.0,Winter,No Holiday,Yes
1431,29/01/2018,5.181783550292085,15,-5.2,27,4.5,1927,-21.3,1.06,0.0,0.0,Winter,No Holiday,Yes
1432,29/01/2018,5.278114659230517,16,-5.5,28,4.3,1926,-21.1,0.78,0.0,0.0,Winter,No Holiday,Yes
1433,29/01/2018,5.480638923341991,17,-5.7,30,3.6,1978,-20.5,0.4,0.0,0.0,Winter,No Holiday,Yes
1434,29/01/2018,6.0844994130751715,18,-6.6,34,2.5,2000,-19.8,0.06,0.0,0.0,Winter,No Holiday,Yes
1435,29/01/2018,5.645446897643238,19,-7.1,40,3.2,2000,-18.4,0.0,0.0,0.0,Winter,No Holiday,Yes
1436,29/01/2018,5.288267030694535,20,-7.4,41,3.8,2000,-18.4,0.0,0.0,0.0,Winter,No Holiday,Yes
1437,29/01/2018,5.209486152841421,21,-7.7,42,2.9,1905,-18.4,0.0,0.0,0.0,Winter,No Holiday,Yes
1438,29/01/2018,5.153291594497779,22,-8.8,40,3.0,1985,-19.9,0.0,0.0,0.0,Winter,No Holiday,Yes
1439,29/01/2018,4.605170185988092,23,-9.4,41,1.6,2000,-20.2,0.0,0.0,0.0,Winter,No Holiday,Yes
1440,30/01/2018,4.6913478822291435,0,-10.0,34,1.1,2000,-22.9,0.0,0.0,0.0,Winter,No Holiday,Yes
1441,30/01/2018,4.867534450455582,1,-10.4,37,0.3,2000,-22.3,0.0,0.0,0.0,Winter,No Holiday,Yes
1442,30/01/2018,4.442651256490317,2,-10.6,40,1.0,2000,-21.6,0.0,0.0,0.0,Winter,No Holiday,Yes
1443,30/01/2018,4.007333185232471,3,-10.7,42,1.4,2000,-21.1,0.0,0.0,0.0,Winter,No Holiday,Yes
1444,30/01/2018,3.5263605246161616,4,-11.1,50,1.2,1986,-19.4,0.0,0.0,0.0,Winter,No Holiday,Yes
1445,30/01/2018,3.871201010907891,5,-11.3,53,1.6,1979,-19.0,0.0,0.0,0.0,Winter,No Holiday,Yes
1446,30/01/2018,4.553876891600541,6,-11.2,53,0.9,2000,-18.9,0.0,0.0,0.0,Winter,No Holiday,Yes
1447,30/01/2018,5.3706380281276624,7,-11.3,57,0.9,1984,-18.1,0.0,0.0,0.0,Winter,No Holiday,Yes
1448,30/01/2018,6.198478716492308,8,-11.1,61,0.7,1963,-17.1,0.01,0.0,0.0,Winter,No Holiday,Yes
1449,30/01/2018,5.541263545158426,9,-9.9,49,0.8,1624,-18.6,0.2,0.0,0.0,Winter,No Holiday,Yes
1450,30/01/2018,5.14166355650266,10,-7.5,42,0.9,1705,-18.2,0.55,0.0,0.0,Winter,No Holiday,Yes
1451,30/01/2018,5.3981627015177525,11,-4.5,29,1.3,1912,-19.8,0.79,0.0,0.0,Winter,No Holiday,Yes
1452,30/01/2018,5.537334267018537,12,-3.2,32,2.7,1900,-17.5,1.01,0.0,0.0,Winter,No Holiday,Yes
1453,30/01/2018,5.420534999272286,13,-1.3,35,2.0,1893,-14.8,1.18,0.0,0.0,Winter,No Holiday,Yes
1454,30/01/2018,5.476463551931511,14,-1.1,46,2.1,1437,-11.2,0.72,0.0,0.0,Winter,No Holiday,Yes
1455,30/01/2018,5.159055299214529,15,-1.6,55,2.5,1891,-9.4,0.64,0.0,0.0,Winter,No Holiday,Yes
1456,30/01/2018,4.553876891600541,16,-2.2,76,1.7,233,-5.8,0.25,0.0,0.0,Winter,No Holiday,Yes
1457,30/01/2018,3.9889840465642745,17,-2.4,85,0.3,174,-4.5,0.06,0.0,0.6,Winter,No Holiday,Yes
1458,30/01/2018,4.61512051684126,18,-2.3,91,0.4,202,-3.5,0.0,1.4,2.0,Winter,No Holiday,Yes
1459,30/01/2018,4.0943445622221,19,-1.7,91,1.1,167,-2.9,0.0,0.0,3.0,Winter,No Holiday,Yes
1460,30/01/2018,4.290459441148391,20,-1.5,91,1.7,270,-2.7,0.0,0.0,3.3,Winter,No Holiday,Yes
1461,30/01/2018,4.110873864173311,21,-1.6,91,1.3,508,-2.8,0.0,1.5,3.5,Winter,No Holiday,Yes
1462,30/01/2018,4.30406509320417,22,-1.7,85,1.2,1006,-3.8,0.0,0.0,3.5,Winter,No Holiday,Yes
1463,30/01/2018,4.143134726391533,23,-1.7,83,1.0,1093,-4.2,0.0,0.0,3.5,Winter,No Holiday,Yes
1464,31/01/2018,4.248495242049359,0,-1.7,83,0.8,1113,-4.2,0.0,0.0,3.5,Winter,No Holiday,Yes
1465,31/01/2018,4.574710978503383,1,-1.6,81,1.1,1141,-4.4,0.0,0.0,3.5,Winter,No Holiday,Yes
1466,31/01/2018,4.110873864173311,2,-1.6,80,1.4,1097,-4.6,0.0,0.0,3.5,Winter,No Holiday,Yes
1467,31/01/2018,3.871201010907891,3,-2.2,83,1.0,977,-4.7,0.0,0.0,3.5,Winter,No Holiday,Yes
1468,31/01/2018,3.5553480614894135,4,-2.4,82,1.5,877,-5.0,0.0,0.0,3.5,Winter,No Holiday,Yes
1469,31/01/2018,3.5553480614894135,5,-2.8,83,0.6,946,-5.2,0.0,0.0,3.5,Winter,No Holiday,Yes
1470,31/01/2018,4.1588830833596715,6,-3.1,80,0.7,1215,-6.0,0.0,0.0,3.5,Winter,No Holiday,Yes
1471,31/01/2018,4.8283137373023015,7,-3.5,83,1.6,953,-5.9,0.0,0.0,3.5,Winter,No Holiday,Yes
1472,31/01/2018,5.6131281063880705,8,-3.6,83,1.7,915,-6.0,0.0,0.0,3.5,Winter,No Holiday,Yes
1473,31/01/2018,4.927253685157205,9,-3.3,77,1.2,916,-6.7,0.1,0.0,3.4,Winter,No Holiday,Yes
1474,31/01/2018,4.634728988229636,10,-2.3,63,1.7,1286,-8.4,0.22,0.0,3.2,Winter,No Holiday,Yes
1475,31/01/2018,4.976733742420574,11,-1.5,46,2.5,1906,-11.6,0.56,0.0,3.0,Winter,No Holiday,Yes
1476,31/01/2018,5.081404364984463,12,-1.0,35,2.7,1921,-14.5,0.64,0.0,3.0,Winter,No Holiday,Yes
1477,31/01/2018,5.147494476813453,13,-0.8,39,2.6,1853,-13.0,0.54,0.0,2.8,Winter,No Holiday,Yes
1478,31/01/2018,5.056245805348308,14,-0.7,33,2.7,1984,-15.0,0.56,0.0,2.5,Winter,No Holiday,Yes
1479,31/01/2018,5.3706380281276624,15,-0.5,30,2.3,1997,-15.9,0.45,0.0,2.2,Winter,No Holiday,Yes
1480,31/01/2018,5.37989735354046,16,-0.1,29,1.6,2000,-16.0,0.5,0.0,1.8,Winter,No Holiday,Yes
1481,31/01/2018,5.634789603169249,17,-0.9,34,2.8,2000,-14.8,0.28,0.0,1.8,Winter,No Holiday,Yes
1482,31/01/2018,6.0014148779611505,18,-1.8,35,2.1,2000,-15.2,0.05,0.0,1.6,Winter,No Holiday,Yes
1483,31/01/2018,5.602118820879701,19,-2.2,36,2.2,2000,-15.2,0.0,0.0,1.6,Winter,No Holiday,Yes
1484,31/01/2018,5.438079308923196,20,-2.6,36,3.1,2000,-15.6,0.0,0.0,1.6,Winter,No Holiday,Yes
1485,31/01/2018,5.438079308923196,21,-3.4,40,0.9,2000,-15.0,0.0,0.0,1.6,Winter,No Holiday,Yes
1486,31/01/2018,5.241747015059643,22,-4.2,48,1.0,2000,-13.5,0.0,0.0,1.6,Winter,No Holiday,Yes
1487,31/01/2018,4.890349128221754,23,-4.7,53,1.3,2000,-12.8,0.0,0.0,1.6,Winter,No Holiday,Yes
1488,01/02/2018,4.812184355372417,0,-5.2,56,1.4,1996,-12.6,0.0,0.0,1.6,Winter,No Holiday,Yes
1489,01/02/2018,5.0106352940962555,1,-5.4,54,1.7,1996,-13.2,0.0,0.0,1.6,Winter,No Holiday,Yes
1490,01/02/2018,4.6443908991413725,2,-5.5,53,2.1,1980,-13.5,0.0,0.0,1.6,Winter,No Holiday,Yes
1491,01/02/2018,4.406719247264253,3,-6.2,57,1.6,1874,-13.3,0.0,0.0,1.6,Winter,No Holiday,Yes
1492,01/02/2018,3.6375861597263857,4,-7.1,56,1.8,1841,-14.4,0.0,0.0,1.6,Winter,No Holiday,Yes
1493,01/02/2018,3.9512437185814275,5,-7.8,65,2.3,1737,-13.2,0.0,0.0,1.6,Winter,No Holiday,Yes
1494,01/02/2018,4.564348191467836,6,-8.1,59,0.7,1915,-14.7,0.0,0.0,1.6,Winter,No Holiday,Yes
1495,01/02/2018,5.501258210544727,7,-8.7,64,0.5,1972,-14.2,0.0,0.0,1.6,Winter,No Holiday,Yes
1496,01/02/2018,6.131226489483141,8,-8.6,59,1.0,1948,-15.1,0.01,0.0,1.6,Winter,No Holiday,Yes
1497,01/02/2018,5.560681631015528,9,-7.9,50,0.6,1805,-16.5,0.23,0.0,1.6,Winter,No Holiday,Yes
1498,01/02/2018,5.1298987149230735,10,-5.0,41,0.5,1799,-16.2,0.64,0.0,1.5,Winter,No Holiday,Yes
1499,01/02/2018,5.272999558563747,11,-2.6,33,1.5,1830,-16.6,0.95,0.0,1.4,Winter,No Holiday,Yes
1500,01/02/2018,5.484796933490655,12,-1.1,31,1.3,1869,-16.1,1.2,0.0,1.3,Winter,No Holiday,Yes
1501,01/02/2018,5.455321115357702,13,0.3,28,3.1,1988,-16.1,1.3,0.0,1.0,Winter,No Holiday,Yes
1502,01/02/2018,5.54907608489522,14,0.8,23,3.2,2000,-18.0,1.29,0.0,0.5,Winter,No Holiday,Yes
1503,01/02/2018,5.683579767338681,15,0.7,25,3.0,1987,-17.1,1.12,0.0,0.0,Winter,No Holiday,Yes
1504,01/02/2018,5.594711379601839,16,1.1,26,2.1,1957,-16.3,0.82,0.0,0.0,Winter,No Holiday,Yes
1505,01/02/2018,5.834810737062605,17,0.3,26,2.4,1977,-17.0,0.45,0.0,0.0,Winter,No Holiday,Yes
1506,01/02/2018,6.297109319933935,18,-1.0,28,1.9,2000,-17.2,0.08,0.0,0.0,Winter,No Holiday,Yes
1507,01/02/2018,5.84354441703136,19,-1.8,32,1.5,2000,-16.3,0.0,0.0,0.0,Winter,No Holiday,Yes
1508,01/02/2018,5.575949103146316,20,-2.4,36,1.0,2000,-15.4,0.0,0.0,0.0,Winter,No Holiday,Yes
1509,01/02/2018,5.552959584921617,21,-3.2,47,1.8,1917,-12.9,0.0,0.0,0.0,Winter,No Holiday,Yes
1510,01/02/2018,5.4638318050256105,22,-3.9,52,1.2,1871,-12.3,0.0,0.0,0.0,Winter,No Holiday,Yes
1511,01/02/2018,4.969813299576001,23,-4.5,55,0.4,1908,-12.1,0.0,0.0,0.0,Winter,No Holiday,Yes
1512,02/02/2018,4.9344739331306915,0,-4.9,56,1.1,1982,-12.3,0.0,0.0,0.0,Winter,No Holiday,Yes
1513,02/02/2018,5.075173815233827,1,-5.2,56,0.9,1973,-12.6,0.0,0.0,0.0,Winter,No Holiday,Yes
1514,02/02/2018,4.634728988229636,2,-5.7,59,0.3,1951,-12.4,0.0,0.0,0.0,Winter,No Holiday,Yes
1515,02/02/2018,4.189654742026425,3,-6.3,63,0.9,1425,-12.2,0.0,0.0,0.0,Winter,No Holiday,Yes
1516,02/02/2018,3.871201010907891,4,-6.7,65,1.1,1705,-12.1,0.0,0.0,0.0,Winter,No Holiday,Yes
1517,02/02/2018,3.8918202981106265,5,-6.8,61,0.2,1724,-13.0,0.0,0.0,0.0,Winter,No Holiday,Yes
1518,02/02/2018,4.7535901911063645,6,-7.0,62,1.3,1830,-13.0,0.0,0.0,0.0,Winter,No Holiday,Yes
1519,02/02/2018,5.5909869805108565,7,-7.4,62,1.5,1909,-13.4,0.0,0.0,0.0,Winter,No Holiday,Yes
1520,02/02/2018,6.326149473155099,8,-7.4,58,2.2,1882,-14.2,0.01,0.0,0.0,Winter,No Holiday,Yes
1521,02/02/2018,5.638354669333745,9,-6.5,54,1.2,1541,-14.2,0.22,0.0,0.0,Winter,No Holiday,Yes
1522,02/02/2018,5.236441962829949,10,-4.1,43,1.2,1187,-14.8,0.59,0.0,0.0,Winter,No Holiday,Yes
1523,02/02/2018,5.459585514144159,11,-1.4,37,1.0,1317,-14.2,0.91,0.0,0.0,Winter,No Holiday,Yes
1524,02/02/2018,5.717027701406222,12,0.9,37,1.5,1283,-12.1,1.12,0.0,0.0,Winter,No Holiday,Yes
1525,02/02/2018,5.68697535633982,13,1.6,29,2.2,1662,-14.5,1.2,0.0,0.0,Winter,No Holiday,Yes
1526,02/02/2018,5.683579767338681,14,3.2,26,2.2,1499,-14.5,1.16,0.0,0.0,Winter,No Holiday,Yes
1527,02/02/2018,5.739792912179234,15,3.6,26,2.4,1687,-14.1,0.99,0.0,0.0,Winter,No Holiday,Yes
1528,02/02/2018,5.802118375377063,16,2.9,26,3.0,1968,-14.7,0.69,0.0,0.0,Winter,No Holiday,Yes
1529,02/02/2018,5.948034989180646,17,2.0,25,2.3,1998,-16.0,0.34,0.0,0.0,Winter,No Holiday,Yes
1530,02/02/2018,6.385194398997726,18,0.5,37,3.0,1733,-12.5,0.06,0.0,0.0,Winter,No Holiday,Yes
1531,02/02/2018,5.940171252720432,19,-0.5,43,2.5,1666,-11.5,0.0,0.0,0.0,Winter,No Holiday,Yes
1532,02/02/2018,5.488937726156687,20,-1.3,51,2.4,1481,-10.1,0.0,0.0,0.0,Winter,No Holiday,Yes
1533,02/02/2018,5.420534999272286,21,-2.0,61,1.7,1655,-8.5,0.0,0.0,0.0,Winter,No Holiday,Yes
1534,02/02/2018,5.429345628954441,22,-2.4,63,1.3,1523,-8.4,0.0,0.0,0.0,Winter,No Holiday,Yes
1535,02/02/2018,5.187385805840755,23,-2.6,69,2.0,1434,-7.5,0.0,0.0,0.0,Winter,No Holiday,Yes
1536,03/02/2018,5.209486152841421,0,-2.5,69,2.2,1366,-7.4,0.0,0.0,0.0,Winter,No Holiday,Yes
1537,03/02/2018,5.220355825078324,1,-2.3,71,3.2,1078,-6.8,0.0,0.0,0.0,Winter,No Holiday,Yes
1538,03/02/2018,4.820281565605037,2,-3.4,82,4.2,184,-6.0,0.0,0.0,0.0,Winter,No Holiday,Yes
1539,03/02/2018,4.110873864173311,3,-4.4,80,4.3,346,-7.3,0.0,0.1,0.1,Winter,No Holiday,Yes
1540,03/02/2018,3.58351893845611,4,-5.6,74,4.0,387,-9.5,0.0,0.0,0.2,Winter,No Holiday,Yes
1541,03/02/2018,3.4657359027997265,5,-6.3,65,3.9,1521,-11.8,0.0,0.0,0.3,Winter,No Holiday,Yes
1542,03/02/2018,3.5263605246161616,6,-7.8,57,4.8,1867,-14.8,0.0,0.4,0.3,Winter,No Holiday,Yes
1543,03/02/2018,4.219507705176107,7,-8.8,58,4.0,1942,-15.5,0.0,0.0,0.3,Winter,No Holiday,Yes
1544,03/02/2018,4.762173934797756,8,-9.5,56,3.5,1979,-16.6,0.01,0.0,0.3,Winter,No Holiday,Yes
1545,03/02/2018,5.1298987149230735,9,-9.4,47,3.3,1995,-18.6,0.42,0.0,0.3,Winter,No Holiday,Yes
1546,03/02/2018,4.976733742420574,10,-8.5,43,4.0,1797,-18.8,1.09,0.0,0.2,Winter,No Holiday,Yes
1547,03/02/2018,5.278114659230517,11,-7.7,41,4.6,1984,-18.7,1.65,0.0,0.2,Winter,No Holiday,Yes
1548,03/02/2018,5.262690188904886,12,-6.0,38,3.4,1930,-18.0,2.04,0.0,0.0,Winter,No Holiday,Yes
1549,03/02/2018,5.438079308923196,13,-5.8,38,3.7,1961,-17.8,2.25,0.0,0.0,Winter,No Holiday,Yes
1550,03/02/2018,5.2832037287379885,14,-5.0,31,4.0,2000,-19.5,2.18,0.0,0.0,Winter,No Holiday,Yes
1551,03/02/2018,5.351858133476067,15,-4.5,31,4.3,1979,-19.1,1.91,0.0,0.0,Winter,No Holiday,Yes
1552,03/02/2018,5.327876168789581,16,-4.2,31,3.5,1974,-18.8,1.42,0.0,0.0,Winter,No Holiday,Yes
1553,03/02/2018,5.356586274672012,17,-5.6,32,4.6,2000,-19.7,0.53,0.0,0.0,Winter,No Holiday,Yes
1554,03/02/2018,5.170483995038151,18,-6.6,36,4.4,2000,-19.2,0.15,0.0,0.0,Winter,No Holiday,Yes
1555,03/02/2018,4.912654885736052,19,-7.6,32,4.8,2000,-21.4,0.0,0.0,0.0,Winter,No Holiday,Yes
1556,03/02/2018,4.700480365792417,20,-8.5,31,4.1,2000,-22.6,0.0,0.0,0.0,Winter,No Holiday,Yes
1557,03/02/2018,4.68213122712422,21,-9.1,38,2.7,2000,-20.8,0.0,0.0,0.0,Winter,No Holiday,Yes
1558,03/02/2018,4.532599493153256,22,-9.7,45,3.0,2000,-19.4,0.0,0.0,0.0,Winter,No Holiday,Yes
1559,03/02/2018,4.5217885770490405,23,-10.0,48,2.6,2000,-18.9,0.0,0.0,0.0,Winter,No Holiday,Yes
1560,04/02/2018,4.59511985013459,0,-10.4,49,2.4,2000,-19.0,0.0,0.0,0.0,Winter,No Holiday,Yes
1561,04/02/2018,4.51085950651685,1,-10.5,48,3.1,2000,-19.4,0.0,0.0,0.0,Winter,No Holiday,Yes
1562,04/02/2018,4.110873864173311,2,-10.5,49,2.0,2000,-19.1,0.0,0.0,0.0,Winter,No Holiday,Yes
1563,04/02/2018,4.007333185232471,3,-10.6,47,3.7,2000,-19.7,0.0,0.0,0.0,Winter,No Holiday,Yes
1564,04/02/2018,3.58351893845611,4,-11.2,47,2.3,2000,-20.3,0.0,0.0,0.0,Winter,No Holiday,Yes
1565,04/02/2018,3.091042453358316,5,-11.5,51,3.3,1996,-19.6,0.0,0.0,0.0,Winter,No Holiday,Yes
1566,04/02/2018,3.1780538303479458,6,-11.8,54,2.4,1917,-19.2,0.0,0.0,0.0,Winter,No Holiday,Yes
1567,04/02/2018,3.5553480614894135,7,-12.4,54,2.5,1790,-19.8,0.0,0.0,0.0,Winter,No Holiday,Yes
1568,04/02/2018,4.2626798770413155,8,-12.8,56,2.4,1507,-19.7,0.02,0.0,0.0,Winter,No Holiday,Yes
1569,04/02/2018,4.584967478670572,9,-12.4,51,3.8,1415,-20.4,0.38,0.0,0.0,Winter,No Holiday,Yes
1570,04/02/2018,4.6443908991413725,10,-11.2,43,3.5,1359,-21.3,1.04,0.0,0.0,Winter,No Holiday,Yes
1571,04/02/2018,4.7535901911063645,11,-9.7,37,2.8,1436,-21.6,1.57,0.0,0.0,Winter,No Holiday,Yes
1572,04/02/2018,5.111987788356544,12,-8.3,32,1.8,1295,-22.1,1.99,0.0,0.0,Winter,No Holiday,Yes
1573,04/02/2018,5.030437921392435,13,-8.3,34,4.0,1561,-21.4,2.22,0.0,0.0,Winter,No Holiday,Yes
1574,04/02/2018,5.181783550292085,14,-7.4,33,4.0,1713,-20.9,2.17,0.0,0.0,Winter,No Holiday,Yes
1575,04/02/2018,5.25227342804663,15,-6.4,30,4.9,1939,-21.1,1.89,0.0,0.0,Winter,No Holiday,Yes
1576,04/02/2018,5.204006687076795,16,-5.4,29,3.6,1979,-20.6,1.4,0.0,0.0,Winter,No Holiday,Yes
1577,04/02/2018,5.220355825078324,17,-5.9,27,3.6,1974,-21.9,0.81,0.0,0.0,Winter,No Holiday,Yes
1578,04/02/2018,5.043425116919247,18,-7.0,26,4.1,2000,-23.3,0.16,0.0,0.0,Winter,No Holiday,Yes
1579,04/02/2018,4.8283137373023015,19,-7.7,31,3.3,2000,-21.9,0.0,0.0,0.0,Winter,No Holiday,Yes
1580,04/02/2018,4.59511985013459,20,-8.2,28,3.5,2000,-23.5,0.0,0.0,0.0,Winter,No Holiday,Yes
1581,04/02/2018,4.68213122712422,21,-8.9,35,3.2,2000,-21.6,0.0,0.0,0.0,Winter,No Holiday,Yes
1582,04/02/2018,4.3694478524670215,22,-9.7,45,1.3,2000,-19.4,0.0,0.0,0.0,Winter,No Holiday,Yes
1583,04/02/2018,4.356708826689592,23,-10.3,48,2.0,2000,-19.2,0.0,0.0,0.0,Winter,No Holiday,Yes
1584,05/02/2018,4.418840607796598,0,-10.5,52,2.4,2000,-18.4,0.0,0.0,0.0,Winter,No Holiday,Yes
1585,05/02/2018,3.970291913552122,1,-11.2,54,1.0,2000,-18.6,0.0,0.0,0.0,Winter,No Holiday,Yes
1586,05/02/2018,3.6888794541139363,2,-11.2,55,1.5,2000,-18.4,0.0,0.0,0.0,Winter,No Holiday,Yes
1587,05/02/2018,3.5263605246161616,3,-11.3,54,0.6,2000,-18.7,0.0,0.0,0.0,Winter,No Holiday,Yes
1588,05/02/2018,3.044522437723423,4,-11.7,51,1.2,2000,-19.8,0.0,0.0,0.0,Winter,No Holiday,Yes
1589,05/02/2018,3.6375861597263857,5,-11.6,45,2.4,2000,-21.1,0.0,0.0,0.0,Winter,No Holiday,Yes
1590,05/02/2018,4.709530201312334,6,-11.5,40,2.3,2000,-22.4,0.0,0.0,0.0,Winter,No Holiday,Yes
1591,05/02/2018,5.429345628954441,7,-11.6,44,1.6,2000,-21.4,0.0,0.0,0.0,Winter,No Holiday,Yes
1592,05/02/2018,6.073044534100405,8,-11.5,40,2.8,2000,-22.4,0.02,0.0,0.0,Winter,No Holiday,Yes
1593,05/02/2018,5.37989735354046,9,-11.1,38,2.4,1945,-22.6,0.43,0.0,0.0,Winter,No Holiday,Yes
1594,05/02/2018,4.820281565605037,10,-9.6,32,3.7,2000,-23.2,1.14,0.0,0.0,Winter,No Holiday,Yes
1595,05/02/2018,5.056245805348308,11,-8.5,27,4.7,1894,-24.2,1.73,0.0,0.0,Winter,No Holiday,Yes
1596,05/02/2018,5.062595033026967,12,-7.8,28,4.1,2000,-23.1,2.12,0.0,0.0,Winter,No Holiday,Yes
1597,05/02/2018,5.135798437050262,13,-7.0,25,4.2,1999,-23.7,2.29,0.0,0.0,Winter,No Holiday,Yes
1598,05/02/2018,5.14166355650266,14,-6.4,24,4.6,1970,-23.7,2.23,0.0,0.0,Winter,No Holiday,Yes
1599,05/02/2018,5.135798437050262,15,-5.7,25,4.4,1995,-22.6,1.94,0.0,0.0,Winter,No Holiday,Yes
1600,05/02/2018,5.298317366548036,16,-5.4,25,3.4,1985,-22.3,1.44,0.0,0.0,Winter,No Holiday,Yes
1601,05/02/2018,5.420534999272286,17,-6.4,28,4.5,2000,-21.9,0.81,0.0,0.0,Winter,No Holiday,Yes
1602,05/02/2018,5.963579343618446,18,-7.6,29,3.5,2000,-22.6,0.16,0.0,0.0,Winter,No Holiday,Yes
1603,05/02/2018,5.5093883366279774,19,-8.3,29,4.1,2000,-23.2,0.0,0.0,0.0,Winter,No Holiday,Yes
1604,05/02/2018,5.332718793265369,20,-9.1,35,3.8,2000,-21.7,0.0,0.0,0.0,Winter,No Holiday,Yes
1605,05/02/2018,5.181783550292085,21,-9.8,41,3.9,1949,-20.6,0.0,0.0,0.0,Winter,No Holiday,Yes
1606,05/02/2018,5.214935757608986,22,-10.3,43,3.7,1876,-20.5,0.0,0.0,0.0,Winter,No Holiday,Yes
1607,05/02/2018,4.7535901911063645,23,-10.5,47,2.8,1794,-19.6,0.0,0.0,0.0,Winter,No Holiday,Yes
1608,06/02/2018,4.844187086458591,0,-10.6,47,3.5,1803,-19.7,0.0,0.0,0.0,Winter,No Holiday,Yes
1609,06/02/2018,4.477336814478207,1,-10.9,36,3.3,2000,-23.0,0.0,0.0,0.0,Winter,No Holiday,Yes
1610,06/02/2018,4.0943445622221,2,-11.2,36,2.9,1981,-23.3,0.0,0.0,0.0,Winter,No Holiday,Yes
1611,06/02/2018,3.6109179126442243,3,-11.6,35,3.2,1992,-24.0,0.0,0.0,0.0,Winter,No Holiday,Yes
1612,06/02/2018,3.4965075614664802,4,-12.0,36,2.7,1998,-24.0,0.0,0.0,0.0,Winter,No Holiday,Yes
1613,06/02/2018,3.713572066704308,5,-12.3,37,2.9,2000,-24.0,0.0,0.0,0.0,Winter,No Holiday,Yes
1614,06/02/2018,4.553876891600541,6,-12.5,40,3.4,1991,-23.3,0.0,0.0,0.0,Winter,No Holiday,Yes
1615,06/02/2018,5.365976015021851,7,-12.7,41,3.7,1982,-23.2,0.0,0.0,0.0,Winter,No Holiday,Yes
1616,06/02/2018,6.0844994130751715,8,-12.7,41,3.1,2000,-23.2,0.02,0.0,0.0,Winter,No Holiday,Yes
1617,06/02/2018,5.384495062789089,9,-12.3,39,3.7,1984,-23.4,0.45,0.0,0.0,Winter,No Holiday,Yes
1618,06/02/2018,4.859812404361672,10,-11.3,35,4.2,1848,-23.7,1.15,0.0,0.0,Winter,No Holiday,Yes
1619,06/02/2018,5.170483995038151,11,-9.9,32,3.3,1863,-23.5,1.72,0.0,0.0,Winter,No Holiday,Yes
1620,06/02/2018,5.153291594497779,12,-8.2,31,2.7,1858,-22.3,2.09,0.0,0.0,Winter,No Holiday,Yes
1621,06/02/2018,5.111987788356544,13,-7.5,28,4.3,1904,-22.9,2.3,0.0,0.0,Winter,No Holiday,Yes
1622,06/02/2018,4.997212273764115,14,-7.0,26,4.4,1986,-23.3,2.24,0.0,0.0,Winter,No Holiday,Yes
1623,06/02/2018,5.147494476813453,15,-5.9,25,3.1,1936,-22.8,1.93,0.0,0.0,Winter,No Holiday,Yes
1624,06/02/2018,5.170483995038151,16,-5.9,24,3.5,2000,-23.2,1.44,0.0,0.0,Winter,No Holiday,Yes
1625,06/02/2018,5.429345628954441,17,-6.6,29,2.5,2000,-21.7,0.68,0.0,0.0,Winter,No Holiday,Yes
1626,06/02/2018,5.973809611869261,18,-7.6,36,3.3,2000,-20.1,0.11,0.0,0.0,Winter,No Holiday,Yes
1627,06/02/2018,5.529429087511423,19,-8.4,37,4.0,2000,-20.5,0.0,0.0,0.0,Winter,No Holiday,Yes
1628,06/02/2018,5.267858159063328,20,-9.6,34,2.6,2000,-22.5,0.0,0.0,0.0,Winter,No Holiday,Yes
1629,06/02/2018,5.170483995038151,21,-10.6,39,3.1,2000,-21.9,0.0,0.0,0.0,Winter,No Holiday,Yes
1630,06/02/2018,5.135798437050262,22,-11.1,43,1.8,1960,-21.2,0.0,0.0,0.0,Winter,No Holiday,Yes
1631,06/02/2018,4.672828834461906,23,-11.8,46,1.1,1860,-21.1,0.0,0.0,0.0,Winter,No Holiday,Yes
1632,07/02/2018,4.762173934797756,0,-12.3,47,0.4,1848,-21.3,0.0,0.0,0.0,Winter,No Holiday,Yes
1633,07/02/2018,4.574710978503383,1,-12.3,47,1.9,1837,-21.3,0.0,0.0,0.0,Winter,No Holiday,Yes
1634,07/02/2018,4.430816798843313,2,-12.5,50,1.0,1722,-20.8,0.0,0.0,0.0,Winter,No Holiday,Yes
1635,07/02/2018,3.9512437185814275,3,-12.5,49,1.5,1885,-21.0,0.0,0.0,0.0,Winter,No Holiday,Yes
1636,07/02/2018,3.5553480614894135,4,-13.1,54,0.7,1369,-20.4,0.0,0.0,0.0,Winter,No Holiday,Yes
1637,07/02/2018,3.828641396489095,5,-13.0,53,0.7,1810,-20.5,0.0,0.0,0.0,Winter,No Holiday,Yes
1638,07/02/2018,4.532599493153256,6,-13.2,50,0.5,1873,-21.4,0.0,0.0,0.0,Winter,No Holiday,Yes
1639,07/02/2018,5.3706380281276624,7,-13.2,56,0.9,1665,-20.1,0.0,0.0,0.0,Winter,No Holiday,Yes
1640,07/02/2018,6.152732694704104,8,-13.3,60,0.6,1598,-19.4,0.02,0.0,0.0,Winter,No Holiday,Yes
1641,07/02/2018,5.472270673671475,9,-12.0,50,1.3,1523,-20.3,0.43,0.0,0.0,Winter,No Holiday,Yes
1642,07/02/2018,5.049856007249537,10,-9.6,39,0.7,1580,-21.0,1.06,0.0,0.0,Winter,No Holiday,Yes
1643,07/02/2018,5.176149732573829,11,-7.0,28,3.3,1829,-22.4,1.56,0.0,0.0,Winter,No Holiday,Yes
1644,07/02/2018,5.241747015059643,12,-6.0,24,2.6,1964,-23.3,1.97,0.0,0.0,Winter,No Holiday,Yes
1645,07/02/2018,5.43372200355424,13,-4.5,23,2.6,1937,-22.5,2.12,0.0,0.0,Winter,No Holiday,Yes
1646,07/02/2018,5.298317366548036,14,-3.5,20,1.5,1976,-23.2,2.02,0.0,0.0,Winter,No Holiday,Yes
1647,07/02/2018,5.402677381872279,15,-2.1,20,2.3,1961,-22.1,1.87,0.0,0.0,Winter,No Holiday,Yes
1648,07/02/2018,5.484796933490655,16,-1.7,18,2.0,1919,-22.9,1.41,0.0,0.0,Winter,No Holiday,Yes
1649,07/02/2018,5.771441123130016,17,-2.3,20,2.2,1994,-22.2,0.77,0.0,0.0,Winter,No Holiday,Yes
1650,07/02/2018,6.1070228877422545,18,-4.0,27,2.5,2000,-20.2,0.16,0.0,0.0,Winter,No Holiday,Yes
1651,07/02/2018,5.638354669333745,19,-5.2,33,2.6,2000,-19.0,0.0,0.0,0.0,Winter,No Holiday,Yes
1652,07/02/2018,5.389071729816501,20,-5.8,44,2.1,1994,-16.1,0.0,0.0,0.0,Winter,No Holiday,Yes
1653,07/02/2018,5.4116460518550396,21,-6.3,48,2.2,1965,-15.5,0.0,0.0,0.0,Winter,No Holiday,Yes
1654,07/02/2018,5.303304908059076,22,-6.8,50,1.7,1856,-15.5,0.0,0.0,0.0,Winter,No Holiday,Yes
1655,07/02/2018,5.10594547390058,23,-7.6,50,1.0,1839,-16.2,0.0,0.0,0.0,Winter,No Holiday,Yes
1656,08/02/2018,4.919980925828125,0,-8.2,50,1.1,1850,-16.8,0.0,0.0,0.0,Winter,No Holiday,Yes
1657,08/02/2018,4.844187086458591,1,-8.5,60,1.2,1908,-14.8,0.0,0.0,0.0,Winter,No Holiday,Yes
1658,08/02/2018,4.6443908991413725,2,-8.3,65,0.4,1750,-13.7,0.0,0.0,0.0,Winter,No Holiday,Yes
1659,08/02/2018,4.060443010546419,3,-8.6,64,0.9,1754,-14.1,0.0,0.0,0.0,Winter,No Holiday,Yes
1660,08/02/2018,3.8501476017100584,4,-9.0,54,0.6,1833,-16.6,0.0,0.0,0.0,Winter,No Holiday,Yes
1661,08/02/2018,3.6888794541139363,5,-9.0,56,0.4,1678,-16.1,0.0,0.0,0.0,Winter,No Holiday,Yes
1662,08/02/2018,4.605170185988092,6,-9.3,61,0.7,1684,-15.4,0.0,0.0,0.0,Winter,No Holiday,Yes
1663,08/02/2018,5.545177444479562,7,-9.6,67,1.0,1503,-14.5,0.0,0.0,0.0,Winter,No Holiday,Yes
1664,08/02/2018,6.230481447578482,8,-9.7,65,0.8,1508,-15.0,0.02,0.0,0.0,Winter,No Holiday,Yes
1665,08/02/2018,5.602118820879701,9,-8.5,55,1.0,1482,-15.9,0.4,0.0,0.0,Winter,No Holiday,Yes
1666,08/02/2018,5.081404364984463,10,-6.3,46,1.3,1346,-16.0,1.01,0.0,0.0,Winter,No Holiday,Yes
1667,08/02/2018,5.384495062789089,11,-3.1,39,1.2,1495,-15.1,1.54,0.0,0.0,Winter,No Holiday,Yes
1668,08/02/2018,5.537334267018537,12,-1.5,35,1.2,1551,-15.0,1.9,0.0,0.0,Winter,No Holiday,Yes
1669,08/02/2018,5.602118820879701,13,0.3,30,1.4,1697,-15.2,2.11,0.0,0.0,Winter,No Holiday,Yes
1670,08/02/2018,5.537334267018537,14,0.9,25,2.4,1730,-16.9,2.09,0.0,0.0,Winter,No Holiday,Yes
1671,08/02/2018,5.659482215759621,15,1.4,25,2.2,1686,-16.5,1.81,0.0,0.0,Winter,No Holiday,Yes
1672,08/02/2018,5.652489180268651,16,2.0,25,2.3,1755,-16.0,1.3,0.0,0.0,Winter,No Holiday,Yes
1673,08/02/2018,5.823045895483019,17,1.5,24,1.9,1788,-16.9,0.72,0.0,0.0,Winter,No Holiday,Yes
1674,08/02/2018,6.336825731146441,18,-0.5,26,1.7,1999,-17.7,0.15,0.0,0.0,Winter,No Holiday,Yes
1675,08/02/2018,5.937536205082426,19,-1.8,35,1.4,1558,-15.2,0.0,0.0,0.0,Winter,No Holiday,Yes
1676,08/02/2018,5.627621113690637,20,-2.8,40,1.5,1593,-14.5,0.0,0.0,0.0,Winter,No Holiday,Yes
1677,08/02/2018,5.594711379601839,21,-3.3,42,1.1,1596,-14.4,0.0,0.0,0.0,Winter,No Holiday,Yes
1678,08/02/2018,5.455321115357702,22,-3.9,41,0.4,1462,-15.2,0.0,0.0,0.0,Winter,No Holiday,Yes
1679,08/02/2018,5.278114659230517,23,-4.3,44,0.7,1247,-14.7,0.0,0.0,0.0,Winter,No Holiday,Yes
1680,09/02/2018,5.187385805840755,0,-4.6,38,0.1,1551,-16.7,0.0,0.0,0.0,Winter,No Holiday,Yes
1681,09/02/2018,5.075173815233827,1,-4.8,44,1.1,1432,-15.2,0.0,0.0,0.0,Winter,No Holiday,Yes
1682,09/02/2018,4.68213122712422,2,-5.1,47,0.9,1460,-14.6,0.0,0.0,0.0,Winter,No Holiday,Yes
1683,09/02/2018,4.3694478524670215,3,-5.2,48,0.7,1309,-14.5,0.0,0.0,0.0,Winter,No Holiday,Yes
1684,09/02/2018,3.8501476017100584,4,-4.4,47,0.9,1343,-14.0,0.0,0.0,0.0,Winter,No Holiday,Yes
1685,09/02/2018,3.6109179126442243,5,-4.2,44,1.1,1196,-14.6,0.0,0.0,0.0,Winter,No Holiday,Yes
1686,09/02/2018,4.770684624465665,6,-4.0,41,0.8,1242,-15.3,0.0,0.0,0.0,Winter,No Holiday,Yes
1687,09/02/2018,5.6131281063880705,7,-3.6,42,0.9,1258,-14.6,0.0,0.0,0.0,Winter,No Holiday,Yes
1688,09/02/2018,6.380122536899765,8,-3.3,39,0.9,1279,-15.3,0.02,0.0,0.0,Winter,No Holiday,Yes
1689,09/02/2018,5.733341276897746,9,-2.4,36,1.2,1276,-15.4,0.2,0.0,0.0,Winter,No Holiday,Yes
1690,09/02/2018,5.298317366548036,10,-1.3,34,0.5,1192,-15.1,0.32,0.0,0.0,Winter,No Holiday,Yes
1691,09/02/2018,5.476463551931511,11,-0.2,31,0.8,1269,-15.3,0.5,0.0,0.0,Winter,No Holiday,Yes
1692,09/02/2018,5.564520407322694,12,1.6,28,0.5,1193,-14.9,0.88,0.0,0.0,Winter,No Holiday,Yes
1693,09/02/2018,5.594711379601839,13,2.6,27,0.8,1120,-14.5,0.82,0.0,0.0,Winter,No Holiday,Yes
1694,09/02/2018,5.648974238161206,14,4.0,25,0.9,1009,-14.3,1.06,0.0,0.0,Winter,No Holiday,Yes
1695,09/02/2018,5.755742213586912,15,5.0,24,1.0,1037,-13.9,1.16,0.0,0.0,Winter,No Holiday,Yes
1696,09/02/2018,5.768320995793772,16,6.0,28,1.7,1183,-11.1,1.03,0.0,0.0,Winter,No Holiday,Yes
1697,09/02/2018,6.0473721790462776,17,4.8,38,3.0,1582,-8.3,0.47,0.0,0.0,Winter,No Holiday,Yes
1698,09/02/2018,6.492239835020471,18,4.1,40,2.1,1327,-8.3,0.1,0.0,0.0,Winter,No Holiday,Yes
1699,09/02/2018,6.0112671744041615,19,3.3,58,1.7,1024,-4.1,0.0,0.0,0.0,Winter,No Holiday,Yes
1700,09/02/2018,5.733341276897746,20,3.0,61,1.9,842,-3.8,0.0,0.0,0.0,Winter,No Holiday,Yes
1701,09/02/2018,5.497168225293202,21,2.9,63,1.0,786,-3.4,0.0,0.0,0.0,Winter,No Holiday,Yes
1702,09/02/2018,5.575949103146316,22,2.5,66,1.1,759,-3.2,0.0,0.0,0.0,Winter,No Holiday,Yes
1703,09/02/2018,5.267858159063328,23,2.0,70,0.7,689,-2.9,0.0,0.0,0.0,Winter,No Holiday,Yes
1704,10/02/2018,5.288267030694535,0,1.5,71,1.1,590,-3.1,0.0,0.0,0.0,Winter,No Holiday,Yes
1705,10/02/2018,5.472270673671475,1,1.7,71,1.2,584,-3.0,0.0,0.0,0.0,Winter,No Holiday,Yes
1706,10/02/2018,5.135798437050262,2,1.9,71,1.5,584,-2.8,0.0,0.0,0.0,Winter,No Holiday,Yes
1707,10/02/2018,4.983606621708336,3,2.0,71,1.2,534,-2.7,0.0,0.0,0.0,Winter,No Holiday,Yes
1708,10/02/2018,4.382026634673881,4,1.9,74,1.2,514,-2.2,0.0,0.0,0.0,Winter,No Holiday,Yes
1709,10/02/2018,3.7376696182833684,5,1.8,75,2.0,484,-2.1,0.0,0.0,0.0,Winter,No Holiday,Yes
1710,10/02/2018,3.8918202981106265,6,1.6,78,1.6,448,-1.8,0.0,0.0,0.0,Winter,No Holiday,Yes
1711,10/02/2018,4.584967478670572,7,1.6,81,1.4,393,-1.3,0.0,0.0,0.0,Winter,No Holiday,Yes
1712,10/02/2018,5.241747015059643,8,1.6,82,1.3,349,-1.1,0.01,0.0,0.0,Winter,No Holiday,Yes
1713,10/02/2018,5.407171771460119,9,1.6,78,2.0,260,-1.8,0.17,0.0,0.0,Winter,No Holiday,Yes
1714,10/02/2018,5.4116460518550396,10,1.8,73,2.8,270,-2.5,0.69,0.0,0.0,Winter,No Holiday,Yes
1715,10/02/2018,5.4638318050256105,11,2.6,62,2.9,294,-3.9,1.12,0.0,0.0,Winter,No Holiday,Yes
1716,10/02/2018,5.517452896464707,12,2.9,53,4.7,354,-5.7,1.37,0.0,0.0,Winter,No Holiday,Yes
1717,10/02/2018,5.6937321388027,13,2.8,31,4.0,967,-12.6,1.42,0.0,0.0,Winter,No Holiday,Yes
1718,10/02/2018,5.659482215759621,14,2.2,24,4.5,1700,-16.3,1.66,0.0,0.0,Winter,No Holiday,Yes
1719,10/02/2018,5.627621113690637,15,2.0,20,4.1,1942,-18.6,1.49,0.0,0.0,Winter,No Holiday,Yes
1720,10/02/2018,5.676753802268282,16,0.3,17,4.9,2000,-21.9,0.87,0.0,0.0,Winter,No Holiday,Yes
1721,10/02/2018,5.627621113690637,17,-0.9,19,5.0,2000,-21.6,0.48,0.0,0.0,Winter,No Holiday,Yes
1722,10/02/2018,5.37989735354046,18,-2.0,15,5.6,2000,-25.2,0.13,0.0,0.0,Winter,No Holiday,Yes
1723,10/02/2018,5.0238805208462765,19,-3.1,14,5.1,2000,-26.9,0.0,0.0,0.0,Winter,No Holiday,Yes
1724,10/02/2018,4.890349128221754,20,-4.4,19,5.8,2000,-24.6,0.0,0.0,0.0,Winter,No Holiday,Yes
1725,10/02/2018,4.8283137373023015,21,-5.6,28,4.1,2000,-21.2,0.0,0.0,0.0,Winter,No Holiday,Yes
1726,10/02/2018,4.859812404361672,22,-6.2,32,3.5,2000,-20.2,0.0,0.0,0.0,Winter,No Holiday,Yes
1727,10/02/2018,4.77912349311153,23,-6.7,35,2.1,2000,-19.6,0.0,0.0,0.0,Winter,No Holiday,Yes
1728,11/02/2018,4.727387818712341,0,-6.9,36,2.1,2000,-19.5,0.0,0.0,0.0,Winter,No Holiday,Yes
1729,11/02/2018,4.564348191467836,1,-7.0,38,2.6,2000,-18.9,0.0,0.0,0.0,Winter,No Holiday,Yes
1730,11/02/2018,4.543294782270004,2,-7.0,42,1.6,2000,-17.7,0.0,0.0,0.0,Winter,No Holiday,Yes
1731,11/02/2018,4.07753744390572,3,-7.2,43,2.0,2000,-17.6,0.0,0.0,0.0,Winter,No Holiday,Yes
1732,11/02/2018,3.5553480614894135,4,-7.5,42,2.4,1998,-18.2,0.0,0.0,0.0,Winter,No Holiday,Yes
1733,11/02/2018,2.995732273553991,5,-7.8,39,2.8,2000,-19.3,0.0,0.0,0.0,Winter,No Holiday,Yes
1734,11/02/2018,3.6888794541139363,6,-8.4,33,1.4,1963,-21.8,0.0,0.0,0.0,Winter,No Holiday,Yes
1735,11/02/2018,3.713572066704308,7,-9.2,34,2.0,1945,-22.2,0.0,0.0,0.0,Winter,No Holiday,Yes
1736,11/02/2018,4.406719247264253,8,-9.4,29,1.9,1967,-24.1,0.03,0.0,0.0,Winter,No Holiday,Yes
1737,11/02/2018,4.844187086458591,9,-8.6,28,1.5,1786,-23.8,0.49,0.0,0.0,Winter,No Holiday,Yes
1738,11/02/2018,4.875197323201151,10,-6.9,21,3.4,1827,-25.6,1.16,0.0,0.0,Winter,No Holiday,Yes
1739,11/02/2018,5.049856007249537,11,-5.0,25,3.2,1853,-22.0,1.75,0.0,0.0,Winter,No Holiday,Yes
1740,11/02/2018,5.1647859739235145,12,-3.9,28,2.9,1921,-19.7,2.12,0.0,0.0,Winter,No Holiday,Yes
1741,11/02/2018,5.3612921657094255,13,-2.4,28,3.0,1953,-18.4,2.35,0.0,0.0,Winter,No Holiday,Yes
1742,11/02/2018,5.2574953720277815,14,-2.2,29,4.1,1983,-17.8,1.93,0.0,0.0,Winter,No Holiday,Yes
1743,11/02/2018,5.204006687076795,15,-2.6,31,2.7,1987,-17.4,1.36,0.0,0.0,Winter,No Holiday,Yes
1744,11/02/2018,5.170483995038151,16,-3.6,36,4.4,2000,-16.5,0.67,0.0,0.0,Winter,No Holiday,Yes
1745,11/02/2018,5.293304824724492,17,-4.2,47,2.7,2000,-13.8,0.31,0.0,0.0,Winter,No Holiday,Yes
1746,11/02/2018,5.017279836814924,18,-4.6,56,3.6,2000,-12.0,0.09,0.0,0.0,Winter,No Holiday,Yes
1747,11/02/2018,4.997212273764115,19,-5.2,66,3.1,2000,-10.5,0.0,0.0,0.0,Winter,No Holiday,Yes
1748,11/02/2018,4.852030263919617,20,-5.7,67,2.6,2000,-10.8,0.0,0.0,0.0,Winter,No Holiday,Yes
1749,11/02/2018,4.787491742782046,21,-5.6,69,2.2,1984,-10.3,0.0,0.0,0.0,Winter,No Holiday,Yes
1750,11/02/2018,4.6443908991413725,22,-5.8,57,3.2,1980,-12.9,0.0,0.0,0.0,Winter,No Holiday,Yes
1751,11/02/2018,4.5217885770490405,23,-7.0,49,3.4,1984,-15.9,0.0,0.0,0.0,Winter,No Holiday,Yes
1752,12/02/2018,4.6443908991413725,0,-7.7,52,3.2,1982,-15.8,0.0,0.0,0.0,Winter,No Holiday,Yes
1753,12/02/2018,4.248495242049359,1,-7.9,52,3.7,1961,-16.0,0.0,0.0,0.0,Winter,No Holiday,Yes
1754,12/02/2018,3.828641396489095,2,-8.3,49,2.7,2000,-17.1,0.0,0.0,0.0,Winter,No Holiday,Yes
1755,12/02/2018,3.091042453358316,3,-8.5,35,2.7,2000,-21.2,0.0,0.0,0.0,Winter,No Holiday,Yes
1756,12/02/2018,3.5263605246161616,4,-8.6,31,3.5,2000,-22.7,0.0,0.0,0.0,Winter,No Holiday,Yes
1757,12/02/2018,3.4339872044851463,5,-9.2,37,1.1,2000,-21.2,0.0,0.0,0.0,Winter,No Holiday,Yes
1758,12/02/2018,4.700480365792417,6,-9.5,36,1.5,2000,-21.8,0.0,0.0,0.0,Winter,No Holiday,Yes
1759,12/02/2018,5.4680601411351315,7,-9.5,35,1.1,2000,-22.1,0.0,0.0,0.0,Winter,No Holiday,Yes
1760,12/02/2018,6.249975242259483,8,-9.1,33,2.1,1998,-22.4,0.03,0.0,0.0,Winter,No Holiday,Yes
1761,12/02/2018,5.572154032177765,9,-8.4,28,2.2,1947,-23.7,0.49,0.0,0.0,Winter,No Holiday,Yes
1762,12/02/2018,5.087596335232384,10,-6.7,23,2.4,1938,-24.4,1.25,0.0,0.0,Winter,No Holiday,Yes
1763,12/02/2018,5.25227342804663,11,-6.1,25,2.8,1976,-22.9,1.28,0.0,0.0,Winter,No Holiday,Yes
1764,12/02/2018,5.313205979041787,12,-4.6,32,4.2,1874,-18.8,1.43,0.0,0.0,Winter,No Holiday,Yes
1765,12/02/2018,5.5093883366279774,13,-2.7,29,2.9,1961,-18.3,2.29,0.0,0.0,Winter,No Holiday,Yes
1766,12/02/2018,5.209486152841421,14,-2.4,30,3.4,1824,-17.6,2.08,0.0,0.0,Winter,No Holiday,Yes
1767,12/02/2018,5.43372200355424,15,-2.1,30,3.9,1933,-17.3,2.22,0.0,0.0,Winter,No Holiday,Yes
1768,12/02/2018,5.480638923341991,16,-2.4,33,4.5,1815,-16.5,1.55,0.0,0.0,Winter,No Holiday,Yes
1769,12/02/2018,5.666426688112432,17,-3.1,36,4.4,1988,-16.0,0.89,0.0,0.0,Winter,No Holiday,Yes
1770,12/02/2018,6.16541785423142,18,-4.4,46,3.5,2000,-14.3,0.23,0.0,0.0,Winter,No Holiday,Yes
1771,12/02/2018,5.831882477283517,19,-4.9,52,2.0,2000,-13.2,0.0,0.0,0.0,Winter,No Holiday,Yes
1772,12/02/2018,5.501258210544727,20,-4.7,55,1.7,2000,-12.3,0.0,0.0,0.0,Winter,No Holiday,Yes
1773,12/02/2018,5.537334267018537,21,-4.3,59,3.0,1239,-11.1,0.0,0.0,0.0,Winter,No Holiday,Yes
1774,12/02/2018,5.303304908059076,22,-4.2,57,1.7,2000,-11.4,0.0,0.0,0.0,Winter,No Holiday,Yes
1775,12/02/2018,4.948759890378168,23,-4.4,58,2.4,2000,-11.4,0.0,0.0,0.0,Winter,No Holiday,Yes
1776,13/02/2018,5.0689042022202315,0,-5.0,60,1.8,1995,-11.5,0.0,0.0,0.0,Winter,No Holiday,Yes
1777,13/02/2018,4.990432586778736,1,-5.5,60,1.3,1994,-12.0,0.0,0.0,0.0,Winter,No Holiday,Yes
1778,13/02/2018,4.672828834461906,2,-6.0,58,2.0,2000,-12.9,0.0,0.0,0.0,Winter,No Holiday,Yes
1779,13/02/2018,4.2626798770413155,3,-6.2,61,1.3,1992,-12.5,0.0,0.0,0.0,Winter,No Holiday,Yes
1780,13/02/2018,3.8501476017100584,4,-6.4,62,1.8,1978,-12.4,0.0,0.0,0.0,Winter,No Holiday,Yes
1781,13/02/2018,3.9512437185814275,5,-6.7,64,1.6,1981,-12.3,0.0,0.0,0.0,Winter,No Holiday,Yes
1782,13/02/2018,4.574710978503383,6,-7.1,70,1.0,1977,-11.6,0.0,0.0,0.0,Winter,No Holiday,Yes
1783,13/02/2018,5.68697535633982,7,-7.2,70,1.9,1946,-11.7,0.0,0.0,0.0,Winter,No Holiday,Yes
1784,13/02/2018,6.343880434126331,8,-7.1,68,0.6,1931,-12.0,0.03,0.0,0.0,Winter,No Holiday,Yes
1785,13/02/2018,5.655991810819852,9,-5.9,52,1.4,1935,-14.1,0.53,0.0,0.0,Winter,No Holiday,Yes
1786,13/02/2018,5.303304908059076,10,-2.4,41,1.5,1905,-13.8,1.19,0.0,0.0,Winter,No Holiday,Yes
1787,13/02/2018,5.53338948872752,11,-0.3,40,3.4,1728,-12.2,1.73,0.0,0.0,Winter,No Holiday,Yes
1788,13/02/2018,5.641907070938114,12,1.0,41,3.3,1794,-10.8,2.11,0.0,0.0,Winter,No Holiday,Yes
1789,13/02/2018,5.54907608489522,13,2.6,40,3.5,1854,-9.6,2.28,0.0,0.0,Winter,No Holiday,Yes
1790,13/02/2018,5.707110264748875,14,3.7,39,3.8,1908,-9.0,2.19,0.0,0.0,Winter,No Holiday,Yes
1791,13/02/2018,5.69035945432406,15,3.7,40,5.3,1950,-8.6,1.96,0.0,0.0,Winter,No Holiday,Yes
1792,13/02/2018,5.796057750765372,16,3.9,41,4.0,1973,-8.1,1.24,0.0,0.0,Winter,No Holiday,Yes
1793,13/02/2018,6.018593214496234,17,3.5,46,3.1,1992,-7.0,0.39,0.0,0.0,Winter,No Holiday,Yes
1794,13/02/2018,6.405228458030842,18,3.1,50,3.7,2000,-6.3,0.07,0.0,0.0,Winter,No Holiday,Yes
1795,13/02/2018,6.008813185442595,19,2.4,57,3.2,1995,-5.2,0.0,0.0,0.0,Winter,No Holiday,Yes
1796,13/02/2018,5.780743515792329,20,2.3,59,3.8,1981,-4.9,0.0,0.0,0.0,Winter,No Holiday,Yes
1797,13/02/2018,5.673323267171493,21,2.6,57,3.8,2000,-5.0,0.0,0.0,0.0,Winter,No Holiday,Yes
1798,13/02/2018,5.676753802268282,22,2.6,57,3.1,2000,-5.0,0.0,0.0,0.0,Winter,No Holiday,Yes
1799,13/02/2018,5.356586274672012,23,2.4,59,3.2,2000,-4.8,0.0,0.0,0.0,Winter,No Holiday,Yes
1800,14/02/2018,5.187385805840755,0,2.0,65,2.2,1885,-3.9,0.0,0.0,0.0,Winter,No Holiday,Yes
1801,14/02/2018,5.365976015021851,1,1.3,67,1.2,1738,-4.1,0.0,0.0,0.0,Winter,No Holiday,Yes
1802,14/02/2018,4.867534450455582,2,1.2,64,0.9,1680,-4.8,0.0,0.0,0.0,Winter,No Holiday,Yes
1803,14/02/2018,4.624972813284271,3,1.1,65,1.0,1596,-4.7,0.0,0.0,0.0,Winter,No Holiday,Yes
1804,14/02/2018,3.9512437185814275,4,1.1,67,1.7,1506,-4.3,0.0,0.0,0.0,Winter,No Holiday,Yes
1805,14/02/2018,4.04305126783455,5,1.0,68,0.6,1519,-4.2,0.0,0.0,0.0,Winter,No Holiday,Yes
1806,14/02/2018,4.6913478822291435,6,1.1,66,0.9,1550,-4.5,0.0,0.0,0.0,Winter,No Holiday,Yes
1807,14/02/2018,5.680172609017068,7,1.3,66,1.1,1534,-4.3,0.0,0.0,0.0,Winter,No Holiday,Yes
1808,14/02/2018,6.408528791059498,8,2.1,65,1.1,1559,-3.8,0.01,0.0,0.0,Winter,No Holiday,Yes
1809,14/02/2018,5.7899601708972535,9,3.9,64,2.9,1483,-2.3,0.18,0.0,0.0,Winter,No Holiday,Yes
1810,14/02/2018,5.488937726156687,10,5.2,65,3.9,1313,-0.8,0.56,0.0,0.0,Winter,No Holiday,Yes
1811,14/02/2018,5.666426688112432,11,6.3,67,3.5,1179,0.6,0.52,0.0,0.0,Winter,No Holiday,Yes
1812,14/02/2018,5.746203190540153,12,6.9,67,3.9,986,1.1,0.42,0.0,0.0,Winter,No Holiday,Yes
1813,14/02/2018,5.857933154483459,13,7.2,65,3.8,773,1.0,0.61,0.0,0.0,Winter,No Holiday,Yes
1814,14/02/2018,5.988961416889864,14,7.8,57,3.5,675,-0.2,1.34,0.0,0.0,Winter,No Holiday,Yes
1815,14/02/2018,6.135564891081739,15,8.7,48,4.1,767,-1.7,1.68,0.0,0.0,Winter,No Holiday,Yes
1816,14/02/2018,6.104793232414985,16,8.0,36,3.5,1013,-6.1,1.09,0.0,0.0,Winter,No Holiday,Yes
1817,14/02/2018,6.184148890937483,17,6.6,34,2.8,1300,-8.1,0.42,0.0,0.0,Winter,No Holiday,Yes
1818,14/02/2018,6.327936783729195,18,5.1,34,2.3,1440,-9.5,0.09,0.0,0.0,Winter,No Holiday,Yes
1819,14/02/2018,5.75890177387728,19,3.9,37,1.4,1417,-9.4,0.0,0.0,0.0,Winter,No Holiday,Yes
1820,14/02/2018,5.572154032177765,20,2.8,29,2.8,1473,-13.5,0.0,0.0,0.0,Winter,No Holiday,Yes
1821,14/02/2018,5.37989735354046,21,1.7,27,3.1,1734,-15.3,0.0,0.0,0.0,Winter,No Holiday,Yes
1822,14/02/2018,5.389071729816501,22,0.3,33,4.0,1436,-14.1,0.0,0.0,0.0,Winter,No Holiday,Yes
1823,14/02/2018,5.081404364984463,23,-0.3,35,2.1,1577,-13.9,0.0,0.0,0.0,Winter,No Holiday,Yes
1824,15/02/2018,4.844187086458591,0,-0.7,37,3.5,1716,-13.6,0.0,0.0,0.0,Winter,Holiday,Yes
1825,15/02/2018,4.820281565605037,1,-1.1,38,2.8,1999,-13.6,0.0,0.0,0.0,Winter,Holiday,Yes
1826,15/02/2018,4.727387818712341,2,-1.2,35,2.2,2000,-14.7,0.0,0.0,0.0,Winter,Holiday,Yes
1827,15/02/2018,4.31748811353631,3,-1.4,34,2.1,2000,-15.2,0.0,0.0,0.0,Winter,Holiday,Yes
1828,15/02/2018,4.07753744390572,4,-1.9,34,3.0,2000,-15.7,0.0,0.0,0.0,Winter,Holiday,Yes
1829,15/02/2018,3.4965075614664802,5,-2.4,33,3.1,2000,-16.5,0.0,0.0,0.0,Winter,Holiday,Yes
1830,15/02/2018,3.6888794541139363,6,-2.6,38,1.0,2000,-15.0,0.0,0.0,0.0,Winter,Holiday,Yes
1831,15/02/2018,4.02535169073515,7,-3.0,40,0.9,2000,-14.7,0.0,0.0,0.0,Winter,Holiday,Yes
1832,15/02/2018,4.727387818712341,8,-3.0,38,1.0,2000,-15.4,0.0,0.0,0.0,Winter,Holiday,Yes
1833,15/02/2018,4.727387818712341,9,-3.5,30,1.5,1980,-18.6,0.0,0.0,0.0,Winter,Holiday,Yes
1834,15/02/2018,4.852030263919617,10,-1.6,26,1.9,1980,-18.6,1.29,0.0,0.0,Winter,Holiday,Yes
1835,15/02/2018,5.14166355650266,11,0.1,22,2.0,2000,-19.1,1.84,0.0,0.0,Winter,Holiday,Yes
1836,15/02/2018,5.1647859739235145,12,1.7,20,3.0,1983,-18.9,2.28,0.0,0.0,Winter,Holiday,Yes
1837,15/02/2018,5.484796933490655,13,2.2,18,3.4,1942,-19.7,2.3,0.0,0.0,Winter,Holiday,Yes
1838,15/02/2018,5.602118820879701,14,2.9,14,4.3,2000,-22.0,2.29,0.0,0.0,Winter,Holiday,Yes
1839,15/02/2018,5.6240175061873385,15,3.8,17,3.2,2000,-19.0,1.97,0.0,0.0,Winter,Holiday,Yes
1840,15/02/2018,5.6131281063880705,16,3.2,16,3.0,2000,-20.2,1.45,0.0,0.0,Winter,Holiday,Yes
1841,15/02/2018,5.4680601411351315,17,2.4,17,3.1,1990,-20.2,0.78,0.0,0.0,Winter,Holiday,Yes
1842,15/02/2018,5.25227342804663,18,1.1,18,2.5,2000,-20.6,0.2,0.0,0.0,Winter,Holiday,Yes
1843,15/02/2018,5.117993812416755,19,0.1,21,2.9,2000,-19.7,0.0,0.0,0.0,Winter,Holiday,Yes
1844,15/02/2018,5.003946305945459,20,-0.4,27,2.2,2000,-17.1,0.0,0.0,0.0,Winter,Holiday,Yes
1845,15/02/2018,4.90527477843843,21,-1.1,32,2.4,2000,-15.7,0.0,0.0,0.0,Winter,Holiday,Yes
1846,15/02/2018,4.983606621708336,22,-1.9,30,0.8,2000,-17.2,0.0,0.0,0.0,Winter,Holiday,Yes
1847,15/02/2018,4.532599493153256,23,-2.5,31,1.4,1996,-17.3,0.0,0.0,0.0,Winter,Holiday,Yes
1848,16/02/2018,4.663439094112067,0,-3.3,35,1.8,1977,-16.6,0.0,0.0,0.0,Winter,Holiday,Yes
1849,16/02/2018,4.356708826689592,1,-3.6,35,2.0,1943,-16.8,0.0,0.0,0.0,Winter,Holiday,Yes
1850,16/02/2018,3.871201010907891,2,-4.1,38,1.2,1996,-16.3,0.0,0.0,0.0,Winter,Holiday,Yes
1851,16/02/2018,3.6109179126442243,3,-4.4,37,1.7,1989,-16.9,0.0,0.0,0.0,Winter,Holiday,Yes
1852,16/02/2018,3.58351893845611,4,-4.5,42,1.4,1944,-15.5,0.0,0.0,0.0,Winter,Holiday,Yes
1853,16/02/2018,3.367295829986474,5,-5.0,44,0.9,1976,-15.3,0.0,0.0,0.0,Winter,Holiday,Yes
1854,16/02/2018,3.4339872044851463,6,-5.2,42,0.7,1980,-16.1,0.0,0.0,0.0,Winter,Holiday,Yes
1855,16/02/2018,3.912023005428146,7,-5.4,41,0.3,2000,-16.6,0.0,0.0,0.0,Winter,Holiday,Yes
1856,16/02/2018,4.23410650459726,8,-5.4,38,0.7,2000,-17.5,0.04,0.0,0.0,Winter,Holiday,Yes
1857,16/02/2018,3.8918202981106265,9,-4.3,33,0.7,1923,-18.2,0.6,0.0,0.0,Winter,Holiday,Yes
1858,16/02/2018,4.3694478524670215,10,-1.3,32,1.5,1933,-15.9,1.24,0.0,0.0,Winter,Holiday,Yes
1859,16/02/2018,4.543294782270004,11,1.0,25,1.4,1782,-16.8,1.7,0.0,0.0,Winter,Holiday,Yes
1860,16/02/2018,4.927253685157205,12,2.2,19,1.4,1946,-19.1,2.01,0.0,0.0,Winter,Holiday,Yes
1861,16/02/2018,5.135798437050262,13,3.5,17,3.2,1971,-19.3,2.2,0.0,0.0,Winter,Holiday,Yes
1862,16/02/2018,5.2832037287379885,14,4.2,18,3.3,1976,-18.0,2.25,0.0,0.0,Winter,Holiday,Yes
1863,16/02/2018,5.497168225293202,15,4.0,26,3.5,2000,-13.8,1.75,0.0,0.0,Winter,Holiday,Yes
1864,16/02/2018,5.247024072160486,16,3.3,38,3.8,1921,-9.6,1.33,0.0,0.0,Winter,Holiday,Yes
1865,16/02/2018,5.351858133476067,17,2.5,48,4.2,1979,-7.4,0.76,0.0,0.0,Winter,Holiday,Yes
1866,16/02/2018,5.111987788356544,18,1.4,56,3.2,1932,-6.4,0.22,0.0,0.0,Winter,Holiday,Yes
1867,16/02/2018,4.844187086458591,19,0.6,59,2.3,1939,-6.5,0.0,0.0,0.0,Winter,Holiday,Yes
1868,16/02/2018,5.017279836814924,20,0.2,61,1.9,1956,-6.4,0.0,0.0,0.0,Winter,Holiday,Yes
1869,16/02/2018,4.74493212836325,21,0.1,67,2.5,1451,-5.3,0.0,0.0,0.0,Winter,Holiday,Yes
1870,16/02/2018,4.762173934797756,22,-0.6,70,3.4,1204,-5.4,0.0,0.0,0.0,Winter,Holiday,Yes
1871,16/02/2018,4.442651256490317,23,-2.0,51,3.2,1336,-10.8,0.0,0.0,0.0,Winter,Holiday,Yes
1872,17/02/2018,4.382026634673881,0,-2.7,41,3.2,1695,-14.1,0.0,0.0,0.0,Winter,Holiday,Yes
1873,17/02/2018,4.276666119016055,1,-3.1,36,3.5,2000,-16.0,0.0,0.0,0.0,Winter,Holiday,Yes
1874,17/02/2018,4.04305126783455,2,-3.8,30,3.9,2000,-18.8,0.0,0.0,0.0,Winter,Holiday,Yes
1875,17/02/2018,3.5553480614894135,3,-4.5,28,3.0,2000,-20.3,0.0,0.0,0.0,Winter,Holiday,Yes
1876,17/02/2018,3.044522437723423,4,-5.2,28,2.5,2000,-20.9,0.0,0.0,0.0,Winter,Holiday,Yes
1877,17/02/2018,2.70805020110221,5,-5.7,31,2.3,1999,-20.1,0.0,0.0,0.0,Winter,Holiday,Yes
1878,17/02/2018,3.6888794541139363,6,-6.2,32,2.5,2000,-20.2,0.0,0.0,0.0,Winter,Holiday,Yes
1879,17/02/2018,3.58351893845611,7,-6.8,32,1.6,2000,-20.7,0.0,0.0,0.0,Winter,Holiday,Yes
1880,17/02/2018,4.394449154672439,8,-7.1,30,1.7,1991,-21.7,0.04,0.0,0.0,Winter,Holiday,Yes
1881,17/02/2018,4.59511985013459,9,-6.5,26,2.4,1874,-22.8,0.64,0.0,0.0,Winter,Holiday,Yes
1882,17/02/2018,4.6443908991413725,10,-4.3,21,1.4,1908,-23.4,1.34,0.0,0.0,Winter,Holiday,Yes
1883,17/02/2018,5.049856007249537,11,-2.8,19,2.6,1957,-23.2,1.91,0.0,0.0,Winter,Holiday,Yes
1884,17/02/2018,5.214935757608986,12,-1.3,17,1.5,1998,-23.2,2.28,0.0,0.0,Winter,Holiday,Yes
1885,17/02/2018,5.267858159063328,13,-0.4,15,2.4,1938,-23.9,2.46,0.0,0.0,Winter,Holiday,Yes
1886,17/02/2018,5.556828061699537,14,-0.1,15,4.0,2000,-23.7,2.39,0.0,0.0,Winter,Holiday,Yes
1887,17/02/2018,5.6131281063880705,15,1.0,14,4.6,2000,-23.5,2.12,0.0,0.0,Winter,Holiday,Yes
1888,17/02/2018,5.5909869805108565,16,1.3,15,4.2,2000,-22.5,1.63,0.0,0.0,Winter,Holiday,Yes
1889,17/02/2018,5.5254529391317835,17,0.6,17,3.3,2000,-21.7,0.79,0.0,0.0,Winter,Holiday,Yes
1890,17/02/2018,5.4116460518550396,18,-0.3,17,1.9,2000,-22.4,0.2,0.0,0.0,Winter,Holiday,Yes
1891,17/02/2018,5.135798437050262,19,-1.5,32,2.5,2000,-16.0,0.0,0.0,0.0,Winter,Holiday,Yes
1892,17/02/2018,4.983606621708336,20,-2.1,38,2.0,2000,-14.5,0.0,0.0,0.0,Winter,Holiday,Yes
1893,17/02/2018,4.897839799950911,21,-2.3,38,2.3,2000,-14.7,0.0,0.0,0.0,Winter,Holiday,Yes
1894,17/02/2018,4.820281565605037,22,-2.7,42,2.2,2000,-13.8,0.0,0.0,0.0,Winter,Holiday,Yes
1895,17/02/2018,4.770684624465665,23,-2.9,31,3.8,2000,-17.7,0.0,0.0,0.0,Winter,Holiday,Yes
1896,18/02/2018,4.605170185988092,0,-3.6,33,1.7,2000,-17.5,0.0,0.0,0.0,Winter,No Holiday,Yes
1897,18/02/2018,4.6443908991413725,1,-4.4,33,1.4,2000,-18.2,0.0,0.0,0.0,Winter,No Holiday,Yes
1898,18/02/2018,4.465908118654584,2,-4.7,33,0.1,2000,-18.5,0.0,0.0,0.0,Winter,No Holiday,Yes
1899,18/02/2018,4.04305126783455,3,-4.5,26,0.0,2000,-21.1,0.0,0.0,0.0,Winter,No Holiday,Yes
1900,18/02/2018,3.6375861597263857,4,-4.1,27,0.6,2000,-20.3,0.0,0.0,0.0,Winter,No Holiday,Yes
1901,18/02/2018,3.1354942159291497,5,-4.0,28,0.5,2000,-19.8,0.0,0.0,0.0,Winter,No Holiday,Yes
1902,18/02/2018,3.6635616461296463,6,-4.1,30,1.1,2000,-19.1,0.0,0.0,0.0,Winter,No Holiday,Yes
1903,18/02/2018,3.970291913552122,7,-4.6,31,1.2,2000,-19.2,0.0,0.0,0.0,Winter,No Holiday,Yes
1904,18/02/2018,4.532599493153256,8,-4.8,31,0.8,2000,-19.3,0.02,0.0,0.0,Winter,No Holiday,Yes
1905,18/02/2018,4.927253685157205,9,-4.1,30,0.5,2000,-19.1,0.28,0.0,0.0,Winter,No Holiday,Yes
1906,18/02/2018,5.056245805348308,10,-1.8,23,0.6,2000,-20.2,0.8,0.0,0.0,Winter,No Holiday,Yes
1907,18/02/2018,5.214935757608986,11,0.0,20,0.8,1975,-20.3,1.05,0.0,0.0,Winter,No Holiday,Yes
1908,18/02/2018,5.575949103146316,12,2.2,17,1.0,1979,-20.4,1.75,0.0,0.0,Winter,No Holiday,Yes
1909,18/02/2018,5.823045895483019,13,3.7,17,1.4,2000,-19.1,1.98,0.0,0.0,Winter,No Holiday,Yes
1910,18/02/2018,5.921578419643816,14,4.1,17,1.8,1996,-18.8,1.87,0.0,0.0,Winter,No Holiday,Yes
1911,18/02/2018,6.089044875446846,15,5.0,16,2.0,1970,-18.8,1.42,0.0,0.0,Winter,No Holiday,Yes
1912,18/02/2018,6.003887067106539,16,5.1,16,1.8,1998,-18.7,1.17,0.0,0.0,Winter,No Holiday,Yes
1913,18/02/2018,5.872117789475416,17,4.2,17,2.5,1990,-18.7,0.66,0.0,0.0,Winter,No Holiday,Yes
1914,18/02/2018,5.739792912179234,18,2.8,25,3.0,2000,-15.3,0.22,0.0,0.0,Winter,No Holiday,Yes
1915,18/02/2018,5.476463551931511,19,1.5,30,2.6,2000,-14.2,0.0,0.0,0.0,Winter,No Holiday,Yes
1916,18/02/2018,5.365976015021851,20,0.6,33,1.9,2000,-13.8,0.0,0.0,0.0,Winter,No Holiday,Yes
1917,18/02/2018,5.424950017481403,21,0.2,32,1.1,1951,-14.5,0.0,0.0,0.0,Winter,No Holiday,Yes
1918,18/02/2018,5.2574953720277815,22,-0.3,34,1.6,1981,-14.2,0.0,0.0,0.0,Winter,No Holiday,Yes
1919,18/02/2018,5.0369526024136295,23,-0.7,37,0.9,1814,-13.6,0.0,0.0,0.0,Winter,No Holiday,Yes
1920,19/02/2018,5.003946305945459,0,-1.1,39,1.7,1832,-13.3,0.0,0.0,0.0,Winter,No Holiday,Yes
1921,19/02/2018,4.624972813284271,1,-1.4,42,1.1,1805,-12.6,0.0,0.0,0.0,Winter,No Holiday,Yes
1922,19/02/2018,4.0943445622221,2,-1.4,41,1.1,1582,-12.9,0.0,0.0,0.0,Winter,No Holiday,Yes
1923,19/02/2018,3.7612001156935624,3,-1.4,41,1.6,1870,-12.9,0.0,0.0,0.0,Winter,No Holiday,Yes
1924,19/02/2018,3.9318256327243257,4,-1.9,44,0.7,1907,-12.5,0.0,0.0,0.0,Winter,No Holiday,Yes
1925,19/02/2018,4.0943445622221,5,-1.8,44,0.5,1862,-12.4,0.0,0.0,0.0,Winter,No Holiday,Yes
1926,19/02/2018,4.941642422609304,6,-1.4,46,0.3,1651,-11.5,0.0,0.0,0.0,Winter,No Holiday,Yes
1927,19/02/2018,5.857933154483459,7,-0.9,45,0.9,1820,-11.3,0.0,0.0,0.0,Winter,No Holiday,Yes
1928,19/02/2018,6.472346294500901,8,-1.2,51,0.8,1800,-10.0,0.05,0.0,0.0,Winter,No Holiday,Yes
1929,19/02/2018,5.8522024797744745,9,-0.6,43,0.5,1596,-11.6,0.52,0.0,0.0,Winter,No Holiday,Yes
1930,19/02/2018,5.4638318050256105,10,2.6,45,1.2,1230,-8.1,1.17,0.0,0.0,Winter,No Holiday,Yes
1931,19/02/2018,5.752572638825633,11,4.3,44,2.3,1091,-6.9,1.77,0.0,0.0,Winter,No Holiday,Yes
1932,19/02/2018,5.8916442118257715,12,4.7,43,2.1,1131,-6.8,1.38,0.0,0.0,Winter,No Holiday,Yes
1933,19/02/2018,5.808142489980444,13,5.1,41,1.8,1097,-7.0,1.03,0.0,0.0,Winter,No Holiday,Yes
1934,19/02/2018,5.924255797414532,14,5.6,38,1.6,1087,-7.6,1.1,0.0,0.0,Winter,No Holiday,Yes
1935,19/02/2018,5.973809611869261,15,6.3,35,2.6,991,-8.0,1.2,0.0,0.0,Winter,No Holiday,Yes
1936,19/02/2018,6.0014148779611505,16,6.3,35,2.9,1117,-8.0,1.1,0.0,0.0,Winter,No Holiday,Yes
1937,19/02/2018,6.259581464064923,17,5.7,36,3.0,1073,-8.2,0.57,0.0,0.0,Winter,No Holiday,Yes
1938,19/02/2018,6.709304340258298,18,4.7,43,2.4,938,-6.8,0.19,0.0,0.0,Winter,No Holiday,Yes
1939,19/02/2018,6.280395838960195,19,3.6,55,1.6,728,-4.6,0.0,0.0,0.0,Winter,No Holiday,Yes
1940,19/02/2018,6.035481432524756,20,2.4,60,1.9,661,-4.5,0.0,0.0,0.0,Winter,No Holiday,Yes
1941,19/02/2018,5.963579343618446,21,1.8,63,1.2,604,-4.5,0.0,0.0,0.0,Winter,No Holiday,Yes
1942,19/02/2018,5.8805329864007,22,1.0,69,0.7,525,-4.0,0.0,0.0,0.0,Winter,No Holiday,Yes
1943,19/02/2018,5.389071729816501,23,0.5,73,1.5,465,-3.7,0.0,0.0,0.0,Winter,No Holiday,Yes
1944,20/02/2018,5.181783550292085,0,0.0,75,2.3,394,-3.9,0.0,0.0,0.0,Winter,No Holiday,Yes
1945,20/02/2018,5.153291594497779,1,-0.5,76,1.6,402,-4.2,0.0,0.0,0.0,Winter,No Holiday,Yes
1946,20/02/2018,4.7535901911063645,2,-0.8,76,0.8,421,-4.5,0.0,0.0,0.0,Winter,No Holiday,Yes
1947,20/02/2018,4.1588830833596715,3,-1.3,80,0.7,392,-4.3,0.0,0.0,0.0,Winter,No Holiday,Yes
1948,20/02/2018,4.174387269895637,4,-1.6,83,0.6,368,-4.1,0.0,0.0,0.0,Winter,No Holiday,Yes
1949,20/02/2018,4.382026634673881,5,-1.8,82,1.3,375,-4.4,0.0,0.0,0.0,Winter,No Holiday,Yes
1950,20/02/2018,5.10594547390058,6,-2.1,82,1.8,381,-4.7,0.0,0.0,0.0,Winter,No Holiday,Yes
1951,20/02/2018,6.003887067106539,7,-2.2,76,1.9,527,-5.8,0.0,0.0,0.0,Winter,No Holiday,Yes
1952,20/02/2018,6.590301048196686,8,-2.1,71,1.7,610,-6.6,0.06,0.0,0.0,Winter,No Holiday,Yes
1953,20/02/2018,5.953243334287785,9,-1.4,56,1.4,709,-9.0,0.54,0.0,0.0,Winter,No Holiday,Yes
1954,20/02/2018,5.583496308781699,10,1.1,38,3.1,1184,-11.6,1.13,0.0,0.0,Winter,No Holiday,Yes
1955,20/02/2018,5.777652323222656,11,2.8,35,3.9,1265,-11.1,1.71,0.0,0.0,Winter,No Holiday,Yes
1956,20/02/2018,5.877735781779639,12,4.0,23,3.5,1785,-15.3,2.03,0.0,0.0,Winter,No Holiday,Yes
1957,20/02/2018,5.916202062607435,13,4.2,22,3.9,1812,-15.6,2.21,0.0,0.0,Winter,No Holiday,Yes
1958,20/02/2018,5.817111159963204,14,5.0,20,3.7,1866,-16.1,2.12,0.0,0.0,Winter,No Holiday,Yes
1959,20/02/2018,6.068425588244111,15,5.4,18,3.7,1940,-17.0,1.82,0.0,0.0,Winter,No Holiday,Yes
1960,20/02/2018,5.976350909297934,16,5.1,17,3.4,2000,-18.0,1.2,0.0,0.0,Winter,No Holiday,Yes
1961,20/02/2018,6.244166900663736,17,3.9,19,3.6,2000,-17.6,0.58,0.0,0.0,Winter,No Holiday,Yes
1962,20/02/2018,6.639875833826536,18,3.2,20,2.9,2000,-17.6,0.16,0.0,0.0,Winter,No Holiday,Yes
1963,20/02/2018,6.259581464064923,19,2.5,21,2.2,2000,-17.6,0.0,0.0,0.0,Winter,No Holiday,Yes
1964,20/02/2018,5.883322388488279,20,1.8,19,3.1,2000,-19.4,0.0,0.0,0.0,Winter,No Holiday,Yes
1965,20/02/2018,6.030685260261263,21,1.1,21,1.6,2000,-18.8,0.0,0.0,0.0,Winter,No Holiday,Yes
1966,20/02/2018,5.768320995793772,22,0.5,22,2.9,2000,-18.8,0.0,0.0,0.0,Winter,No Holiday,Yes
1967,20/02/2018,5.493061443340548,23,-0.5,26,3.3,2000,-17.7,0.0,0.0,0.0,Winter,No Holiday,Yes
1968,21/02/2018,5.147494476813453,0,-1.4,28,3.4,1990,-17.6,0.0,0.0,0.0,Winter,No Holiday,Yes
1969,21/02/2018,5.093750200806762,1,-2.2,31,1.1,1970,-17.0,0.0,0.0,0.0,Winter,No Holiday,Yes
1970,21/02/2018,4.663439094112067,2,-2.9,31,1.6,1931,-17.7,0.0,0.0,0.0,Winter,No Holiday,Yes
1971,21/02/2018,4.0943445622221,3,-3.4,32,0.9,1977,-17.7,0.0,0.0,0.0,Winter,No Holiday,Yes
1972,21/02/2018,3.9318256327243257,4,-3.8,32,1.1,2000,-18.1,0.0,0.0,0.0,Winter,No Holiday,Yes
1973,21/02/2018,4.1588830833596715,5,-4.0,35,1.8,2000,-17.2,0.0,0.0,0.0,Winter,No Holiday,Yes
1974,21/02/2018,5.075173815233827,6,-4.0,34,3.4,2000,-17.5,0.0,0.0,0.0,Winter,No Holiday,Yes
1975,21/02/2018,5.955837369464831,7,-4.1,35,3.5,1980,-17.3,0.0,0.0,0.0,Winter,No Holiday,Yes
1976,21/02/2018,6.577861357721047,8,-4.3,36,1.9,1955,-17.1,0.06,0.0,0.0,Winter,No Holiday,Yes
1977,21/02/2018,5.924255797414532,9,-3.8,28,1.7,1904,-19.6,0.63,0.0,0.0,Winter,No Holiday,Yes
1978,21/02/2018,5.501258210544727,10,-1.8,25,2.6,1913,-19.2,1.17,0.0,0.0,Winter,No Holiday,Yes
1979,21/02/2018,5.6240175061873385,11,0.2,22,2.2,1907,-19.0,1.57,0.0,0.0,Winter,No Holiday,Yes
1980,21/02/2018,5.863631175598097,12,2.2,17,2.0,1824,-20.4,1.99,0.0,0.0,Winter,No Holiday,Yes
1981,21/02/2018,5.703782474656201,13,2.9,14,3.3,2000,-22.0,2.14,0.0,0.0,Winter,No Holiday,Yes
1982,21/02/2018,5.902633333401366,14,3.3,14,2.9,1985,-21.7,2.49,0.0,0.0,Winter,No Holiday,Yes
1983,21/02/2018,5.905361848054571,15,4.2,15,2.7,1995,-20.2,2.21,0.0,0.0,Winter,No Holiday,Yes
1984,21/02/2018,6.016157159698354,16,3.7,14,3.9,2000,-21.4,1.71,0.0,0.0,Winter,No Holiday,Yes
1985,21/02/2018,6.152732694704104,17,3.1,14,3.7,2000,-21.9,1.0,0.0,0.0,Winter,No Holiday,Yes
1986,21/02/2018,6.665683717782408,18,1.8,16,3.4,2000,-21.4,0.31,0.0,0.0,Winter,No Holiday,Yes
1987,21/02/2018,6.133398042996649,19,-0.1,39,2.8,2000,-12.4,0.0,0.0,0.0,Winter,No Holiday,Yes
1988,21/02/2018,5.877735781779639,20,-1.1,43,1.5,2000,-12.1,0.0,0.0,0.0,Winter,No Holiday,Yes
1989,21/02/2018,5.846438775057725,21,-1.6,52,2.2,2000,-10.1,0.0,0.0,0.0,Winter,No Holiday,Yes
1990,21/02/2018,5.703782474656201,22,-2.2,55,1.4,2000,-10.0,0.0,0.0,0.0,Winter,No Holiday,Yes
1991,21/02/2018,5.4116460518550396,23,-2.7,58,1.1,2000,-9.8,0.0,0.0,0.0,Winter,No Holiday,Yes
1992,22/02/2018,5.278114659230517,0,-2.7,58,1.7,2000,-9.8,0.0,0.0,0.0,Winter,No Holiday,Yes
1993,22/02/2018,5.25227342804663,1,-2.2,58,1.0,2000,-9.3,0.0,0.0,0.0,Winter,No Holiday,Yes
1994,22/02/2018,4.762173934797756,2,-2.9,57,0.0,1985,-10.2,0.0,0.0,0.0,Winter,No Holiday,Yes
1995,22/02/2018,4.276666119016055,3,-2.8,57,0.5,1995,-10.1,0.0,0.0,0.0,Winter,No Holiday,Yes
1996,22/02/2018,4.204692619390966,4,-2.4,58,0.3,2000,-9.5,0.0,0.0,0.0,Winter,No Holiday,Yes
1997,22/02/2018,4.330733340286331,5,-2.4,59,1.1,1984,-9.3,0.0,0.0,0.0,Winter,No Holiday,Yes
1998,22/02/2018,5.0238805208462765,6,-3.0,62,0.8,1996,-9.2,0.0,0.0,0.0,Winter,No Holiday,Yes
1999,22/02/2018,5.924255797414532,7,-3.7,64,0.7,1891,-9.5,0.0,0.0,0.0,Winter,No Holiday,Yes
2000,22/02/2018,6.664409020350408,8,-3.6,63,0.9,1473,-9.6,0.07,0.0,0.0,Winter,No Holiday,Yes
2001,22/02/2018,5.950642552587727,9,-1.9,51,0.9,1654,-10.7,0.58,0.0,0.0,Winter,No Holiday,Yes
2002,22/02/2018,5.560681631015528,10,0.9,44,1.1,1826,-10.0,1.16,0.0,0.0,Winter,No Holiday,Yes
2003,22/02/2018,5.733341276897746,11,2.7,44,0.9,1761,-8.3,1.45,0.0,0.0,Winter,No Holiday,Yes
2004,22/02/2018,5.8664680569332965,12,4.8,47,2.6,1373,-5.5,1.72,0.0,0.0,Winter,No Holiday,Yes
2005,22/02/2018,5.75890177387728,13,4.5,51,3.8,1108,-4.7,1.08,0.0,0.0,Winter,No Holiday,Yes
2006,22/02/2018,5.805134968916488,14,4.8,50,4.3,1168,-4.7,1.01,0.0,0.0,Winter,No Holiday,Yes
2007,22/02/2018,5.877735781779639,15,5.0,49,4.4,1138,-4.8,0.96,0.0,0.0,Winter,No Holiday,Yes
2008,22/02/2018,6.003887067106539,16,5.0,50,4.3,1121,-4.5,0.74,0.0,0.0,Winter,No Holiday,Yes
2009,22/02/2018,6.144185634125646,17,4.6,52,3.9,1059,-4.4,0.5,0.0,0.0,Winter,No Holiday,Yes
2010,22/02/2018,6.594413459749778,18,3.9,56,4.0,1004,-4.0,0.18,0.0,0.0,Winter,No Holiday,Yes
2011,22/02/2018,6.214608098422191,19,3.5,60,2.7,936,-3.5,0.0,0.0,0.0,Winter,No Holiday,Yes
2012,22/02/2018,5.855071922202427,20,3.0,62,2.4,975,-3.5,0.0,0.0,0.0,Winter,No Holiday,Yes
2013,22/02/2018,5.976350909297934,21,2.9,64,2.5,1154,-3.2,0.0,0.0,0.0,Winter,No Holiday,Yes
2014,22/02/2018,5.849324779946859,22,2.9,65,2.3,1150,-3.0,0.0,0.0,0.0,Winter,No Holiday,Yes
2015,22/02/2018,5.313205979041787,23,2.9,63,2.6,1253,-3.4,0.0,0.0,0.0,Winter,No Holiday,Yes
2016,23/02/2018,3.7612001156935624,0,1.7,86,2.7,54,-0.3,0.0,0.4,0.4,Winter,No Holiday,Yes
2017,23/02/2018,4.02535169073515,1,0.6,96,2.1,118,0.0,0.0,0.0,4.0,Winter,No Holiday,Yes
2018,23/02/2018,4.143134726391533,2,0.7,97,1.4,197,0.2,0.0,0.0,4.1,Winter,No Holiday,Yes
2019,23/02/2018,3.4965075614664802,3,0.9,97,1.2,243,0.4,0.0,3.7,4.1,Winter,No Holiday,Yes
2020,23/02/2018,3.6109179126442243,4,1.1,96,2.5,241,0.5,0.0,0.0,3.9,Winter,No Holiday,Yes
2021,23/02/2018,3.6888794541139363,5,1.0,91,0.7,257,-0.3,0.0,0.0,3.8,Winter,No Holiday,Yes
2022,23/02/2018,4.1588830833596715,6,0.4,95,0.3,197,-0.3,0.0,0.0,3.8,Winter,No Holiday,Yes
2023,23/02/2018,5.1647859739235145,7,-0.1,97,0.5,179,-0.5,0.0,0.0,3.8,Winter,No Holiday,Yes
2024,23/02/2018,5.971261839790462,8,-0.2,97,0.4,197,-0.6,0.05,0.0,3.7,Winter,No Holiday,Yes
2025,23/02/2018,5.3706380281276624,9,0.5,94,0.6,199,-0.3,0.37,0.0,3.7,Winter,No Holiday,Yes
2026,23/02/2018,5.220355825078324,10,2.2,83,0.8,221,-0.3,0.92,0.0,3.7,Winter,No Holiday,Yes
2027,23/02/2018,5.442417710521793,11,3.8,72,0.9,236,-0.7,1.1,0.0,3.4,Winter,No Holiday,Yes
2028,23/02/2018,5.648974238161206,12,5.3,70,0.9,226,0.2,1.73,0.0,1.7,Winter,No Holiday,Yes
2029,23/02/2018,5.720311776607412,13,6.7,64,2.0,241,0.3,1.94,0.0,0.6,Winter,No Holiday,Yes
2030,23/02/2018,5.746203190540153,14,7.8,57,2.1,277,-0.2,1.39,0.0,0.0,Winter,No Holiday,Yes
2031,23/02/2018,5.746203190540153,15,8.2,62,0.6,291,1.3,1.22,0.0,0.0,Winter,No Holiday,Yes
2032,23/02/2018,5.872117789475416,16,8.3,60,2.7,354,0.9,0.36,0.0,0.0,Winter,No Holiday,Yes
2033,23/02/2018,6.154858094016418,17,7.9,68,4.2,352,2.3,0.27,0.0,0.0,Winter,No Holiday,Yes
2034,23/02/2018,6.507277712385012,18,7.5,70,5.0,374,2.3,0.08,0.0,0.0,Winter,No Holiday,Yes
2035,23/02/2018,6.045005314036012,19,6.9,73,3.7,369,2.3,0.0,0.0,0.0,Winter,No Holiday,Yes
2036,23/02/2018,5.69035945432406,20,6.4,77,2.8,316,2.6,0.0,0.0,0.0,Winter,No Holiday,Yes
2037,23/02/2018,5.7745515455444085,21,6.0,79,2.7,306,2.6,0.0,0.0,0.0,Winter,No Holiday,Yes
2038,23/02/2018,5.676753802268282,22,5.7,81,2.5,292,2.6,0.0,0.0,0.0,Winter,No Holiday,Yes
2039,23/02/2018,5.497168225293202,23,5.5,80,2.7,258,2.3,0.0,0.0,0.0,Winter,No Holiday,Yes
2040,24/02/2018,5.424950017481403,0,4.6,82,3.0,240,1.7,0.0,0.0,0.0,Winter,No Holiday,Yes
2041,24/02/2018,5.575949103146316,1,4.0,83,1.7,235,1.3,0.0,0.0,0.0,Winter,No Holiday,Yes
2042,24/02/2018,5.288267030694535,2,3.7,82,1.6,229,0.9,0.0,0.0,0.0,Winter,No Holiday,Yes
2043,24/02/2018,4.897839799950911,3,3.5,82,2.9,217,0.7,0.0,0.0,0.0,Winter,No Holiday,Yes
2044,24/02/2018,4.1588830833596715,4,2.7,82,2.8,222,0.0,0.0,0.0,0.0,Winter,No Holiday,Yes
2045,24/02/2018,4.07753744390572,5,1.8,84,2.7,214,-0.6,0.0,0.0,0.0,Winter,No Holiday,Yes
2046,24/02/2018,4.290459441148391,6,1.2,83,2.5,245,-1.3,0.0,0.0,0.0,Winter,No Holiday,Yes
2047,24/02/2018,4.6913478822291435,7,0.6,86,1.6,211,-1.4,0.0,0.0,0.0,Winter,No Holiday,Yes
2048,24/02/2018,5.318119993844216,8,0.0,77,2.8,289,-3.5,0.06,0.0,0.0,Winter,No Holiday,Yes
2049,24/02/2018,5.537334267018537,9,0.6,64,3.8,430,-5.4,0.65,0.0,0.0,Winter,No Holiday,Yes
2050,24/02/2018,5.560681631015528,10,0.8,60,2.9,497,-6.0,0.71,0.0,0.0,Winter,No Holiday,Yes
2051,24/02/2018,5.700443573390687,11,2.2,50,2.4,608,-7.1,1.1,0.0,0.0,Winter,No Holiday,Yes
2052,24/02/2018,5.8971538676367405,12,4.0,37,1.4,763,-9.4,1.75,0.0,0.0,Winter,No Holiday,Yes
2053,24/02/2018,6.023447592961033,13,5.3,29,2.1,1007,-11.3,2.08,0.0,0.0,Winter,No Holiday,Yes
2054,24/02/2018,6.12029741895095,14,6.9,19,1.9,1843,-15.1,2.36,0.0,0.0,Winter,No Holiday,Yes
2055,24/02/2018,6.148468295917647,15,6.7,24,2.7,1536,-12.4,1.95,0.0,0.0,Winter,No Holiday,Yes
2056,24/02/2018,6.234410725718371,16,5.9,21,3.0,1864,-14.8,1.34,0.0,0.0,Winter,No Holiday,Yes
2057,24/02/2018,6.137727054086234,17,4.9,28,3.1,1477,-12.1,0.77,0.0,0.0,Winter,No Holiday,Yes
2058,24/02/2018,5.940171252720432,18,3.5,30,2.9,1726,-12.4,0.31,0.0,0.0,Winter,No Holiday,Yes
2059,24/02/2018,5.726847747587197,19,2.1,27,2.8,1883,-15.0,0.01,0.0,0.0,Winter,No Holiday,Yes
2060,24/02/2018,5.455321115357702,20,1.1,32,1.4,1785,-13.8,0.0,0.0,0.0,Winter,No Holiday,Yes
2061,24/02/2018,5.4510384535657,21,0.7,31,1.3,1923,-14.5,0.0,0.0,0.0,Winter,No Holiday,Yes
2062,24/02/2018,5.393627546352362,22,0.1,32,0.9,1937,-14.6,0.0,0.0,0.0,Winter,No Holiday,Yes
2063,24/02/2018,5.236441962829949,23,-0.6,39,1.3,1731,-12.8,0.0,0.0,0.0,Winter,No Holiday,Yes
2064,25/02/2018,5.209486152841421,0,-1.1,44,1.2,1741,-11.8,0.0,0.0,0.0,Winter,No Holiday,Yes
2065,25/02/2018,5.247024072160486,1,-1.4,43,0.6,1791,-12.3,0.0,0.0,0.0,Winter,No Holiday,Yes
2066,25/02/2018,4.8283137373023015,2,-1.5,46,1.1,1744,-11.6,0.0,0.0,0.0,Winter,No Holiday,Yes
2067,25/02/2018,4.6443908991413725,3,-1.3,42,0.8,1648,-12.5,0.0,0.0,0.0,Winter,No Holiday,Yes
2068,25/02/2018,3.970291913552122,4,-1.1,43,0.7,1558,-12.1,0.0,0.0,0.0,Winter,No Holiday,Yes
2069,25/02/2018,3.6375861597263857,5,-0.7,41,0.9,1442,-12.3,0.0,0.0,0.0,Winter,No Holiday,Yes
2070,25/02/2018,4.007333185232471,6,-0.8,44,0.6,1541,-11.5,0.0,0.0,0.0,Winter,No Holiday,Yes
2071,25/02/2018,4.356708826689592,7,-1.0,47,0.9,1552,-10.9,0.0,0.0,0.0,Winter,No Holiday,Yes
2072,25/02/2018,5.0689042022202315,8,-1.3,54,0.6,1597,-9.4,0.06,0.0,0.0,Winter,No Holiday,Yes
2073,25/02/2018,5.159055299214529,9,-0.3,48,1.1,1394,-10.0,0.43,0.0,0.0,Winter,No Holiday,Yes
2074,25/02/2018,5.278114659230517,10,2.1,42,1.1,1564,-9.5,1.12,0.0,0.0,Winter,No Holiday,Yes
2075,25/02/2018,5.501258210544727,11,4.3,29,2.6,1293,-12.2,1.87,0.0,0.0,Winter,No Holiday,Yes
2076,25/02/2018,5.983936280687191,12,5.5,25,3.1,1652,-13.0,2.28,0.0,0.0,Winter,No Holiday,Yes
2077,25/02/2018,6.180016653652572,13,6.1,22,2.4,1710,-14.0,2.5,0.0,0.0,Winter,No Holiday,Yes
2078,25/02/2018,6.35088571671474,14,7.0,23,2.4,1645,-12.7,2.52,0.0,0.0,Winter,No Holiday,Yes
2079,25/02/2018,6.418364935936212,15,7.5,21,2.7,1900,-13.4,2.22,0.0,0.0,Winter,No Holiday,Yes
2080,25/02/2018,6.535241271013659,16,7.6,18,3.2,1930,-15.2,1.73,0.0,0.0,Winter,No Holiday,Yes
2081,25/02/2018,6.380122536899765,17,6.9,25,2.9,1795,-11.8,1.07,0.0,0.0,Winter,No Holiday,Yes
2082,25/02/2018,5.998936561946683,18,5.2,30,2.8,1877,-11.0,0.36,0.0,0.0,Winter,No Holiday,Yes
2083,25/02/2018,5.697093486505405,19,3.1,40,2.6,1804,-9.2,0.01,0.0,0.0,Winter,No Holiday,Yes
2084,25/02/2018,5.4510384535657,20,1.3,49,2.8,1683,-8.2,0.0,0.0,0.0,Winter,No Holiday,Yes
2085,25/02/2018,5.480638923341991,21,0.2,55,2.5,1942,-7.7,0.0,0.0,0.0,Winter,No Holiday,Yes
2086,25/02/2018,5.442417710521793,22,0.0,54,2.5,1929,-8.2,0.0,0.0,0.0,Winter,No Holiday,Yes
2087,25/02/2018,5.159055299214529,23,-0.3,58,1.0,1945,-7.5,0.0,0.0,0.0,Winter,No Holiday,Yes
2088,26/02/2018,4.912654885736052,0,-0.9,60,0.7,1844,-7.7,0.0,0.0,0.0,Winter,No Holiday,Yes
2089,26/02/2018,4.812184355372417,1,-1.2,63,0.9,1846,-7.3,0.0,0.0,0.0,Winter,No Holiday,Yes
2090,26/02/2018,4.394449154672439,2,-1.7,66,0.8,1631,-7.2,0.0,0.0,0.0,Winter,No Holiday,Yes
2091,26/02/2018,3.8501476017100584,3,-1.9,67,1.0,1575,-7.2,0.0,0.0,0.0,Winter,No Holiday,Yes
2092,26/02/2018,3.8501476017100584,4,-2.3,69,1.1,1411,-7.2,0.0,0.0,0.0,Winter,No Holiday,Yes
2093,26/02/2018,4.189654742026425,5,-2.5,73,0.8,1134,-6.6,0.0,0.0,0.0,Winter,No Holiday,Yes
2094,26/02/2018,5.087596335232384,6,-2.7,72,0.5,1253,-7.0,0.0,0.0,0.0,Winter,No Holiday,Yes
2095,26/02/2018,5.998936561946683,7,-3.1,68,0.8,1417,-8.1,0.0,0.0,0.0,Winter,No Holiday,Yes
2096,26/02/2018,6.668228248417403,8,-2.9,63,0.7,1386,-8.9,0.11,0.0,0.0,Winter,No Holiday,Yes
2097,26/02/2018,6.0330862217988015,9,-1.1,53,0.9,1308,-9.4,0.72,0.0,0.0,Winter,No Holiday,Yes
2098,26/02/2018,5.66988092298052,10,1.9,46,1.1,1233,-8.5,1.39,0.0,0.0,Winter,No Holiday,Yes
2099,26/02/2018,5.877735781779639,11,4.6,37,1.6,1309,-8.8,1.95,0.0,0.0,Winter,No Holiday,Yes
2100,26/02/2018,6.061456918928017,12,6.9,28,1.1,1301,-10.3,2.35,0.0,0.0,Winter,No Holiday,Yes
2101,26/02/2018,6.09807428216624,13,8.1,26,1.2,1422,-10.2,2.48,0.0,0.0,Winter,No Holiday,Yes
2102,26/02/2018,6.1224928095143865,14,9.9,25,1.5,1401,-9.2,2.43,0.0,0.0,Winter,No Holiday,Yes
2103,26/02/2018,6.257667587882639,15,10.3,23,2.1,1317,-9.9,2.09,0.0,0.0,Winter,No Holiday,Yes
2104,26/02/2018,6.320768294250582,16,9.5,31,3.1,973,-6.8,1.54,0.0,0.0,Winter,No Holiday,Yes
2105,26/02/2018,6.472346294500901,17,8.7,30,3.1,1117,-7.9,0.96,0.0,0.0,Winter,No Holiday,Yes
2106,26/02/2018,6.835184586147301,18,7.2,26,2.3,1398,-11.0,0.33,0.0,0.0,Winter,No Holiday,Yes
2107,26/02/2018,6.429719478039138,19,5.5,30,2.7,1150,-10.7,0.01,0.0,0.0,Winter,No Holiday,Yes
2108,26/02/2018,6.182084906716632,20,4.3,32,1.7,1101,-10.9,0.0,0.0,0.0,Winter,No Holiday,Yes
2109,26/02/2018,6.240275845170769,21,3.3,36,1.4,1110,-10.3,0.0,0.0,0.0,Winter,No Holiday,Yes
2110,26/02/2018,6.095824562432225,22,2.7,40,1.0,1089,-9.5,0.0,0.0,0.0,Winter,No Holiday,Yes
2111,26/02/2018,5.733341276897746,23,2.8,39,0.7,1065,-9.8,0.0,0.0,0.0,Winter,No Holiday,Yes
2112,27/02/2018,5.4680601411351315,0,2.6,40,1.8,1095,-9.6,0.0,0.0,0.0,Winter,No Holiday,Yes
2113,27/02/2018,5.365976015021851,1,2.1,44,0.9,1107,-8.9,0.0,0.0,0.0,Winter,No Holiday,Yes
2114,27/02/2018,4.983606621708336,2,1.5,44,1.2,1079,-9.4,0.0,0.0,0.0,Winter,No Holiday,Yes
2115,27/02/2018,4.634728988229636,3,1.1,44,1.0,1128,-9.8,0.0,0.0,0.0,Winter,No Holiday,Yes
2116,27/02/2018,4.143134726391533,4,0.9,46,0.8,1140,-9.4,0.0,0.0,0.0,Winter,No Holiday,Yes
2117,27/02/2018,4.290459441148391,5,0.6,50,0.1,1026,-8.6,0.0,0.0,0.0,Winter,No Holiday,Yes
2118,27/02/2018,5.214935757608986,6,0.6,50,0.4,985,-8.6,0.0,0.0,0.0,Winter,No Holiday,Yes
2119,27/02/2018,6.095824562432225,7,1.3,47,0.7,1084,-8.7,0.0,0.0,0.0,Winter,No Holiday,Yes
2120,27/02/2018,6.643789733147672,8,2.0,51,0.7,990,-7.0,0.0,0.0,0.0,Winter,No Holiday,Yes
2121,27/02/2018,6.1224928095143865,9,2.5,51,1.0,866,-6.6,0.07,0.0,0.0,Winter,No Holiday,Yes
2122,27/02/2018,5.568344503761097,10,3.3,47,0.7,818,-6.9,0.22,0.0,0.0,Winter,No Holiday,Yes
2123,27/02/2018,5.8377304471659395,11,4.8,41,0.8,792,-7.3,0.53,0.0,0.0,Winter,No Holiday,Yes
2124,27/02/2018,5.869296913133774,12,5.4,37,0.7,815,-8.1,0.43,0.0,0.0,Winter,No Holiday,Yes
2125,27/02/2018,5.817111159963204,13,5.8,39,0.6,931,-7.1,0.35,0.0,0.0,Winter,No Holiday,Yes
2126,27/02/2018,5.8805329864007,14,6.3,40,0.8,943,-6.3,0.34,0.0,0.0,Winter,No Holiday,Yes
2127,27/02/2018,5.998936561946683,15,6.7,48,0.8,817,-3.5,0.39,0.0,0.0,Winter,No Holiday,Yes
2128,27/02/2018,6.021023349349527,16,6.9,54,1.1,692,-1.7,0.32,0.0,0.0,Winter,No Holiday,Yes
2129,27/02/2018,6.272877006546167,17,6.8,57,1.0,623,-1.1,0.16,0.0,0.0,Winter,No Holiday,Yes
2130,27/02/2018,6.8001700683022,18,6.6,62,0.8,522,-0.1,0.05,0.0,0.0,Winter,No Holiday,Yes
2131,27/02/2018,6.424869023905388,19,6.1,44,1.0,750,-5.2,0.0,0.0,0.0,Winter,No Holiday,Yes
2132,27/02/2018,6.135564891081739,20,5.9,44,1.3,733,-5.4,0.0,0.0,0.0,Winter,No Holiday,Yes
2133,27/02/2018,6.1092475827643655,21,5.7,46,0.8,727,-5.0,0.0,0.0,0.0,Winter,No Holiday,Yes
2134,27/02/2018,6.135564891081739,22,5.4,49,1.1,687,-4.4,0.0,0.0,0.0,Winter,No Holiday,Yes
2135,27/02/2018,5.739792912179234,23,5.3,53,1.5,582,-3.5,0.0,0.0,0.0,Winter,No Holiday,Yes
2136,28/02/2018,5.58724865840025,0,5.1,52,1.1,614,-3.9,0.0,0.0,0.0,Winter,No Holiday,Yes
2137,28/02/2018,5.438079308923196,1,5.0,53,1.4,557,-3.8,0.0,0.0,0.0,Winter,No Holiday,Yes
2138,28/02/2018,5.1647859739235145,2,5.2,54,1.3,516,-3.3,0.0,0.0,0.0,Winter,No Holiday,Yes
2139,28/02/2018,4.762173934797756,3,5.3,55,1.7,488,-3.0,0.0,0.0,0.0,Winter,No Holiday,Yes
2140,28/02/2018,4.290459441148391,4,5.4,56,1.7,472,-2.6,0.0,0.0,0.0,Winter,No Holiday,Yes
2141,28/02/2018,4.143134726391533,5,5.2,59,1.7,437,-2.1,0.0,0.0,0.0,Winter,No Holiday,Yes
2142,28/02/2018,5.111987788356544,6,5.2,60,1.9,430,-1.9,0.0,0.0,0.0,Winter,No Holiday,Yes
2143,28/02/2018,6.056784013228625,7,5.5,59,2.8,448,-1.8,0.0,0.0,0.0,Winter,No Holiday,Yes
2144,28/02/2018,6.705639094860003,8,5.7,57,2.5,458,-2.1,0.04,0.0,0.0,Winter,No Holiday,Yes
2145,28/02/2018,6.040254711277414,9,6.2,55,2.4,478,-2.1,0.13,0.0,0.0,Winter,No Holiday,Yes
2146,28/02/2018,5.655991810819852,10,6.5,53,2.0,518,-2.4,0.21,0.0,0.0,Winter,No Holiday,Yes
2147,28/02/2018,5.808142489980444,11,7.1,50,2.2,534,-2.6,0.33,0.0,0.0,Winter,No Holiday,Yes
2148,28/02/2018,5.723585101952381,12,7.6,48,2.6,600,-2.7,0.39,0.0,0.0,Winter,No Holiday,Yes
2149,28/02/2018,3.367295829986474,13,7.6,57,2.3,554,-0.3,0.33,0.0,0.0,Winter,No Holiday,Yes
2150,28/02/2018,2.8903717578961645,14,5.7,80,3.7,348,2.5,0.13,0.0,0.0,Winter,No Holiday,Yes
2151,28/02/2018,2.0794415416798357,15,4.8,87,2.9,312,2.8,0.08,4.5,0.0,Winter,No Holiday,Yes
2152,28/02/2018,2.302585092994046,16,4.2,89,2.5,479,2.5,0.07,0.0,0.0,Winter,No Holiday,Yes
2153,28/02/2018,2.1972245773362196,17,3.8,90,2.7,654,2.3,0.0,0.0,0.0,Winter,No Holiday,Yes
2154,28/02/2018,2.4849066497880004,18,3.6,90,2.1,845,2.1,0.0,9.5,0.0,Winter,No Holiday,Yes
2155,28/02/2018,2.995732273553991,19,2.5,95,1.9,838,1.7,0.0,0.0,0.0,Winter,No Holiday,Yes
2156,28/02/2018,2.1972245773362196,20,2.7,96,1.5,1479,2.1,0.0,0.0,0.0,Winter,No Holiday,Yes
2157,28/02/2018,2.3978952727983707,21,2.4,95,2.5,1349,1.6,0.0,9.0,0.0,Winter,No Holiday,Yes
2158,28/02/2018,2.6390573296152584,22,2.3,96,1.9,1207,1.7,0.0,0.0,0.0,Winter,No Holiday,Yes
2159,28/02/2018,3.1780538303479458,23,1.8,96,1.2,745,1.2,0.0,0.0,0.0,Winter,No Holiday,Yes
2160,01/03/2018,4.276666119016055,0,2.0,96,1.3,1894,1.4,0.0,2.0,0.0,Spring,Holiday,Yes
2161,01/03/2018,4.997212273764115,1,2.1,97,0.2,859,1.6,0.0,0.0,0.0,Spring,Holiday,Yes
2162,01/03/2018,5.198497031265826,2,2.0,97,1.0,580,1.5,0.0,0.0,0.0,Spring,Holiday,Yes
2163,01/03/2018,4.532599493153256,3,1.6,97,2.3,469,1.1,0.0,0.1,0.0,Spring,Holiday,Yes
2164,01/03/2018,3.367295829986474,4,1.6,97,1.1,636,1.1,0.0,0.0,0.0,Spring,Holiday,Yes
2165,01/03/2018,2.4849066497880004,5,2.2,97,2.9,362,1.7,0.0,0.0,0.0,Spring,Holiday,Yes
2166,01/03/2018,3.5263605246161616,6,3.0,96,2.7,303,2.4,0.0,0.4,0.0,Spring,Holiday,Yes
2167,01/03/2018,4.127134385045092,7,2.6,89,4.3,320,0.9,0.0,0.0,0.0,Spring,Holiday,Yes
2168,01/03/2018,5.003946305945459,8,1.5,80,3.2,1246,-1.5,0.04,0.0,0.0,Spring,Holiday,Yes
2169,01/03/2018,5.081404364984463,9,0.1,78,4.9,615,-3.2,0.09,0.0,0.0,Spring,Holiday,Yes
2170,01/03/2018,5.2574953720277815,10,0.1,53,5.3,1022,-8.3,1.12,0.0,0.0,Spring,Holiday,Yes
2171,01/03/2018,5.480638923341991,11,0.8,52,4.6,1035,-7.9,2.2,0.0,0.0,Spring,Holiday,Yes
2172,01/03/2018,5.7430031878094825,12,0.5,46,4.7,1172,-9.8,2.49,0.0,0.0,Spring,Holiday,Yes
2173,01/03/2018,5.883322388488279,13,1.4,37,4.0,1681,-11.7,2.95,0.0,0.0,Spring,Holiday,Yes
2174,01/03/2018,5.929589143389895,14,1.2,36,6.0,1430,-12.2,2.86,0.0,0.0,Spring,Holiday,Yes
2175,01/03/2018,6.129050210060545,15,1.6,35,4.5,1567,-12.2,2.54,0.0,0.0,Spring,Holiday,Yes
2176,01/03/2018,6.133398042996649,16,1.4,33,4.8,1480,-13.1,1.98,0.0,0.0,Spring,Holiday,Yes
2177,01/03/2018,6.049733455231958,17,0.4,37,5.2,1366,-12.6,1.23,0.0,0.0,Spring,Holiday,Yes
2178,01/03/2018,5.762051382780177,18,-0.8,40,4.7,1429,-12.7,0.43,0.0,0.0,Spring,Holiday,Yes
2179,01/03/2018,5.44673737166631,19,-1.7,45,3.3,1375,-12.1,0.01,0.0,0.0,Spring,Holiday,Yes
2180,01/03/2018,5.5093883366279774,20,-2.2,49,3.5,1325,-11.4,0.0,0.0,0.0,Spring,Holiday,Yes
2181,01/03/2018,5.3612921657094255,21,-3.0,50,3.7,1301,-11.9,0.0,0.0,0.0,Spring,Holiday,Yes
2182,01/03/2018,5.25227342804663,22,-3.6,52,3.7,1277,-12.0,0.0,0.0,0.0,Spring,Holiday,Yes
2183,01/03/2018,5.25227342804663,23,-4.0,52,3.4,1272,-12.4,0.0,0.0,0.0,Spring,Holiday,Yes
2184,02/03/2018,5.056245805348308,0,-4.3,53,2.6,1334,-12.4,0.0,0.0,0.0,Spring,No Holiday,Yes
2185,02/03/2018,4.6913478822291435,1,-4.6,52,2.1,1372,-12.9,0.0,0.0,0.0,Spring,No Holiday,Yes
2186,02/03/2018,4.276666119016055,2,-5.3,52,1.2,1434,-13.6,0.0,0.0,0.0,Spring,No Holiday,Yes
2187,02/03/2018,3.912023005428146,3,-5.7,50,1.7,1559,-14.4,0.0,0.0,0.0,Spring,No Holiday,Yes
2188,02/03/2018,3.871201010907891,4,-5.8,48,1.5,1552,-15.0,0.0,0.0,0.0,Spring,No Holiday,Yes
2189,02/03/2018,4.189654742026425,5,-6.1,49,1.0,1621,-15.1,0.0,0.0,0.0,Spring,No Holiday,Yes
2190,02/03/2018,4.912654885736052,6,-6.4,50,1.5,1593,-15.1,0.0,0.0,0.0,Spring,No Holiday,Yes
2191,02/03/2018,5.996452088619021,7,-6.6,52,0.5,1555,-14.8,0.0,0.0,0.0,Spring,No Holiday,Yes
2192,02/03/2018,6.42648845745769,8,-6.2,45,0.4,1600,-16.2,0.17,0.0,0.0,Spring,No Holiday,Yes
2193,02/03/2018,5.840641657373398,9,-4.6,34,1.2,1583,-18.1,0.87,0.0,0.0,Spring,No Holiday,Yes
2194,02/03/2018,5.616771097666572,10,-1.8,30,2.1,1608,-17.1,1.59,0.0,0.0,Spring,No Holiday,Yes
2195,02/03/2018,5.840641657373398,11,0.1,30,1.8,1640,-15.4,2.19,0.0,0.0,Spring,No Holiday,Yes
2196,02/03/2018,5.963579343618446,12,1.8,26,2.2,1556,-15.7,2.61,0.0,0.0,Spring,No Holiday,Yes
2197,02/03/2018,5.929589143389895,13,2.3,22,3.1,1627,-17.2,2.83,0.0,0.0,Spring,No Holiday,Yes
2198,02/03/2018,6.111467339502679,14,3.4,23,2.4,1545,-15.8,2.74,0.0,0.0,Spring,No Holiday,Yes
2199,02/03/2018,6.139884552226255,15,4.3,22,1.3,1837,-15.6,2.48,0.0,0.0,Spring,No Holiday,Yes
2200,02/03/2018,6.354370040797351,16,5.2,21,2.1,1721,-15.4,1.97,0.0,0.0,Spring,No Holiday,Yes
2201,02/03/2018,6.448889394146858,17,4.3,21,2.5,1961,-16.1,1.13,0.0,0.0,Spring,No Holiday,Yes
2202,02/03/2018,6.75110146893676,18,3.5,22,0.9,1961,-16.2,0.43,0.0,0.0,Spring,No Holiday,Yes
2203,02/03/2018,6.343880434126331,19,2.0,26,2.3,1985,-15.5,0.02,0.0,0.0,Spring,No Holiday,Yes
2204,02/03/2018,6.059123195581797,20,1.2,35,2.5,1977,-12.6,0.0,0.0,0.0,Spring,No Holiday,Yes
2205,02/03/2018,5.983936280687191,21,1.0,34,1.4,1880,-13.1,0.0,0.0,0.0,Spring,No Holiday,Yes
2206,02/03/2018,6.028278520230698,22,0.5,38,0.9,1907,-12.2,0.0,0.0,0.0,Spring,No Holiday,Yes
2207,02/03/2018,5.652489180268651,23,0.3,38,0.2,1895,-12.3,0.0,0.0,0.0,Spring,No Holiday,Yes
2208,03/03/2018,5.389071729816501,0,0.5,34,0.4,1889,-13.5,0.0,0.0,0.0,Spring,No Holiday,Yes
2209,03/03/2018,5.438079308923196,1,0.6,36,0.4,1933,-12.7,0.0,0.0,0.0,Spring,No Holiday,Yes
2210,03/03/2018,5.176149732573829,2,0.9,35,0.5,1856,-12.8,0.0,0.0,0.0,Spring,No Holiday,Yes
2211,03/03/2018,5.0106352940962555,3,0.8,38,0.8,1594,-11.9,0.0,0.0,0.0,Spring,No Holiday,Yes
2212,03/03/2018,4.543294782270004,4,0.6,43,0.9,1599,-10.5,0.0,0.0,0.0,Spring,No Holiday,Yes
2213,03/03/2018,4.02535169073515,5,0.8,39,1.0,1463,-11.6,0.0,0.0,0.0,Spring,No Holiday,Yes
2214,03/03/2018,4.276666119016055,6,0.5,42,0.9,1543,-10.9,0.0,0.0,0.0,Spring,No Holiday,Yes
2215,03/03/2018,5.075173815233827,7,0.1,43,1.4,1502,-11.0,0.0,0.0,0.0,Spring,No Holiday,Yes
2216,03/03/2018,5.726847747587197,8,0.4,38,1.8,1564,-12.3,0.16,0.0,0.0,Spring,No Holiday,Yes
2217,03/03/2018,5.799092654460526,9,2.2,30,1.5,1513,-13.6,0.81,0.0,0.0,Spring,No Holiday,Yes
2218,03/03/2018,5.872117789475416,10,5.1,27,1.2,1563,-12.4,1.54,0.0,0.0,Spring,No Holiday,Yes
2219,03/03/2018,6.068425588244111,11,8.1,21,2.1,1738,-12.9,2.15,0.0,0.0,Spring,No Holiday,Yes
2220,03/03/2018,6.406879986069314,12,10.7,16,1.7,1657,-14.1,2.56,0.0,0.0,Spring,No Holiday,Yes
2221,03/03/2018,6.648984550024776,13,12.2,14,1.6,1896,-14.5,2.75,0.0,0.0,Spring,No Holiday,Yes
2222,03/03/2018,6.933423025730715,14,14.4,14,1.4,1833,-12.8,2.66,0.0,0.0,Spring,No Holiday,Yes
2223,03/03/2018,7.122059881629142,15,16.0,14,2.2,1828,-11.5,2.33,0.0,0.0,Spring,No Holiday,Yes
2224,03/03/2018,7.1592919047975645,16,15.8,15,2.6,1867,-10.8,1.7,0.0,0.0,Spring,No Holiday,Yes
2225,03/03/2018,7.088408778675395,17,15.0,22,2.5,1946,-6.5,0.96,0.0,0.0,Spring,No Holiday,Yes
2226,03/03/2018,6.825460036255307,18,13.9,26,1.9,1995,-5.3,0.41,0.0,0.0,Spring,No Holiday,Yes
2227,03/03/2018,6.447305862541213,19,12.7,32,2.3,2000,-3.6,0.01,0.0,0.0,Spring,No Holiday,Yes
2228,03/03/2018,6.448889394146858,20,11.1,51,3.7,1957,1.3,0.0,0.0,0.0,Spring,No Holiday,Yes
2229,03/03/2018,6.3784261836515865,21,10.3,52,2.2,1843,0.8,0.0,0.0,0.0,Spring,No Holiday,Yes
2230,03/03/2018,6.248042874508429,22,10.2,49,1.7,1972,0.0,0.0,0.0,0.0,Spring,No Holiday,Yes
2231,03/03/2018,5.375278407684165,23,9.4,74,1.6,559,4.9,0.0,0.0,0.0,Spring,No Holiday,Yes
2232,04/03/2018,5.087596335232384,0,8.5,87,0.9,303,6.4,0.0,0.0,0.0,Spring,No Holiday,Yes
2233,04/03/2018,4.77912349311153,1,8.3,91,0.1,282,6.9,0.0,0.0,0.0,Spring,No Holiday,Yes
2234,04/03/2018,4.564348191467836,2,8.3,95,0.3,243,7.5,0.0,0.0,0.0,Spring,No Holiday,Yes
2235,04/03/2018,4.51085950651685,3,8.5,96,0.4,238,7.8,0.0,0.1,0.0,Spring,No Holiday,Yes
2236,04/03/2018,3.5553480614894135,4,8.8,95,0.2,218,8.0,0.0,0.0,0.0,Spring,No Holiday,Yes
2237,04/03/2018,2.772588722239781,5,8.8,96,1.2,196,8.1,0.0,0.0,0.0,Spring,No Holiday,Yes
2238,04/03/2018,3.044522437723423,6,8.6,96,0.7,224,7.9,0.0,0.2,0.0,Spring,No Holiday,Yes
2239,04/03/2018,3.1780538303479458,7,8.4,97,2.6,122,7.9,0.0,0.0,0.0,Spring,No Holiday,Yes
2240,04/03/2018,4.2626798770413155,8,8.3,97,0.6,152,7.8,0.01,0.0,0.0,Spring,No Holiday,Yes
2241,04/03/2018,5.062595033026967,9,8.8,97,1.3,196,8.3,0.2,0.2,0.0,Spring,No Holiday,Yes
2242,04/03/2018,5.480638923341991,10,9.8,90,0.8,335,8.2,0.64,0.0,0.0,Spring,No Holiday,Yes
2243,04/03/2018,5.6131281063880705,11,10.1,88,0.7,453,8.1,0.34,0.0,0.0,Spring,No Holiday,Yes
2244,04/03/2018,5.883322388488279,12,10.7,85,0.9,393,8.2,0.52,0.0,0.0,Spring,No Holiday,Yes
2245,04/03/2018,6.063785208687608,13,10.8,84,1.2,400,8.1,0.44,0.0,0.0,Spring,No Holiday,Yes
2246,04/03/2018,6.16541785423142,14,11.2,83,1.1,518,8.4,0.45,0.0,0.0,Spring,No Holiday,Yes
2247,04/03/2018,6.150602768446279,15,11.7,81,1.2,616,8.5,0.53,0.0,0.0,Spring,No Holiday,Yes
2248,04/03/2018,5.983936280687191,16,11.7,82,1.1,753,8.7,0.32,0.0,0.0,Spring,No Holiday,Yes
2249,04/03/2018,6.20050917404269,17,11.8,82,1.7,990,8.8,0.4,0.0,0.0,Spring,No Holiday,Yes
2250,04/03/2018,6.07993319509559,18,11.5,81,1.5,1475,8.3,0.07,0.0,0.0,Spring,No Holiday,Yes
2251,04/03/2018,5.66988092298052,19,11.2,81,2.3,1614,8.0,0.0,0.0,0.0,Spring,No Holiday,Yes
2252,04/03/2018,3.295836866004329,20,11.3,80,1.2,1978,7.9,0.0,0.0,0.0,Spring,No Holiday,Yes
2253,04/03/2018,2.0794415416798357,21,10.6,89,2.1,606,8.8,0.0,2.0,0.0,Spring,No Holiday,Yes
2254,04/03/2018,2.1972245773362196,22,9.6,92,2.5,721,8.3,0.0,0.0,0.0,Spring,No Holiday,Yes
2255,04/03/2018,2.302585092994046,23,8.7,91,2.9,957,7.3,0.0,0.0,0.0,Spring,No Holiday,Yes
2256,05/03/2018,3.1354942159291497,0,7.6,88,2.5,1974,5.7,0.0,9.0,0.0,Spring,No Holiday,Yes
2257,05/03/2018,3.1780538303479458,1,7.0,88,2.5,2000,5.1,0.0,0.0,0.0,Spring,No Holiday,Yes
2258,05/03/2018,2.302585092994046,2,6.3,89,2.2,1456,4.6,0.0,0.0,0.0,Spring,No Holiday,Yes
2259,05/03/2018,1.0986122886681098,3,5.7,92,2.0,458,4.4,0.0,1.5,0.0,Spring,No Holiday,Yes
2260,05/03/2018,1.6094379124341003,4,5.1,90,2.6,1005,3.5,0.0,0.0,0.0,Spring,No Holiday,Yes
2261,05/03/2018,3.1354942159291497,5,4.7,89,2.3,1242,3.0,0.0,0.0,0.0,Spring,No Holiday,Yes
2262,05/03/2018,3.044522437723423,6,4.2,87,2.0,1979,2.2,0.0,2.0,0.0,Spring,No Holiday,Yes
2263,05/03/2018,4.454347296253507,7,3.8,87,2.2,2000,1.8,0.0,0.0,0.0,Spring,No Holiday,Yes
2264,05/03/2018,5.220355825078324,8,3.6,88,2.3,2000,1.7,0.03,0.0,0.0,Spring,No Holiday,Yes
2265,05/03/2018,5.356586274672012,9,3.7,85,1.8,2000,1.4,0.17,0.0,0.0,Spring,No Holiday,Yes
2266,05/03/2018,5.4510384535657,10,4.4,80,1.8,2000,1.2,0.56,0.0,0.0,Spring,No Holiday,Yes
2267,05/03/2018,5.777652323222656,11,6.1,66,1.9,2000,0.2,1.42,0.0,0.0,Spring,No Holiday,Yes
2268,05/03/2018,6.0844994130751715,12,7.6,58,2.4,2000,-0.1,1.85,0.0,0.0,Spring,No Holiday,Yes
2269,05/03/2018,6.144185634125646,13,8.3,51,2.0,2000,-1.2,1.42,0.0,0.0,Spring,No Holiday,Yes
2270,05/03/2018,6.311734809152915,14,10.0,44,1.9,2000,-1.7,2.46,0.0,0.0,Spring,No Holiday,Yes
2271,05/03/2018,6.45833828334479,15,10.3,43,2.5,2000,-1.7,2.45,0.0,0.0,Spring,No Holiday,Yes
2272,05/03/2018,6.577861357721047,16,11.0,39,1.2,2000,-2.4,1.96,0.0,0.0,Spring,No Holiday,Yes
2273,05/03/2018,6.763884908562435,17,10.0,43,1.4,2000,-2.0,1.12,0.0,0.0,Spring,No Holiday,Yes
2274,05/03/2018,7.052721049232323,18,8.1,47,1.7,2000,-2.5,0.34,0.0,0.0,Spring,No Holiday,Yes
2275,05/03/2018,6.663132695990803,19,5.8,53,1.7,2000,-3.0,0.02,0.0,0.0,Spring,No Holiday,Yes
2276,05/03/2018,6.361302477572996,20,4.3,57,1.3,2000,-3.4,0.0,0.0,0.0,Spring,No Holiday,Yes
2277,05/03/2018,6.280395838960195,21,3.1,59,1.5,2000,-4.1,0.0,0.0,0.0,Spring,No Holiday,Yes
2278,05/03/2018,6.1463292576688975,22,2.3,63,1.0,2000,-4.0,0.0,0.0,0.0,Spring,No Holiday,Yes
2279,05/03/2018,5.616771097666572,23,1.9,60,1.3,2000,-5.0,0.0,0.0,0.0,Spring,No Holiday,Yes
2280,06/03/2018,5.41610040220442,0,1.3,69,0.8,2000,-3.7,0.0,0.0,0.0,Spring,No Holiday,Yes
2281,06/03/2018,5.241747015059643,1,0.8,67,0.8,2000,-4.6,0.0,0.0,0.0,Spring,No Holiday,Yes
2282,06/03/2018,4.812184355372417,2,0.3,71,0.9,1999,-4.3,0.0,0.0,0.0,Spring,No Holiday,Yes
2283,06/03/2018,4.418840607796598,3,0.1,71,0.4,2000,-4.5,0.0,0.0,0.0,Spring,No Holiday,Yes
2284,06/03/2018,4.382026634673881,4,-0.5,75,0.6,1967,-4.3,0.0,0.0,0.0,Spring,No Holiday,Yes
2285,06/03/2018,4.394449154672439,5,-0.9,78,0.6,1687,-4.2,0.0,0.0,0.0,Spring,No Holiday,Yes
2286,06/03/2018,5.3706380281276624,6,-1.0,77,0.4,1578,-4.5,0.0,0.0,0.0,Spring,No Holiday,Yes
2287,06/03/2018,6.369900982828227,7,-1.0,78,0.6,1484,-4.3,0.0,0.0,0.0,Spring,No Holiday,Yes
2288,06/03/2018,6.905753276311464,8,-0.7,76,1.0,1461,-4.4,0.2,0.0,0.0,Spring,No Holiday,Yes
2289,06/03/2018,6.322565239927284,9,1.2,62,0.8,1338,-5.2,0.85,0.0,0.0,Spring,No Holiday,Yes
2290,06/03/2018,5.942799375126701,10,3.7,51,1.3,1596,-5.5,1.56,0.0,0.0,Spring,No Holiday,Yes
2291,06/03/2018,6.16541785423142,11,6.3,41,1.3,1519,-6.0,2.12,0.0,0.0,Spring,No Holiday,Yes
2292,06/03/2018,6.22455842927536,12,8.5,34,1.9,1876,-6.4,2.55,0.0,0.0,Spring,No Holiday,Yes
2293,06/03/2018,6.270988431858299,13,9.3,27,2.2,1816,-8.7,2.65,0.0,0.0,Spring,No Holiday,Yes
2294,06/03/2018,6.342121418721152,14,9.2,27,2.9,1880,-8.8,2.32,0.0,0.0,Spring,No Holiday,Yes
2295,06/03/2018,6.424869023905388,15,10.1,24,1.8,1839,-9.6,2.12,0.0,0.0,Spring,No Holiday,Yes
2296,06/03/2018,6.523562306149512,16,10.6,26,1.9,1955,-8.1,1.75,0.0,0.0,Spring,No Holiday,Yes
2297,06/03/2018,6.784457062637643,17,10.2,27,2.8,1826,-8.0,1.22,0.0,0.0,Spring,No Holiday,Yes
2298,06/03/2018,7.1284959456800365,18,8.7,28,3.2,2000,-8.8,0.49,0.0,0.0,Spring,No Holiday,Yes
2299,06/03/2018,6.726233402358747,19,7.1,30,2.7,2000,-9.3,0.02,0.0,0.0,Spring,No Holiday,Yes
2300,06/03/2018,6.502790045915623,20,6.1,31,2.8,2000,-9.8,0.0,0.0,0.0,Spring,No Holiday,Yes
2301,06/03/2018,6.439350371100098,21,5.5,33,3.2,1995,-9.5,0.0,0.0,0.0,Spring,No Holiday,Yes
2302,06/03/2018,6.244166900663736,22,4.5,40,1.3,1871,-7.9,0.0,0.0,0.0,Spring,No Holiday,Yes
2303,06/03/2018,5.8916442118257715,23,3.5,44,0.9,1905,-7.6,0.0,0.0,0.0,Spring,No Holiday,Yes
2304,07/03/2018,5.66988092298052,0,2.8,45,1.7,1493,-7.9,0.0,0.0,0.0,Spring,No Holiday,Yes
2305,07/03/2018,5.272999558563747,1,2.8,46,2.0,1709,-7.6,0.0,0.0,0.0,Spring,No Holiday,Yes
2306,07/03/2018,4.90527477843843,2,2.6,50,1.3,1962,-6.8,0.0,0.0,0.0,Spring,No Holiday,Yes
2307,07/03/2018,4.532599493153256,3,2.7,55,1.5,1989,-5.4,0.0,0.0,0.0,Spring,No Holiday,Yes
2308,07/03/2018,3.912023005428146,4,2.6,61,1.7,1998,-4.1,0.0,0.0,0.0,Spring,No Holiday,Yes
2309,07/03/2018,4.584967478670572,5,2.5,63,1.3,1987,-3.8,0.0,0.0,0.0,Spring,No Holiday,Yes
2310,07/03/2018,5.4510384535657,6,2.4,65,1.8,1989,-3.5,0.0,0.0,0.0,Spring,No Holiday,Yes
2311,07/03/2018,6.395261598115449,7,2.2,65,1.9,2000,-3.7,0.0,0.0,0.0,Spring,No Holiday,Yes
2312,07/03/2018,6.940222469119639,8,2.6,63,1.6,1857,-3.7,0.14,0.0,0.0,Spring,No Holiday,Yes
2313,07/03/2018,6.340359303727752,9,3.8,58,2.0,1785,-3.7,0.49,0.0,0.0,Spring,No Holiday,Yes
2314,07/03/2018,6.018593214496234,10,5.2,52,1.5,1808,-3.8,0.74,0.0,0.0,Spring,No Holiday,Yes
2315,07/03/2018,6.091309882077698,11,8.0,43,1.7,1909,-3.8,1.74,0.0,0.0,Spring,No Holiday,Yes
2316,07/03/2018,6.311734809152915,12,9.6,39,1.8,1982,-3.7,2.09,0.0,0.0,Spring,No Holiday,Yes
2317,07/03/2018,6.234410725718371,13,9.9,39,1.9,1911,-3.4,1.61,0.0,0.0,Spring,No Holiday,Yes
2318,07/03/2018,6.226536669287466,14,9.8,38,0.9,1908,-3.8,0.93,0.0,0.0,Spring,No Holiday,Yes
2319,07/03/2018,6.431331081933479,15,10.2,34,2.3,1919,-4.9,1.19,0.0,0.0,Spring,No Holiday,Yes
2320,07/03/2018,6.472346294500901,16,10.4,36,3.2,1963,-4.0,1.02,0.0,0.0,Spring,No Holiday,Yes
2321,07/03/2018,6.745236349484363,17,10.4,37,1.0,2000,-3.6,0.67,0.0,0.0,Spring,No Holiday,Yes
2322,07/03/2018,7.2196420401307355,18,9.6,42,2.0,2000,-2.7,0.14,0.0,0.0,Spring,No Holiday,Yes
2323,07/03/2018,6.684611727667927,19,8.9,44,2.3,2000,-2.7,0.0,0.0,0.0,Spring,No Holiday,Yes
2324,07/03/2018,6.376726947898627,20,8.5,46,1.0,1977,-2.4,0.0,0.0,0.0,Spring,No Holiday,Yes
2325,07/03/2018,6.021023349349527,21,7.9,56,1.4,1975,-0.3,0.0,0.0,0.0,Spring,No Holiday,Yes
2326,07/03/2018,4.997212273764115,22,7.2,60,1.4,1928,0.0,0.0,0.0,0.0,Spring,No Holiday,Yes
2327,07/03/2018,3.8918202981106265,23,6.0,79,2.0,918,2.6,0.0,0.0,0.0,Spring,No Holiday,Yes
2328,08/03/2018,3.912023005428146,0,5.2,83,1.5,733,2.5,0.0,0.5,0.0,Spring,No Holiday,Yes
2329,08/03/2018,3.1780538303479458,1,4.7,86,0.7,717,2.5,0.0,0.0,0.0,Spring,No Holiday,Yes
2330,08/03/2018,2.995732273553991,2,4.2,88,0.9,553,2.3,0.0,0.0,0.0,Spring,No Holiday,Yes
2331,08/03/2018,2.5649493574615367,3,3.8,90,0.8,448,2.3,0.0,2.0,0.0,Spring,No Holiday,Yes
2332,08/03/2018,2.1972245773362196,4,3.3,90,1.3,682,1.8,0.0,0.0,0.0,Spring,No Holiday,Yes
2333,08/03/2018,2.8903717578961645,5,3.1,90,1.2,974,1.6,0.0,0.0,0.0,Spring,No Holiday,Yes
2334,08/03/2018,3.4965075614664802,6,3.1,89,0.2,903,1.4,0.0,1.5,0.0,Spring,No Holiday,Yes
2335,08/03/2018,4.174387269895637,7,3.0,90,0.7,578,1.5,0.0,0.0,0.0,Spring,No Holiday,Yes
2336,08/03/2018,4.48863636973214,8,3.0,94,0.3,444,2.1,0.01,0.0,0.0,Spring,No Holiday,Yes
2337,08/03/2018,4.61512051684126,9,3.4,90,1.5,386,1.9,0.21,0.5,0.0,Spring,No Holiday,Yes
2338,08/03/2018,5.111987788356544,10,3.6,88,2.6,681,1.7,0.44,0.0,0.0,Spring,No Holiday,Yes
2339,08/03/2018,5.673323267171493,11,4.5,82,2.0,1226,1.6,0.73,0.0,0.0,Spring,No Holiday,Yes
2340,08/03/2018,5.929589143389895,12,5.6,72,3.0,1700,0.9,0.89,0.0,0.0,Spring,No Holiday,Yes
2341,08/03/2018,6.0063531596017325,13,6.7,65,3.2,1651,0.5,1.76,0.0,0.0,Spring,No Holiday,Yes
2342,08/03/2018,6.115892125483034,14,7.7,62,2.4,1758,0.8,1.64,0.0,0.0,Spring,No Holiday,Yes
2343,08/03/2018,6.320768294250582,15,9.2,53,3.3,1896,0.1,2.23,0.0,0.0,Spring,No Holiday,Yes
2344,08/03/2018,6.38856140554563,16,9.5,56,3.1,994,1.1,1.1,0.0,0.0,Spring,No Holiday,Yes
2345,08/03/2018,6.630683385642372,17,7.5,64,4.3,538,1.1,0.88,0.0,0.0,Spring,No Holiday,Yes
2346,08/03/2018,6.9957661563048505,18,5.9,68,3.4,543,0.4,0.38,0.0,0.0,Spring,No Holiday,Yes
2347,08/03/2018,6.52795791762255,19,4.5,72,2.7,529,-0.1,0.03,0.0,0.0,Spring,No Holiday,Yes
2348,08/03/2018,6.375024819828097,20,3.3,74,2.6,494,-0.8,0.0,0.0,0.0,Spring,No Holiday,Yes
2349,08/03/2018,6.280395838960195,21,3.1,74,3.2,465,-1.0,0.0,0.0,0.0,Spring,No Holiday,Yes
2350,08/03/2018,6.212606095751519,22,2.8,74,2.1,469,-1.3,0.0,0.0,0.0,Spring,No Holiday,Yes
2351,08/03/2018,5.755742213586912,23,2.8,73,1.8,468,-1.5,0.0,0.0,0.0,Spring,No Holiday,Yes
2352,09/03/2018,5.60947179518496,0,3.0,72,2.3,473,-1.5,0.0,0.0,0.0,Spring,No Holiday,Yes
2353,09/03/2018,5.43372200355424,1,2.8,73,2.6,413,-1.5,0.0,0.0,0.0,Spring,No Holiday,Yes
2354,09/03/2018,5.049856007249537,2,2.8,74,1.2,415,-1.3,0.0,0.0,0.0,Spring,No Holiday,Yes
2355,09/03/2018,4.663439094112067,3,2.7,75,0.7,417,-1.2,0.0,0.0,0.0,Spring,No Holiday,Yes
2356,09/03/2018,4.204692619390966,4,2.5,76,1.0,403,-1.3,0.0,0.0,0.0,Spring,No Holiday,Yes
2357,09/03/2018,4.48863636973214,5,2.5,76,0.7,544,-1.3,0.0,0.0,0.0,Spring,No Holiday,Yes
2358,09/03/2018,5.278114659230517,6,2.5,71,1.1,1055,-2.2,0.0,0.0,0.0,Spring,No Holiday,Yes
2359,09/03/2018,6.354370040797351,7,1.6,76,0.7,1024,-2.1,0.0,0.0,0.0,Spring,No Holiday,Yes
2360,09/03/2018,6.948897222313312,8,1.8,67,0.7,1917,-3.6,0.19,0.0,0.0,Spring,No Holiday,Yes
2361,09/03/2018,6.3473892096560105,9,3.5,60,1.3,1969,-3.5,0.71,0.0,0.0,Spring,No Holiday,Yes
2362,09/03/2018,5.8916442118257715,10,4.8,54,1.3,1921,-3.7,0.78,0.0,0.0,Spring,No Holiday,Yes
2363,09/03/2018,6.09807428216624,11,5.9,51,0.7,1866,-3.4,0.91,0.0,0.0,Spring,No Holiday,Yes
2364,09/03/2018,6.236369590203704,12,6.8,51,1.0,1617,-2.6,1.13,0.0,0.0,Spring,No Holiday,Yes
2365,09/03/2018,6.234410725718371,13,7.5,44,2.0,1526,-3.9,1.24,0.0,0.0,Spring,No Holiday,Yes
2366,09/03/2018,6.297109319933935,14,8.0,42,1.5,1690,-4.1,1.24,0.0,0.0,Spring,No Holiday,Yes
2367,09/03/2018,6.416732282512326,15,7.7,51,2.9,670,-1.8,0.94,0.0,0.0,Spring,No Holiday,Yes
2368,09/03/2018,6.532334292222349,16,9.6,38,1.7,1052,-4.0,1.71,0.0,0.0,Spring,No Holiday,Yes
2369,09/03/2018,6.727431724850855,17,8.9,46,1.8,789,-2.1,1.0,0.0,0.0,Spring,No Holiday,Yes
2370,09/03/2018,7.116394144093465,18,7.0,55,2.0,705,-1.4,0.35,0.0,0.0,Spring,No Holiday,Yes
2371,09/03/2018,6.577861357721047,19,5.4,60,3.9,990,-1.7,0.02,0.0,0.0,Spring,No Holiday,Yes
2372,09/03/2018,6.284134161070802,20,4.3,67,1.1,1125,-1.2,0.0,0.0,0.0,Spring,No Holiday,Yes
2373,09/03/2018,6.2878585601617845,21,3.5,69,1.4,1177,-1.6,0.0,0.0,0.0,Spring,No Holiday,Yes
2374,09/03/2018,6.257667587882639,22,2.9,69,1.2,1179,-2.2,0.0,0.0,0.0,Spring,No Holiday,Yes
2375,09/03/2018,5.736572297479192,23,2.5,72,1.5,1071,-2.0,0.0,0.0,0.0,Spring,No Holiday,Yes
2376,10/03/2018,5.796057750765372,0,2.1,74,1.4,970,-2.0,0.0,0.0,0.0,Spring,No Holiday,Yes
2377,10/03/2018,5.723585101952381,1,2.0,75,1.0,658,-1.9,0.0,0.0,0.0,Spring,No Holiday,Yes
2378,10/03/2018,5.488937726156687,2,1.6,79,0.9,685,-1.6,0.0,0.0,0.0,Spring,No Holiday,Yes
2379,10/03/2018,4.941642422609304,3,1.3,80,0.6,705,-1.7,0.0,0.0,0.0,Spring,No Holiday,Yes
2380,10/03/2018,4.5217885770490405,4,0.9,81,0.6,620,-1.9,0.0,0.0,0.0,Spring,No Holiday,Yes
2381,10/03/2018,4.382026634673881,5,0.8,80,0.3,565,-2.2,0.0,0.0,0.0,Spring,No Holiday,Yes
2382,10/03/2018,4.31748811353631,6,1.1,78,1.1,538,-2.3,0.0,0.0,0.0,Spring,No Holiday,Yes
2383,10/03/2018,5.342334251964811,7,0.9,78,1.1,535,-2.5,0.0,0.0,0.0,Spring,No Holiday,Yes
2384,10/03/2018,5.831882477283517,8,1.5,73,1.2,466,-2.8,0.11,0.0,0.0,Spring,No Holiday,Yes
2385,10/03/2018,5.945420608606575,9,2.7,71,1.3,418,-2.0,0.3,0.0,0.0,Spring,No Holiday,Yes
2386,10/03/2018,6.0330862217988015,10,3.5,65,2.4,539,-2.4,0.87,0.0,0.0,Spring,No Holiday,Yes
2387,10/03/2018,6.210600077024653,11,5.7,58,2.3,700,-1.9,2.08,0.0,0.0,Spring,No Holiday,Yes
2388,10/03/2018,6.478509642208569,12,7.1,50,2.2,909,-2.6,2.47,0.0,0.0,Spring,No Holiday,Yes
2389,10/03/2018,6.630683385642372,13,8.2,42,3.1,1261,-3.9,2.66,0.0,0.0,Spring,No Holiday,Yes
2390,10/03/2018,6.810142450115136,14,9.2,38,2.6,1377,-4.4,2.53,0.0,0.0,Spring,No Holiday,Yes
2391,10/03/2018,6.837332814685591,15,8.1,36,4.7,1964,-6.1,2.23,0.0,0.0,Spring,No Holiday,Yes
2392,10/03/2018,6.880384082186005,16,8.3,37,3.8,1867,-5.5,1.73,0.0,0.0,Spring,No Holiday,Yes
2393,10/03/2018,6.721425700790643,17,7.7,46,2.8,1635,-3.2,1.05,0.0,0.0,Spring,No Holiday,Yes
2394,10/03/2018,6.499787040655854,18,6.2,61,3.2,1411,-0.7,0.4,0.0,0.0,Spring,No Holiday,Yes
2395,10/03/2018,6.352629396319567,19,5.3,67,2.6,1314,-0.3,0.02,0.0,0.0,Spring,No Holiday,Yes
2396,10/03/2018,6.104793232414985,20,5.2,69,1.8,1196,0.0,0.0,0.0,0.0,Spring,No Holiday,Yes
2397,10/03/2018,6.154858094016418,21,5.0,73,2.2,1173,0.5,0.0,0.0,0.0,Spring,No Holiday,Yes
2398,10/03/2018,6.045005314036012,22,5.0,75,2.2,1084,0.9,0.0,0.0,0.0,Spring,No Holiday,Yes
2399,10/03/2018,5.846438775057725,23,5.1,75,1.4,950,1.0,0.0,0.0,0.0,Spring,No Holiday,Yes
2400,11/03/2018,5.932245187448011,0,5.1,77,1.9,718,1.3,0.0,0.0,0.0,Spring,No Holiday,Yes
2401,11/03/2018,5.407171771460119,1,4.8,80,1.3,583,1.6,0.0,0.0,0.0,Spring,No Holiday,Yes
2402,11/03/2018,5.147494476813453,2,4.7,78,1.5,466,1.1,0.0,0.0,0.0,Spring,No Holiday,Yes
2403,11/03/2018,4.7535901911063645,3,4.4,80,1.6,393,1.2,0.0,0.0,0.0,Spring,No Holiday,Yes
2404,11/03/2018,4.394449154672439,4,4.2,81,1.3,333,1.2,0.0,0.0,0.0,Spring,No Holiday,Yes
2405,11/03/2018,3.828641396489095,5,3.9,85,1.6,264,1.6,0.0,0.0,0.0,Spring,No Holiday,Yes
2406,11/03/2018,4.1588830833596715,6,3.4,85,1.5,234,1.1,0.0,0.0,0.0,Spring,No Holiday,Yes
2407,11/03/2018,4.787491742782046,7,2.9,84,1.9,241,0.4,0.0,0.0,0.0,Spring,No Holiday,Yes
2408,11/03/2018,5.3612921657094255,8,2.8,82,1.2,240,0.0,0.19,0.0,0.0,Spring,No Holiday,Yes
2409,11/03/2018,5.66988092298052,9,3.9,77,2.0,263,0.2,0.65,0.0,0.0,Spring,No Holiday,Yes
2410,11/03/2018,5.978885764901122,10,5.9,69,2.6,330,0.6,1.43,0.0,0.0,Spring,No Holiday,Yes
2411,11/03/2018,6.054439346269371,11,7.6,54,1.6,430,-1.1,2.06,0.0,0.0,Spring,No Holiday,Yes
2412,11/03/2018,6.502790045915623,12,9.2,40,2.6,592,-3.7,2.47,0.0,0.0,Spring,No Holiday,Yes
2413,11/03/2018,6.738152494595957,13,10.3,31,2.1,885,-6.1,2.67,0.0,0.0,Spring,No Holiday,Yes
2414,11/03/2018,7.051855622955894,14,11.6,20,2.7,1647,-10.6,2.69,0.0,0.0,Spring,No Holiday,Yes
2415,11/03/2018,7.166265974133638,15,11.9,26,2.8,1338,-7.0,2.34,0.0,0.0,Spring,No Holiday,Yes
2416,11/03/2018,7.095064377287131,16,11.9,25,2.7,1424,-7.5,1.83,0.0,0.0,Spring,No Holiday,Yes
2417,11/03/2018,6.9363427358340495,17,11.1,25,2.0,1765,-8.2,1.19,0.0,0.0,Spring,No Holiday,Yes
2418,11/03/2018,6.655440350367647,18,9.4,22,2.9,1995,-11.2,0.55,0.0,0.0,Spring,No Holiday,Yes
2419,11/03/2018,6.391917113392602,19,7.8,28,1.9,1982,-9.6,0.04,0.0,0.0,Spring,No Holiday,Yes
2420,11/03/2018,6.274762021241939,20,6.7,32,1.9,1722,-8.8,0.0,0.0,0.0,Spring,No Holiday,Yes
2421,11/03/2018,6.280395838960195,21,5.7,34,1.0,1520,-8.9,0.0,0.0,0.0,Spring,No Holiday,Yes
2422,11/03/2018,6.040254711277414,22,5.3,31,2.3,1842,-10.5,0.0,0.0,0.0,Spring,No Holiday,Yes
2423,11/03/2018,5.666426688112432,23,4.2,34,1.7,1476,-10.3,0.0,0.0,0.0,Spring,No Holiday,Yes
2424,12/03/2018,5.407171771460119,0,3.5,46,1.1,1040,-7.0,0.0,0.0,0.0,Spring,No Holiday,Yes
2425,12/03/2018,5.099866427824199,1,2.9,51,0.8,1119,-6.2,0.0,0.0,0.0,Spring,No Holiday,Yes
2426,12/03/2018,4.564348191467836,2,2.7,46,0.4,1363,-7.7,0.0,0.0,0.0,Spring,No Holiday,Yes
2427,12/03/2018,4.110873864173311,3,2.3,48,0.8,1448,-7.6,0.0,0.0,0.0,Spring,No Holiday,Yes
2428,12/03/2018,3.871201010907891,4,2.8,52,0.6,1249,-6.1,0.0,0.0,0.0,Spring,No Holiday,Yes
2429,12/03/2018,4.672828834461906,5,3.3,53,0.4,1208,-5.3,0.0,0.0,0.0,Spring,No Holiday,Yes
2430,12/03/2018,5.568344503761097,6,2.8,57,0.7,920,-4.8,0.0,0.0,0.0,Spring,No Holiday,Yes
2431,12/03/2018,6.4967749901858625,7,3.0,53,0.5,1094,-5.6,0.0,0.0,0.0,Spring,No Holiday,Yes
2432,12/03/2018,6.9726062513017535,8,3.8,47,0.8,1229,-6.5,0.06,0.0,0.0,Spring,No Holiday,Yes
2433,12/03/2018,6.405228458030842,9,4.8,43,1.0,1200,-6.7,0.18,0.0,0.0,Spring,No Holiday,Yes
2434,12/03/2018,6.008813185442595,10,6.6,40,1.0,1061,-6.0,0.65,0.0,0.0,Spring,No Holiday,Yes
2435,12/03/2018,6.139884552226255,11,9.2,33,1.1,892,-6.2,1.54,0.0,0.0,Spring,No Holiday,Yes
2436,12/03/2018,6.366470447731438,12,11.7,32,1.6,690,-4.4,1.99,0.0,0.0,Spring,No Holiday,Yes
2437,12/03/2018,6.3784261836515865,13,13.6,34,1.8,458,-1.9,2.23,0.0,0.0,Spring,No Holiday,Yes
2438,12/03/2018,6.403574197934815,14,14.9,34,2.8,403,-0.8,2.22,0.0,0.0,Spring,No Holiday,Yes
2439,12/03/2018,6.543911845564792,15,15.3,32,2.9,458,-1.3,2.02,0.0,0.0,Spring,No Holiday,Yes
2440,12/03/2018,6.6240652277998935,16,14.5,34,3.1,471,-1.2,1.59,0.0,0.0,Spring,No Holiday,Yes
2441,12/03/2018,6.837332814685591,17,13.7,38,2.6,436,-0.3,1.0,0.0,0.0,Spring,No Holiday,Yes
2442,12/03/2018,7.262628600974241,18,12.2,43,2.8,463,0.0,0.41,0.0,0.0,Spring,No Holiday,Yes
2443,12/03/2018,6.853299093186078,19,10.6,47,2.0,425,-0.2,0.03,0.0,0.0,Spring,No Holiday,Yes
2444,12/03/2018,6.687108607866515,20,9.4,50,2.1,391,-0.5,0.0,0.0,0.0,Spring,No Holiday,Yes
2445,12/03/2018,6.648984550024776,21,8.7,49,1.7,464,-1.4,0.0,0.0,0.0,Spring,No Holiday,Yes
2446,12/03/2018,6.54534966033442,22,7.8,49,0.1,528,-2.2,0.0,0.0,0.0,Spring,No Holiday,Yes
2447,12/03/2018,5.986452005284438,23,6.8,56,0.9,497,-1.3,0.0,0.0,0.0,Spring,No Holiday,Yes
2448,13/03/2018,5.736572297479192,0,6.4,62,0.7,506,-0.3,0.0,0.0,0.0,Spring,No Holiday,Yes
2449,13/03/2018,5.44673737166631,1,5.9,65,1.0,596,-0.1,0.0,0.0,0.0,Spring,No Holiday,Yes
2450,13/03/2018,5.087596335232384,2,5.4,66,0.6,623,-0.4,0.0,0.0,0.0,Spring,No Holiday,Yes
2451,13/03/2018,4.6443908991413725,3,5.5,62,0.6,722,-1.2,0.0,0.0,0.0,Spring,No Holiday,Yes
2452,13/03/2018,4.48863636973214,4,6.2,59,0.8,493,-1.2,0.0,0.0,0.0,Spring,No Holiday,Yes
2453,13/03/2018,4.584967478670572,5,6.8,56,0.9,570,-1.3,0.0,0.0,0.0,Spring,No Holiday,Yes
2454,13/03/2018,5.53338948872752,6,7.0,58,0.7,537,-0.7,0.0,0.0,0.0,Spring,No Holiday,Yes
2455,13/03/2018,6.505784060128229,7,7.2,56,0.5,545,-1.0,0.0,0.0,0.0,Spring,No Holiday,Yes
2456,13/03/2018,7.103322062526113,8,8.0,48,0.4,711,-2.3,0.12,0.0,0.0,Spring,No Holiday,Yes
2457,13/03/2018,6.424869023905388,9,9.4,44,0.3,743,-2.2,0.33,0.0,0.0,Spring,No Holiday,Yes
2458,13/03/2018,6.061456918928017,10,10.9,40,0.5,714,-2.1,0.55,0.0,0.0,Spring,No Holiday,Yes
2459,13/03/2018,6.349138991379798,11,12.6,49,1.4,988,2.1,0.84,0.0,0.0,Spring,No Holiday,Yes
2460,13/03/2018,6.440946540632921,12,15.5,47,3.3,1303,4.2,2.44,0.0,0.0,Spring,No Holiday,Yes
2461,13/03/2018,6.520621127558696,13,17.1,42,3.2,1305,4.0,2.6,0.0,0.0,Spring,No Holiday,Yes
2462,13/03/2018,6.559615237493242,14,18.3,43,2.2,1509,5.4,2.43,0.0,0.0,Spring,No Holiday,Yes
2463,13/03/2018,6.704414354964107,15,18.6,47,3.3,1560,7.0,2.08,0.0,0.0,Spring,No Holiday,Yes
2464,13/03/2018,6.792344427470809,16,17.6,53,3.7,1735,7.8,1.4,0.0,0.0,Spring,No Holiday,Yes
2465,13/03/2018,6.990256500493881,17,16.9,62,3.1,1562,9.5,0.95,0.0,0.0,Spring,No Holiday,Yes
2466,13/03/2018,7.4673710669175595,18,15.7,68,3.3,1473,9.8,0.39,0.0,0.0,Spring,No Holiday,Yes
2467,13/03/2018,7.110696122978827,19,14.1,77,2.0,1240,10.1,0.04,0.0,0.0,Spring,No Holiday,Yes
2468,13/03/2018,6.894670039433482,20,13.9,77,1.5,1010,9.9,0.0,0.0,0.0,Spring,No Holiday,Yes
2469,13/03/2018,6.890609120147166,21,13.7,79,2.0,1035,10.1,0.0,0.0,0.0,Spring,No Holiday,Yes
2470,13/03/2018,6.816735880594968,22,13.5,81,2.8,933,10.2,0.0,0.0,0.0,Spring,No Holiday,Yes
2471,13/03/2018,6.35088571671474,23,13.4,81,2.6,958,10.1,0.0,0.0,0.0,Spring,No Holiday,Yes
2472,14/03/2018,6.023447592961033,0,13.6,79,2.2,862,10.0,0.0,0.0,0.0,Spring,No Holiday,Yes
2473,14/03/2018,5.736572297479192,1,13.7,73,2.2,1182,8.9,0.0,0.0,0.0,Spring,No Holiday,Yes
2474,14/03/2018,5.424950017481403,2,13.8,70,1.3,1363,8.4,0.0,0.0,0.0,Spring,No Holiday,Yes
2475,14/03/2018,4.962844630259907,3,14.0,67,2.3,1733,7.9,0.0,0.0,0.0,Spring,No Holiday,Yes
2476,14/03/2018,4.418840607796598,4,14.0,70,1.5,1648,8.6,0.0,0.0,0.0,Spring,No Holiday,Yes
2477,14/03/2018,4.820281565605037,5,14.1,69,1.3,1923,8.4,0.0,0.0,0.0,Spring,No Holiday,Yes
2478,14/03/2018,5.673323267171493,6,14.1,69,1.6,1882,8.4,0.0,0.0,0.0,Spring,No Holiday,Yes
2479,14/03/2018,6.668228248417403,7,14.1,69,1.1,1692,8.4,0.0,0.0,0.0,Spring,No Holiday,Yes
2480,14/03/2018,7.22402480828583,8,14.2,67,0.9,1812,8.1,0.06,0.0,0.0,Spring,No Holiday,Yes
2481,14/03/2018,6.635946555686647,9,14.6,62,1.2,1768,7.3,0.19,0.0,0.0,Spring,No Holiday,Yes
2482,14/03/2018,6.315358001522335,10,15.7,58,1.3,1980,7.4,0.69,0.0,0.0,Spring,No Holiday,Yes
2483,14/03/2018,6.467698726104354,11,17.5,55,2.1,1892,8.3,1.35,0.0,0.0,Spring,No Holiday,Yes
2484,14/03/2018,6.70196036600254,12,19.9,44,2.7,1874,7.2,2.22,0.0,0.0,Spring,No Holiday,Yes
2485,14/03/2018,6.672032945461067,13,20.9,44,4.7,1795,8.1,2.66,0.0,0.0,Spring,No Holiday,Yes
2486,14/03/2018,6.778784897685177,14,21.1,42,4.3,2000,7.6,2.49,0.0,0.0,Spring,No Holiday,Yes
2487,14/03/2018,6.933423025730715,15,21.7,39,3.3,1979,7.1,2.09,0.0,0.0,Spring,No Holiday,Yes
2488,14/03/2018,6.956545443151569,16,21.7,41,3.2,2000,7.8,1.91,0.0,0.0,Spring,No Holiday,Yes
2489,14/03/2018,7.189922170745808,17,20.5,49,3.5,2000,9.4,1.18,0.0,0.0,Spring,No Holiday,Yes
2490,14/03/2018,7.650168700845001,18,19.2,53,2.4,2000,9.3,0.58,0.0,0.0,Spring,No Holiday,Yes
2491,14/03/2018,7.2991214627108,19,17.9,54,2.9,2000,8.4,0.04,0.0,0.0,Spring,No Holiday,Yes
2492,14/03/2018,7.151485463904735,20,17.2,60,2.5,1993,9.3,0.0,0.0,0.0,Spring,No Holiday,Yes
2493,14/03/2018,7.074963197966044,21,16.8,67,2.0,1775,10.6,0.0,0.0,0.0,Spring,No Holiday,Yes
2494,14/03/2018,6.891625897052253,22,16.2,71,2.0,1780,10.9,0.0,0.0,0.0,Spring,No Holiday,Yes
2495,14/03/2018,6.376726947898627,23,16.1,69,1.8,1666,10.4,0.0,0.0,0.0,Spring,No Holiday,Yes
2496,15/03/2018,6.1463292576688975,0,16.0,69,2.4,1863,10.3,0.0,0.0,0.0,Spring,No Holiday,Yes
2497,15/03/2018,5.87493073085203,1,16.3,68,2.1,1859,10.3,0.0,0.0,0.0,Spring,No Holiday,Yes
2498,15/03/2018,5.318119993844216,2,16.5,68,1.3,1724,10.5,0.0,0.0,0.0,Spring,No Holiday,Yes
2499,15/03/2018,3.9512437185814275,3,16.5,69,2.4,1659,10.7,0.0,0.0,0.0,Spring,No Holiday,Yes
2500,15/03/2018,2.302585092994046,4,15.1,86,2.1,877,12.7,0.0,0.0,0.0,Spring,No Holiday,Yes
2501,15/03/2018,2.1972245773362196,5,14.5,94,2.0,487,13.5,0.0,0.0,0.0,Spring,No Holiday,Yes
2502,15/03/2018,2.3978952727983707,6,14.4,96,0.7,453,13.7,0.0,8.0,0.0,Spring,No Holiday,Yes
2503,15/03/2018,2.772588722239781,7,14.3,97,0.3,189,13.8,0.0,0.0,0.0,Spring,No Holiday,Yes
2504,15/03/2018,3.6888794541139363,8,14.1,97,1.1,342,13.6,0.0,0.0,0.0,Spring,No Holiday,Yes
2505,15/03/2018,3.4965075614664802,9,14.1,98,1.1,253,13.7,0.06,17.0,0.0,Spring,No Holiday,Yes
2506,15/03/2018,3.332204510175204,10,14.2,98,1.2,299,13.8,0.14,0.0,0.0,Spring,No Holiday,Yes
2507,15/03/2018,4.189654742026425,11,13.9,98,1.4,296,13.5,0.13,0.0,0.0,Spring,No Holiday,Yes
2508,15/03/2018,5.3230099791384085,12,13.3,97,2.9,771,12.8,0.19,2.0,0.0,Spring,No Holiday,Yes
2509,15/03/2018,5.598421958998375,13,12.7,97,2.6,467,12.2,0.23,0.0,0.0,Spring,No Holiday,Yes
2510,15/03/2018,5.66988092298052,14,12.1,97,2.0,177,11.6,0.2,0.0,0.0,Spring,No Holiday,Yes
2511,15/03/2018,5.799092654460526,15,11.6,97,3.4,117,11.1,0.26,0.0,0.0,Spring,No Holiday,Yes
2512,15/03/2018,5.3706380281276624,16,10.7,98,1.2,196,10.3,0.14,0.0,0.0,Spring,No Holiday,Yes
2513,15/03/2018,6.021023349349527,17,10.9,98,1.3,222,10.5,0.09,0.0,0.0,Spring,No Holiday,Yes
2514,15/03/2018,6.517671272912275,18,10.4,98,2.5,116,10.0,0.03,0.0,0.0,Spring,No Holiday,Yes
2515,15/03/2018,6.408528791059498,19,10.4,98,2.0,391,10.0,0.0,0.0,0.0,Spring,No Holiday,Yes
2516,15/03/2018,6.280395838960195,20,10.5,97,1.8,372,10.0,0.0,0.0,0.0,Spring,No Holiday,Yes
2517,15/03/2018,6.342121418721152,21,10.4,96,2.7,499,9.7,0.0,0.0,0.0,Spring,No Holiday,Yes
2518,15/03/2018,6.2285110035911835,22,9.8,90,3.7,493,8.2,0.0,0.0,0.0,Spring,No Holiday,Yes
2519,15/03/2018,5.840641657373398,23,9.3,90,4.1,609,7.7,0.0,0.0,0.0,Spring,No Holiday,Yes
2520,16/03/2018,5.662960480135946,0,8.4,86,2.2,2000,6.1,0.0,0.0,0.0,Spring,No Holiday,Yes
2521,16/03/2018,5.631211781821365,1,7.2,83,2.1,2000,4.4,0.0,0.0,0.0,Spring,No Holiday,Yes
2522,16/03/2018,5.187385805840755,2,6.7,72,2.1,2000,1.9,0.0,0.0,0.0,Spring,No Holiday,Yes
2523,16/03/2018,4.634728988229636,3,6.1,67,2.6,2000,0.4,0.0,0.0,0.0,Spring,No Holiday,Yes
2524,16/03/2018,4.454347296253507,4,5.7,62,2.4,2000,-1.0,0.0,0.0,0.0,Spring,No Holiday,Yes
2525,16/03/2018,4.454347296253507,5,5.2,60,2.0,2000,-1.9,0.0,0.0,0.0,Spring,No Holiday,Yes
2526,16/03/2018,5.407171771460119,6,4.4,61,1.7,2000,-2.4,0.0,0.0,0.0,Spring,No Holiday,Yes
2527,16/03/2018,6.481577129276431,7,3.7,59,2.9,2000,-3.5,0.0,0.0,0.0,Spring,No Holiday,Yes
2528,16/03/2018,7.0707241072602764,8,3.8,56,2.4,2000,-4.1,0.32,0.0,0.0,Spring,No Holiday,Yes
2529,16/03/2018,6.52795791762255,9,5.2,51,1.7,2000,-4.1,1.08,0.0,0.0,Spring,No Holiday,Yes
2530,16/03/2018,6.230481447578482,10,6.7,46,2.2,1936,-4.1,1.79,0.0,0.0,Spring,No Holiday,Yes
2531,16/03/2018,6.324358962381311,11,8.2,45,2.4,1992,-3.0,2.38,0.0,0.0,Spring,No Holiday,Yes
2532,16/03/2018,6.559615237493242,12,9.4,40,2.6,1913,-3.5,2.78,0.0,0.0,Spring,No Holiday,Yes
2533,16/03/2018,6.573680166960646,13,10.4,38,2.4,1959,-3.3,2.99,0.0,0.0,Spring,No Holiday,Yes
2534,16/03/2018,6.650279048587422,14,11.0,36,1.8,1973,-3.5,2.91,0.0,0.0,Spring,No Holiday,Yes
2535,16/03/2018,6.828712071641684,15,11.9,32,1.9,1976,-4.3,2.62,0.0,0.0,Spring,No Holiday,Yes
2536,16/03/2018,6.884486652042782,16,11.6,31,1.4,1999,-4.9,2.11,0.0,0.0,Spring,No Holiday,Yes
2537,16/03/2018,7.057036981697891,17,11.2,30,1.5,2000,-5.7,1.44,0.0,0.0,Spring,No Holiday,Yes
2538,16/03/2018,7.403670290012373,18,10.0,33,1.2,2000,-5.5,0.68,0.0,0.0,Spring,No Holiday,Yes
2539,16/03/2018,6.882437470997847,19,8.1,36,1.2,2000,-6.1,0.06,0.0,0.0,Spring,No Holiday,Yes
2540,16/03/2018,6.652863029353347,20,6.7,41,1.0,2000,-5.6,0.0,0.0,0.0,Spring,No Holiday,Yes
2541,16/03/2018,6.566672429803241,21,5.8,43,1.8,2000,-5.8,0.0,0.0,0.0,Spring,No Holiday,Yes
2542,16/03/2018,6.493753839851686,22,4.9,46,0.8,2000,-5.7,0.0,0.0,0.0,Spring,No Holiday,Yes
2543,16/03/2018,6.1224928095143865,23,4.2,47,1.3,2000,-6.1,0.0,0.0,0.0,Spring,No Holiday,Yes
2544,17/03/2018,6.028278520230698,0,3.7,48,1.6,2000,-6.3,0.0,0.0,0.0,Spring,No Holiday,Yes
2545,17/03/2018,5.905361848054571,1,3.0,52,0.7,2000,-5.9,0.0,0.0,0.0,Spring,No Holiday,Yes
2546,17/03/2018,5.594711379601839,2,2.3,56,0.6,2000,-5.5,0.0,0.0,0.0,Spring,No Holiday,Yes
2547,17/03/2018,5.062595033026967,3,1.8,59,0.7,2000,-5.3,0.0,0.0,0.0,Spring,No Holiday,Yes
2548,17/03/2018,4.6443908991413725,4,1.3,61,0.7,2000,-5.4,0.0,0.0,0.0,Spring,No Holiday,Yes
2549,17/03/2018,4.110873864173311,5,1.0,62,0.9,2000,-5.4,0.0,0.0,0.0,Spring,No Holiday,Yes
2550,17/03/2018,4.700480365792417,6,0.8,63,1.0,2000,-5.4,0.0,0.0,0.0,Spring,No Holiday,Yes
2551,17/03/2018,5.267858159063328,7,0.5,64,0.8,2000,-5.5,0.01,0.0,0.0,Spring,No Holiday,Yes
2552,17/03/2018,5.953243334287785,8,1.3,57,1.0,1974,-6.2,0.32,0.0,0.0,Spring,No Holiday,Yes
2553,17/03/2018,6.255750041753367,9,3.4,49,1.6,1950,-6.3,1.03,0.0,0.0,Spring,No Holiday,Yes
2554,17/03/2018,6.331501849893691,10,6.0,43,1.0,1829,-5.6,1.69,0.0,0.0,Spring,No Holiday,Yes
2555,17/03/2018,6.610696044717759,11,8.0,39,1.2,1783,-5.1,2.26,0.0,0.0,Spring,No Holiday,Yes
2556,17/03/2018,6.839476438228843,12,10.0,38,1.5,1677,-3.6,2.51,0.0,0.0,Spring,No Holiday,Yes
2557,17/03/2018,7.013915474810528,13,10.9,32,1.2,1772,-5.1,2.22,0.0,0.0,Spring,No Holiday,Yes
2558,17/03/2018,7.166265974133638,14,12.1,29,2.3,1734,-5.4,2.26,0.0,0.0,Spring,No Holiday,Yes
2559,17/03/2018,7.323170717943469,15,13.2,23,2.8,1696,-7.5,2.52,0.0,0.0,Spring,No Holiday,Yes
2560,17/03/2018,7.273092595999522,16,13.7,28,2.1,1499,-4.5,1.88,0.0,0.0,Spring,No Holiday,Yes
2561,17/03/2018,7.149131598557407,17,12.1,34,2.5,1240,-3.3,0.81,0.0,0.0,Spring,No Holiday,Yes
2562,17/03/2018,6.840546529288687,18,10.6,42,2.8,1307,-1.8,0.31,0.0,0.0,Spring,No Holiday,Yes
2563,17/03/2018,6.577861357721047,19,8.8,49,3.2,1207,-1.3,0.05,0.0,0.0,Spring,No Holiday,Yes
2564,17/03/2018,6.535241271013659,20,7.9,54,2.3,1005,-0.8,0.0,0.0,0.0,Spring,No Holiday,Yes
2565,17/03/2018,6.437751649736401,21,7.4,54,2.0,1142,-1.3,0.0,0.0,0.0,Spring,No Holiday,Yes
2566,17/03/2018,6.333279628139691,22,7.0,55,2.7,1041,-1.4,0.0,0.0,0.0,Spring,No Holiday,Yes
2567,17/03/2018,6.0473721790462776,23,6.4,59,1.1,961,-1.0,0.0,0.0,0.0,Spring,No Holiday,Yes
2568,18/03/2018,6.0112671744041615,0,5.9,56,1.1,1019,-2.2,0.0,0.0,0.0,Spring,No Holiday,Yes
2569,18/03/2018,5.736572297479192,1,5.7,55,1.4,1043,-2.6,0.0,0.0,0.0,Spring,No Holiday,Yes
2570,18/03/2018,5.424950017481403,2,5.5,56,1.2,1067,-2.5,0.0,0.0,0.0,Spring,No Holiday,Yes
2571,18/03/2018,5.1647859739235145,3,5.5,57,1.1,1079,-2.3,0.0,0.0,0.0,Spring,No Holiday,Yes
2572,18/03/2018,4.672828834461906,4,5.6,55,0.4,1115,-2.7,0.0,0.0,0.0,Spring,No Holiday,Yes
2573,18/03/2018,4.219507705176107,5,5.6,55,1.2,1008,-2.7,0.0,0.0,0.0,Spring,No Holiday,Yes
2574,18/03/2018,4.30406509320417,6,5.7,54,1.7,1208,-2.9,0.0,0.0,0.0,Spring,No Holiday,Yes
2575,18/03/2018,5.030437921392435,7,5.5,58,1.0,937,-2.1,0.0,0.0,0.0,Spring,No Holiday,Yes
2576,18/03/2018,5.683579767338681,8,5.9,58,1.8,861,-1.7,0.11,0.0,0.0,Spring,No Holiday,Yes
2577,18/03/2018,5.988961416889864,9,6.3,53,0.5,849,-2.5,0.34,0.0,0.0,Spring,No Holiday,Yes
2578,18/03/2018,6.133398042996649,10,7.2,53,1.6,709,-1.7,0.45,0.0,0.0,Spring,No Holiday,Yes
2579,18/03/2018,6.376726947898627,11,8.5,49,0.7,718,-1.6,0.76,0.0,0.0,Spring,No Holiday,Yes
2580,18/03/2018,6.62273632394984,12,9.8,46,1.2,710,-1.2,1.13,0.0,0.0,Spring,No Holiday,Yes
2581,18/03/2018,6.782192056006791,13,10.6,43,1.3,705,-1.4,1.07,0.0,0.0,Spring,No Holiday,Yes
2582,18/03/2018,6.901737206656574,14,11.0,41,1.1,763,-1.7,0.81,0.0,0.0,Spring,No Holiday,Yes
2583,18/03/2018,7.029087564149662,15,12.0,37,0.8,879,-2.2,1.09,0.0,0.0,Spring,No Holiday,Yes
2584,18/03/2018,6.966024187106113,16,12.3,30,1.6,1263,-4.8,0.94,0.0,0.0,Spring,No Holiday,Yes
2585,18/03/2018,6.403574197934815,17,11.1,42,2.2,765,-1.3,0.34,0.0,0.0,Spring,No Holiday,Yes
2586,18/03/2018,5.902633333401366,18,10.4,47,0.4,824,-0.4,0.14,0.0,0.0,Spring,No Holiday,Yes
2587,18/03/2018,5.472270673671475,19,10.0,53,1.7,796,0.8,0.01,0.0,0.0,Spring,No Holiday,Yes
2588,18/03/2018,4.990432586778736,20,9.2,66,1.1,513,3.1,0.0,0.0,0.0,Spring,No Holiday,Yes
2589,18/03/2018,4.276666119016055,21,8.8,72,0.9,501,4.0,0.0,0.0,0.0,Spring,No Holiday,Yes
2590,18/03/2018,4.2626798770413155,22,8.1,76,0.8,492,4.1,0.0,0.0,0.0,Spring,No Holiday,Yes
2591,18/03/2018,3.9889840465642745,23,7.4,80,1.3,471,4.1,0.0,0.0,0.0,Spring,No Holiday,Yes
2592,19/03/2018,4.219507705176107,0,7.0,81,1.1,421,3.9,0.0,0.5,0.0,Spring,No Holiday,Yes
2593,19/03/2018,3.6635616461296463,1,6.7,84,0.8,320,4.1,0.0,0.0,0.0,Spring,No Holiday,Yes
2594,19/03/2018,3.367295829986474,2,6.6,86,0.6,416,4.4,0.0,0.0,0.0,Spring,No Holiday,Yes
2595,19/03/2018,2.5649493574615367,3,6.5,88,0.9,276,4.6,0.0,0.3,0.0,Spring,No Holiday,Yes
2596,19/03/2018,2.302585092994046,4,6.3,90,1.0,240,4.7,0.0,0.0,0.0,Spring,No Holiday,Yes
2597,19/03/2018,3.332204510175204,5,6.2,89,1.5,338,4.5,0.0,0.0,0.0,Spring,No Holiday,Yes
2598,19/03/2018,4.5217885770490405,6,6.5,88,1.2,417,4.6,0.0,0.2,0.0,Spring,No Holiday,Yes
2599,19/03/2018,5.916202062607435,7,6.5,88,1.4,515,4.6,0.0,0.0,0.0,Spring,No Holiday,Yes
2600,19/03/2018,6.385194398997726,8,7.3,84,2.2,813,4.7,0.05,0.0,0.0,Spring,No Holiday,Yes
2601,19/03/2018,5.961005339623274,9,8.2,81,2.7,1273,5.1,0.2,0.5,0.0,Spring,No Holiday,Yes
2602,19/03/2018,5.680172609017068,10,9.1,77,2.7,1587,5.2,0.27,0.0,0.0,Spring,No Holiday,Yes
2603,19/03/2018,5.976350909297934,11,10.2,65,3.3,2000,3.9,0.57,0.0,0.0,Spring,No Holiday,Yes
2604,19/03/2018,6.0014148779611505,12,10.2,58,3.5,2000,2.2,0.32,0.0,0.0,Spring,No Holiday,Yes
2605,19/03/2018,5.961005339623274,13,10.1,61,3.7,1504,2.9,0.38,0.0,0.0,Spring,No Holiday,Yes
2606,19/03/2018,5.7899601708972535,14,10.1,59,3.3,2000,2.4,0.57,0.0,0.0,Spring,No Holiday,Yes
2607,19/03/2018,5.575949103146316,15,9.8,57,3.0,2000,1.6,0.43,0.0,0.0,Spring,No Holiday,Yes
2608,19/03/2018,5.605802066295998,16,8.9,63,3.0,1614,2.2,0.28,0.0,0.0,Spring,No Holiday,Yes
2609,19/03/2018,6.406879986069314,17,8.5,59,2.7,1927,0.9,0.16,0.0,0.0,Spring,No Holiday,Yes
2610,19/03/2018,7.0909098220799835,18,8.6,55,2.4,1958,0.0,0.09,0.0,0.0,Spring,No Holiday,Yes
2611,19/03/2018,6.70808408385307,19,8.4,51,3.3,1977,-1.1,0.01,0.0,0.0,Spring,No Holiday,Yes
2612,19/03/2018,6.568077911411976,20,8.3,47,3.1,2000,-2.3,0.0,0.0,0.0,Spring,No Holiday,Yes
2613,19/03/2018,6.595780513961311,21,8.0,47,3.3,2000,-2.6,0.0,0.0,0.0,Spring,No Holiday,Yes
2614,19/03/2018,6.338594078203183,22,7.6,48,3.1,2000,-2.7,0.0,0.0,0.0,Spring,No Holiday,Yes
2615,19/03/2018,5.948034989180646,23,6.9,44,3.3,2000,-4.5,0.0,0.0,0.0,Spring,No Holiday,Yes
2616,20/03/2018,5.697093486505405,0,6.3,42,3.3,2000,-5.6,0.0,0.0,0.0,Spring,No Holiday,Yes
2617,20/03/2018,5.497168225293202,1,5.5,42,3.1,2000,-6.4,0.0,0.0,0.0,Spring,No Holiday,Yes
2618,20/03/2018,5.111987788356544,2,5.1,44,3.4,2000,-6.1,0.0,0.0,0.0,Spring,No Holiday,Yes
2619,20/03/2018,4.564348191467836,3,4.7,44,3.8,2000,-6.5,0.0,0.0,0.0,Spring,No Holiday,Yes
2620,20/03/2018,4.248495242049359,4,4.4,44,3.1,2000,-6.8,0.0,0.0,0.0,Spring,No Holiday,Yes
2621,20/03/2018,4.532599493153256,5,4.1,42,3.1,2000,-7.6,0.0,0.0,0.0,Spring,No Holiday,Yes
2622,20/03/2018,5.4638318050256105,6,3.9,43,3.4,2000,-7.5,0.0,0.0,0.0,Spring,No Holiday,Yes
2623,20/03/2018,6.519147287940395,7,3.8,44,4.1,2000,-7.3,0.02,0.0,0.0,Spring,No Holiday,Yes
2624,20/03/2018,7.10085190894405,8,4.3,43,4.2,2000,-7.2,0.37,0.0,0.0,Spring,No Holiday,Yes
2625,20/03/2018,6.495265555937008,9,5.7,38,3.9,1985,-7.5,0.98,0.0,0.0,Spring,No Holiday,Yes
2626,20/03/2018,6.037870919922137,10,7.4,35,3.5,1990,-7.0,1.81,0.0,0.0,Spring,No Holiday,Yes
2627,20/03/2018,6.192362489474872,11,8.4,34,3.6,1966,-6.5,2.36,0.0,0.0,Spring,No Holiday,Yes
2628,20/03/2018,6.259581464064923,12,9.0,33,3.1,1985,-6.4,2.59,0.0,0.0,Spring,No Holiday,Yes
2629,20/03/2018,6.248042874508429,13,8.0,37,3.4,2000,-5.8,1.96,0.0,0.0,Spring,No Holiday,Yes
2630,20/03/2018,6.171700597410915,14,7.3,38,3.4,1997,-6.1,1.6,0.0,0.0,Spring,No Holiday,Yes
2631,20/03/2018,6.20050917404269,15,6.5,39,3.3,2000,-6.4,1.21,0.0,0.0,Spring,No Holiday,Yes
2632,20/03/2018,6.251903883165888,16,5.6,42,4.2,2000,-6.3,0.81,0.0,0.0,Spring,No Holiday,Yes
2633,20/03/2018,6.579251212010101,17,4.9,43,4.3,2000,-6.6,0.42,0.0,0.0,Spring,No Holiday,Yes
2634,20/03/2018,7.013915474810528,18,4.1,43,3.5,2000,-7.3,0.21,0.0,0.0,Spring,No Holiday,Yes
2635,20/03/2018,6.57507584059962,19,3.2,45,3.7,2000,-7.6,0.02,0.0,0.0,Spring,No Holiday,Yes
2636,20/03/2018,6.298949246855942,20,2.7,45,3.3,2000,-8.0,0.0,0.0,0.0,Spring,No Holiday,Yes
2637,20/03/2018,6.20455776256869,21,2.3,40,3.3,2000,-9.9,0.0,0.0,0.0,Spring,No Holiday,Yes
2638,20/03/2018,6.133398042996649,22,2.0,37,2.7,2000,-11.1,0.0,0.0,0.0,Spring,No Holiday,Yes
2639,20/03/2018,5.68697535633982,23,1.8,37,2.3,2000,-11.3,0.0,0.0,0.0,Spring,No Holiday,Yes
2640,21/03/2018,5.484796933490655,0,1.6,39,2.3,2000,-10.8,0.0,0.0,0.0,Spring,No Holiday,Yes
2641,21/03/2018,5.4116460518550396,1,1.5,40,2.8,2000,-10.6,0.0,0.0,0.0,Spring,No Holiday,Yes
2642,21/03/2018,4.997212273764115,2,1.4,40,2.9,2000,-10.7,0.0,0.0,0.0,Spring,No Holiday,Yes
2643,21/03/2018,4.418840607796598,3,1.3,40,2.1,2000,-10.8,0.0,0.0,0.0,Spring,No Holiday,Yes
2644,21/03/2018,4.2626798770413155,4,1.3,39,2.3,2000,-11.1,0.0,0.0,0.0,Spring,No Holiday,Yes
2645,21/03/2018,4.394449154672439,5,1.3,40,2.3,2000,-10.8,0.0,0.0,0.0,Spring,No Holiday,Yes
2646,21/03/2018,5.3471075307174685,6,1.4,42,1.7,2000,-10.1,0.0,0.0,0.0,Spring,No Holiday,Yes
2647,21/03/2018,6.406879986069314,7,1.4,43,1.5,2000,-9.8,0.0,0.0,0.0,Spring,No Holiday,Yes
2648,21/03/2018,7.001245622069476,8,1.6,42,1.8,2000,-9.9,0.13,0.0,0.0,Spring,No Holiday,Yes
2649,21/03/2018,6.421622267806518,9,2.5,40,1.9,2000,-9.7,0.41,0.0,0.0,Spring,No Holiday,Yes
2650,21/03/2018,5.926926025970411,10,3.6,37,1.3,2000,-9.7,0.83,0.0,0.0,Spring,No Holiday,Yes
2651,21/03/2018,5.8289456176102075,11,4.8,35,2.1,2000,-9.4,1.38,0.0,0.0,Spring,No Holiday,Yes
2652,21/03/2018,5.811140992976701,12,4.8,51,2.2,1715,-4.5,1.12,0.0,0.0,Spring,No Holiday,Yes
2653,21/03/2018,5.2832037287379885,13,4.0,64,2.0,1834,-2.2,0.75,0.0,0.0,Spring,No Holiday,Yes
2654,21/03/2018,4.770684624465665,14,1.9,89,1.5,102,0.2,0.41,0.0,0.0,Spring,No Holiday,Yes
2655,21/03/2018,5.220355825078324,15,2.2,85,1.3,2000,0.0,0.41,0.5,0.0,Spring,No Holiday,Yes
2656,21/03/2018,5.488937726156687,16,2.4,79,1.9,1995,-0.8,0.37,0.0,0.0,Spring,No Holiday,Yes
2657,21/03/2018,5.768320995793772,17,2.5,78,2.0,2000,-0.9,0.25,0.0,0.0,Spring,No Holiday,Yes
2658,21/03/2018,6.423246963533519,18,2.0,77,1.3,2000,-1.6,0.07,0.0,0.0,Spring,No Holiday,Yes
2659,21/03/2018,5.998936561946683,19,2.0,81,0.7,2000,-0.9,0.0,0.0,0.0,Spring,No Holiday,Yes
2660,21/03/2018,4.795790545596741,20,1.7,85,1.3,396,-0.5,0.0,0.0,0.0,Spring,No Holiday,Yes
2661,21/03/2018,5.44673737166631,21,1.2,92,0.7,1474,0.0,0.0,0.5,0.0,Spring,No Holiday,Yes
2662,21/03/2018,5.771441123130016,22,1.2,87,0.9,1802,-0.7,0.0,0.0,0.0,Spring,No Holiday,Yes
2663,21/03/2018,5.424950017481403,23,1.5,86,1.2,1495,-0.5,0.0,0.0,0.0,Spring,No Holiday,Yes
2664,22/03/2018,5.497168225293202,0,1.6,86,1.7,1141,-0.4,0.0,0.0,0.0,Spring,No Holiday,Yes
2665,22/03/2018,5.5134287461649825,1,1.6,85,2.0,952,-0.6,0.0,0.0,0.0,Spring,No Holiday,Yes
2666,22/03/2018,5.159055299214529,2,1.5,86,2.5,782,-0.5,0.0,0.0,0.0,Spring,No Holiday,Yes
2667,22/03/2018,4.68213122712422,3,1.3,87,1.7,822,-0.6,0.0,0.0,0.0,Spring,No Holiday,Yes
2668,22/03/2018,4.330733340286331,4,1.3,87,2.2,937,-0.6,0.0,0.0,0.0,Spring,No Holiday,Yes
2669,22/03/2018,4.406719247264253,5,1.1,88,0.9,927,-0.6,0.0,0.0,0.0,Spring,No Holiday,Yes
2670,22/03/2018,5.3612921657094255,6,0.8,88,1.0,900,-0.9,0.0,0.0,0.0,Spring,No Holiday,Yes
2671,22/03/2018,6.398594934535208,7,0.6,85,1.5,1321,-1.6,0.01,0.0,0.0,Spring,No Holiday,Yes
2672,22/03/2018,7.069023426578259,8,1.1,79,1.7,1480,-2.1,0.36,0.0,0.0,Spring,No Holiday,Yes
2673,22/03/2018,6.483107351457199,9,2.5,67,1.3,1472,-3.0,1.11,0.0,0.0,Spring,No Holiday,Yes
2674,22/03/2018,6.102558594613569,10,4.9,56,1.9,1480,-3.1,1.76,0.0,0.0,Spring,No Holiday,Yes
2675,22/03/2018,6.338594078203183,11,6.9,46,2.1,1541,-3.9,2.33,0.0,0.0,Spring,No Holiday,Yes
2676,22/03/2018,6.505784060128229,12,8.3,36,2.5,1665,-5.9,2.7,0.0,0.0,Spring,No Holiday,Yes
2677,22/03/2018,6.47543271670409,13,9.9,29,3.2,1641,-7.3,2.91,0.0,0.0,Spring,No Holiday,Yes
2678,22/03/2018,6.51471269087253,14,11.4,30,3.1,1672,-5.5,2.82,0.0,0.0,Spring,No Holiday,Yes
2679,22/03/2018,6.63200177739563,15,10.7,34,4.5,1850,-4.5,2.51,0.0,0.0,Spring,No Holiday,Yes
2680,22/03/2018,6.6240652277998935,16,10.3,34,3.8,1850,-4.9,1.93,0.0,0.0,Spring,No Holiday,Yes
2681,22/03/2018,6.907755278982137,17,9.6,38,3.2,1606,-4.0,1.35,0.0,0.0,Spring,No Holiday,Yes
2682,22/03/2018,7.310550158534422,18,7.9,46,3.1,1057,-3.0,0.58,0.0,0.0,Spring,No Holiday,Yes
2683,22/03/2018,6.828712071641684,19,6.2,54,1.8,883,-2.4,0.08,0.0,0.0,Spring,No Holiday,Yes
2684,22/03/2018,6.606650186198215,20,5.1,56,2.0,899,-2.9,0.0,0.0,0.0,Spring,No Holiday,Yes
2685,22/03/2018,6.588926477533519,21,4.5,62,2.0,826,-2.1,0.0,0.0,0.0,Spring,No Holiday,Yes
2686,22/03/2018,6.432940092739179,22,3.9,66,2.7,990,-1.8,0.0,0.0,0.0,Spring,No Holiday,Yes
2687,22/03/2018,6.061456918928017,23,3.4,69,1.1,895,-1.7,0.0,0.0,0.0,Spring,No Holiday,Yes
2688,23/03/2018,5.817111159963204,0,2.9,72,1.3,903,-1.6,0.0,0.0,0.0,Spring,No Holiday,Yes
2689,23/03/2018,5.648974238161206,1,2.5,75,1.5,786,-1.4,0.0,0.0,0.0,Spring,No Holiday,Yes
2690,23/03/2018,5.37989735354046,2,2.2,80,1.4,615,-0.8,0.0,0.0,0.0,Spring,No Holiday,Yes
2691,23/03/2018,4.859812404361672,3,1.9,81,1.1,525,-1.0,0.0,0.0,0.0,Spring,No Holiday,Yes
2692,23/03/2018,4.532599493153256,4,2.0,80,0.8,474,-1.0,0.0,0.0,0.0,Spring,No Holiday,Yes
2693,23/03/2018,4.564348191467836,5,2.2,79,0.8,553,-1.0,0.0,0.0,0.0,Spring,No Holiday,Yes
2694,23/03/2018,5.497168225293202,6,2.3,80,0.7,546,-0.8,0.0,0.0,0.0,Spring,No Holiday,Yes
2695,23/03/2018,6.495265555937008,7,2.5,79,1.4,536,-0.7,0.01,0.0,0.0,Spring,No Holiday,Yes
2696,23/03/2018,7.104144092987527,8,2.6,77,1.3,567,-1.0,0.21,0.0,0.0,Spring,No Holiday,Yes
2697,23/03/2018,6.499787040655854,9,3.3,72,1.4,618,-1.2,0.61,0.0,0.0,Spring,No Holiday,Yes
2698,23/03/2018,6.135564891081739,10,5.4,64,1.6,637,-0.8,1.7,0.0,0.0,Spring,No Holiday,Yes
2699,23/03/2018,6.371611847231857,11,7.1,50,1.7,799,-2.6,2.24,0.0,0.0,Spring,No Holiday,Yes
2700,23/03/2018,6.53813982376767,12,9.3,37,2.3,940,-4.6,2.72,0.0,0.0,Spring,No Holiday,Yes
2701,23/03/2018,6.52649485957079,13,10.9,36,2.1,1073,-3.6,2.87,0.0,0.0,Spring,No Holiday,Yes
2702,23/03/2018,6.63200177739563,14,12.4,33,2.9,811,-3.4,2.71,0.0,0.0,Spring,No Holiday,Yes
2703,23/03/2018,6.745236349484363,15,12.1,30,3.0,1120,-4.9,2.41,0.0,0.0,Spring,No Holiday,Yes
2704,23/03/2018,6.804614520062624,16,12.2,24,2.8,1655,-7.8,1.98,0.0,0.0,Spring,No Holiday,Yes
2705,23/03/2018,7.011213987350367,17,11.2,27,3.5,1585,-7.1,1.19,0.0,0.0,Spring,No Holiday,Yes
2706,23/03/2018,7.385230923066573,18,9.7,36,3.6,948,-4.6,0.37,0.0,0.0,Spring,No Holiday,Yes
2707,23/03/2018,6.838405200847344,19,8.3,48,3.0,779,-2.0,0.06,0.0,0.0,Spring,No Holiday,Yes
2708,23/03/2018,6.586171654854675,20,6.7,48,2.6,774,-3.5,0.0,0.0,0.0,Spring,No Holiday,Yes
2709,23/03/2018,6.517671272912275,21,5.8,60,2.2,650,-1.3,0.0,0.0,0.0,Spring,No Holiday,Yes
2710,23/03/2018,6.459904454377535,22,5.3,63,1.8,591,-1.1,0.0,0.0,0.0,Spring,No Holiday,Yes
2711,23/03/2018,6.0473721790462776,23,5.0,42,1.7,717,-6.8,0.0,0.0,0.0,Spring,No Holiday,Yes
2712,24/03/2018,6.0014148779611505,0,4.7,46,1.7,746,-5.9,0.0,0.0,0.0,Spring,No Holiday,Yes
2713,24/03/2018,5.8888779583328805,1,4.7,51,1.1,728,-4.5,0.0,0.0,0.0,Spring,No Holiday,Yes
2714,24/03/2018,5.723585101952381,2,5.0,50,1.7,669,-4.5,0.0,0.0,0.0,Spring,No Holiday,Yes
2715,24/03/2018,5.288267030694535,3,5.0,51,0.8,659,-4.3,0.0,0.0,0.0,Spring,No Holiday,Yes
2716,24/03/2018,4.812184355372417,4,5.1,54,1.2,550,-3.4,0.0,0.0,0.0,Spring,No Holiday,Yes
2717,24/03/2018,4.418840607796598,5,4.7,54,1.3,543,-3.8,0.0,0.0,0.0,Spring,No Holiday,Yes
2718,24/03/2018,4.736198448394496,6,4.2,50,0.6,633,-5.3,0.0,0.0,0.0,Spring,No Holiday,Yes
2719,24/03/2018,5.293304824724492,7,4.0,54,0.9,587,-4.4,0.01,0.0,0.0,Spring,No Holiday,Yes
2720,24/03/2018,6.052089168924417,8,4.5,49,0.4,580,-5.3,0.19,0.0,0.0,Spring,No Holiday,Yes
2721,24/03/2018,6.124683390894205,9,6.5,40,2.5,588,-6.1,0.69,0.0,0.0,Spring,No Holiday,Yes
2722,24/03/2018,6.20455776256869,10,7.2,43,1.5,559,-4.5,0.42,0.0,0.0,Spring,No Holiday,Yes
2723,24/03/2018,6.380122536899765,11,9.0,56,2.0,399,0.6,1.11,0.0,0.0,Spring,No Holiday,Yes
2724,24/03/2018,6.693323668269949,12,10.6,52,3.1,390,1.1,2.27,0.0,0.0,Spring,No Holiday,Yes
2725,24/03/2018,6.78105762593618,13,12.4,50,2.5,379,2.2,2.48,0.0,0.0,Spring,No Holiday,Yes
2726,24/03/2018,6.752270376141742,14,12.7,55,3.4,378,3.8,2.42,0.0,0.0,Spring,No Holiday,Yes
2727,24/03/2018,6.933423025730715,15,12.4,58,4.1,404,4.3,2.26,0.0,0.0,Spring,No Holiday,Yes
2728,24/03/2018,6.854354502255021,16,12.3,61,3.4,359,4.9,1.82,0.0,0.0,Spring,No Holiday,Yes
2729,24/03/2018,6.821107472256465,17,11.1,66,4.2,367,4.9,1.18,0.0,0.0,Spring,No Holiday,Yes
2730,24/03/2018,6.602587892189336,18,9.0,76,3.0,288,4.9,0.45,0.0,0.0,Spring,No Holiday,Yes
2731,24/03/2018,6.257667587882639,19,7.7,80,2.8,234,4.4,0.05,0.0,0.0,Spring,No Holiday,Yes
2732,24/03/2018,6.2422232654551655,20,7.1,83,3.3,203,4.4,0.0,0.0,0.0,Spring,No Holiday,Yes
2733,24/03/2018,6.1903154058531475,21,6.7,84,2.8,193,4.1,0.0,0.0,0.0,Spring,No Holiday,Yes
2734,24/03/2018,6.133398042996649,22,6.5,85,2.3,167,4.1,0.0,0.0,0.0,Spring,No Holiday,Yes
2735,24/03/2018,5.872117789475416,23,6.4,85,2.3,155,4.0,0.0,0.0,0.0,Spring,No Holiday,Yes
2736,25/03/2018,5.921578419643816,0,6.4,84,1.4,171,3.8,0.0,0.0,0.0,Spring,No Holiday,Yes
2737,25/03/2018,5.5909869805108565,1,6.4,82,1.2,186,3.5,0.0,0.0,0.0,Spring,No Holiday,Yes
2738,25/03/2018,5.278114659230517,2,6.0,82,1.3,198,3.1,0.0,0.0,0.0,Spring,No Holiday,Yes
2739,25/03/2018,4.941642422609304,3,5.5,83,0.9,186,2.8,0.0,0.0,0.0,Spring,No Holiday,Yes
2740,25/03/2018,4.51085950651685,4,5.3,82,1.0,200,2.4,0.0,0.0,0.0,Spring,No Holiday,Yes
2741,25/03/2018,4.110873864173311,5,5.0,83,0.7,200,2.3,0.0,0.0,0.0,Spring,No Holiday,Yes
2742,25/03/2018,4.276666119016055,6,4.6,84,0.7,193,2.1,0.0,0.0,0.0,Spring,No Holiday,Yes
2743,25/03/2018,4.927253685157205,7,4.7,82,1.3,198,1.8,0.02,0.0,0.0,Spring,No Holiday,Yes
2744,25/03/2018,5.420534999272286,8,5.0,79,1.1,203,1.6,0.23,0.0,0.0,Spring,No Holiday,Yes
2745,25/03/2018,5.805134968916488,9,6.3,73,1.3,218,1.8,0.79,0.0,0.0,Spring,No Holiday,Yes
2746,25/03/2018,5.886104031450156,10,8.4,65,1.8,229,2.1,1.67,0.0,0.0,Spring,No Holiday,Yes
2747,25/03/2018,6.1463292576688975,11,10.7,56,2.0,261,2.2,2.27,0.0,0.0,Spring,No Holiday,Yes
2748,25/03/2018,6.440946540632921,12,12.7,45,1.3,321,1.0,2.63,0.0,0.0,Spring,No Holiday,Yes
2749,25/03/2018,6.665683717782408,13,14.6,38,1.9,315,0.4,2.75,0.0,0.0,Spring,No Holiday,Yes
2750,25/03/2018,6.78332520060396,14,16.1,37,2.4,315,1.3,2.62,0.0,0.0,Spring,No Holiday,Yes
2751,25/03/2018,6.8679744089702925,15,16.7,38,3.1,265,2.2,2.27,0.0,0.0,Spring,No Holiday,Yes
2752,25/03/2018,6.939253946041508,16,16.5,39,3.1,366,2.4,1.91,0.0,0.0,Spring,No Holiday,Yes
2753,25/03/2018,6.815639990074331,17,15.8,40,2.3,481,2.2,1.28,0.0,0.0,Spring,No Holiday,Yes
2754,25/03/2018,6.645090969505644,18,14.4,44,2.7,596,2.2,0.6,0.0,0.0,Spring,No Holiday,Yes
2755,25/03/2018,6.349138991379798,19,12.6,59,2.5,384,4.7,0.08,0.0,0.0,Spring,No Holiday,Yes
2756,25/03/2018,6.220590170099739,20,10.7,70,2.8,236,5.4,0.0,0.0,0.0,Spring,No Holiday,Yes
2757,25/03/2018,6.124683390894205,21,9.8,74,2.2,219,5.3,0.0,0.0,0.0,Spring,No Holiday,Yes
2758,25/03/2018,6.052089168924417,22,8.8,79,2.0,203,5.3,0.0,0.0,0.0,Spring,No Holiday,Yes
2759,25/03/2018,5.820082930352362,23,8.0,82,1.3,196,5.1,0.0,0.0,0.0,Spring,No Holiday,Yes
2760,26/03/2018,5.501258210544727,0,7.1,84,2.3,185,4.5,0.0,0.0,0.0,Spring,No Holiday,Yes
2761,26/03/2018,5.225746673713202,1,6.3,87,1.8,153,4.2,0.0,0.0,0.0,Spring,No Holiday,Yes
2762,26/03/2018,4.543294782270004,2,5.4,95,1.5,89,4.6,0.0,0.0,0.0,Spring,No Holiday,Yes
2763,26/03/2018,4.143134726391533,3,5.5,96,1.6,72,4.9,0.0,0.0,0.0,Spring,No Holiday,Yes
2764,26/03/2018,4.189654742026425,4,5.5,96,2.0,53,4.9,0.0,0.0,0.0,Spring,No Holiday,Yes
2765,26/03/2018,4.59511985013459,5,5.4,97,1.5,38,4.9,0.0,0.0,0.0,Spring,No Holiday,Yes
2766,26/03/2018,5.429345628954441,6,5.7,97,0.5,80,5.2,0.0,0.0,0.0,Spring,No Holiday,Yes
2767,26/03/2018,6.366470447731438,7,6.0,96,0.6,94,5.4,0.0,0.0,0.0,Spring,No Holiday,Yes
2768,26/03/2018,6.891625897052253,8,6.4,90,1.4,117,4.8,0.13,0.0,0.0,Spring,No Holiday,Yes
2769,26/03/2018,6.293419278846481,9,7.6,82,0.7,147,4.7,0.55,0.0,0.0,Spring,No Holiday,Yes
2770,26/03/2018,6.030685260261263,10,10.0,70,1.0,187,4.7,1.57,0.0,0.0,Spring,No Holiday,Yes
2771,26/03/2018,6.0473721790462776,11,12.6,60,2.4,281,5.0,2.23,0.0,0.0,Spring,No Holiday,Yes
2772,26/03/2018,6.20050917404269,12,14.6,53,2.5,348,5.1,2.65,0.0,0.0,Spring,No Holiday,Yes
2773,26/03/2018,6.22455842927536,13,16.0,47,2.5,459,4.6,2.8,0.0,0.0,Spring,No Holiday,Yes
2774,26/03/2018,6.3561076606958915,14,17.4,39,2.9,520,3.2,2.7,0.0,0.0,Spring,No Holiday,Yes
2775,26/03/2018,6.405228458030842,15,17.6,33,3.6,985,1.1,2.44,0.0,0.0,Spring,No Holiday,Yes
2776,26/03/2018,6.709304340258298,16,17.7,33,3.4,897,1.2,1.96,0.0,0.0,Spring,No Holiday,Yes
2777,26/03/2018,6.8308742346461795,17,17.1,31,3.3,1075,-0.1,1.33,0.0,0.0,Spring,No Holiday,Yes
2778,26/03/2018,7.298445101508147,18,16.0,33,2.9,1138,-0.2,0.6,0.0,0.0,Spring,No Holiday,Yes
2779,26/03/2018,6.939253946041508,19,14.3,37,3.1,1247,-0.2,0.1,0.0,0.0,Spring,No Holiday,Yes
2780,26/03/2018,6.728628613084702,20,12.9,42,2.8,1047,0.2,0.0,0.0,0.0,Spring,No Holiday,Yes
2781,26/03/2018,6.683360945766275,21,11.6,54,1.5,693,2.5,0.0,0.0,0.0,Spring,No Holiday,Yes
2782,26/03/2018,6.4967749901858625,22,10.7,58,1.4,600,2.7,0.0,0.0,0.0,Spring,No Holiday,Yes
2783,26/03/2018,6.104793232414985,23,9.8,62,0.6,535,2.8,0.0,0.0,0.0,Spring,No Holiday,Yes
2784,27/03/2018,5.942799375126701,0,9.0,68,1.1,426,3.3,0.0,0.0,0.0,Spring,No Holiday,Yes
2785,27/03/2018,5.631211781821365,1,8.7,70,0.9,398,3.5,0.0,0.0,0.0,Spring,No Holiday,Yes
2786,27/03/2018,5.099866427824199,2,8.3,70,0.8,394,3.1,0.0,0.0,0.0,Spring,No Holiday,Yes
2787,27/03/2018,4.852030263919617,3,8.1,71,0.9,378,3.1,0.0,0.0,0.0,Spring,No Holiday,Yes
2788,27/03/2018,4.564348191467836,4,7.8,70,0.3,395,2.6,0.0,0.0,0.0,Spring,No Holiday,Yes
2789,27/03/2018,4.709530201312334,5,8.0,63,0.8,439,1.3,0.0,0.0,0.0,Spring,No Holiday,Yes
2790,27/03/2018,5.44673737166631,6,8.1,66,0.6,415,2.1,0.0,0.0,0.0,Spring,No Holiday,Yes
2791,27/03/2018,6.559615237493242,7,8.5,67,0.7,475,2.7,0.02,0.0,0.0,Spring,No Holiday,Yes
2792,27/03/2018,7.091742115095153,8,9.3,62,0.6,519,2.3,0.25,0.0,0.0,Spring,No Holiday,Yes
2793,27/03/2018,6.551080335043404,9,11.6,51,0.8,498,1.7,0.84,0.0,0.0,Spring,No Holiday,Yes
2794,27/03/2018,6.137727054086234,10,13.9,40,0.8,586,0.5,1.6,0.0,0.0,Spring,No Holiday,Yes
2795,27/03/2018,6.329720905522696,11,15.8,40,1.9,647,2.2,1.95,0.0,0.0,Spring,No Holiday,Yes
2796,27/03/2018,6.375024819828097,12,16.7,47,2.4,620,5.3,1.76,0.0,0.0,Spring,No Holiday,Yes
2797,27/03/2018,6.335054251498059,13,18.6,46,2.1,642,6.7,2.54,0.0,0.0,Spring,No Holiday,Yes
2798,27/03/2018,6.428105272684596,14,19.4,45,2.0,624,7.1,2.05,0.0,0.0,Spring,No Holiday,Yes
2799,27/03/2018,6.456769655572163,15,19.9,45,2.7,676,7.6,1.79,0.0,0.0,Spring,No Holiday,Yes
2800,27/03/2018,6.652863029353347,16,19.5,50,3.4,613,8.7,1.6,0.0,0.0,Spring,No Holiday,Yes
2801,27/03/2018,6.8679744089702925,17,18.4,54,3.2,605,8.9,1.05,0.0,0.0,Spring,No Holiday,Yes
2802,27/03/2018,7.3277805384216315,18,16.8,60,3.1,580,8.9,0.46,0.0,0.0,Spring,No Holiday,Yes
2803,27/03/2018,6.928537818164665,19,15.0,67,2.6,452,8.9,0.07,0.0,0.0,Spring,No Holiday,Yes
2804,27/03/2018,6.762729506931879,20,13.9,72,2.4,385,8.9,0.0,0.0,0.0,Spring,No Holiday,Yes
2805,27/03/2018,6.7650389767805414,21,13.4,73,1.5,325,8.6,0.0,0.0,0.0,Spring,No Holiday,Yes
2806,27/03/2018,6.639875833826536,22,12.9,75,1.3,326,8.5,0.0,0.0,0.0,Spring,No Holiday,Yes
2807,27/03/2018,6.269096283706261,23,12.4,74,1.5,356,7.8,0.0,0.0,0.0,Spring,No Holiday,Yes
2808,28/03/2018,5.993961427306569,0,12.0,76,0.8,346,7.8,0.0,0.0,0.0,Spring,No Holiday,Yes
2809,28/03/2018,5.823045895483019,1,11.6,74,1.2,374,7.1,0.0,0.0,0.0,Spring,No Holiday,Yes
2810,28/03/2018,5.420534999272286,2,11.5,75,1.9,399,7.2,0.0,0.0,0.0,Spring,No Holiday,Yes
2811,28/03/2018,5.017279836814924,3,10.9,79,0.8,383,7.3,0.0,0.0,0.0,Spring,No Holiday,Yes
2812,28/03/2018,4.653960350157523,4,10.6,77,0.9,422,6.7,0.0,0.0,0.0,Spring,No Holiday,Yes
2813,28/03/2018,4.68213122712422,5,10.2,80,0.8,366,6.8,0.0,0.0,0.0,Spring,No Holiday,Yes
2814,28/03/2018,5.556828061699537,6,9.6,84,0.7,301,7.0,0.0,0.0,0.0,Spring,No Holiday,Yes
2815,28/03/2018,6.60934924316738,7,9.6,82,1.1,284,6.6,0.04,0.0,0.0,Spring,No Holiday,Yes
2816,28/03/2018,7.21081845347222,8,10.3,77,0.7,341,6.4,0.37,0.0,0.0,Spring,No Holiday,Yes
2817,28/03/2018,6.584791392385716,9,12.4,66,1.0,546,6.2,0.91,0.0,0.0,Spring,No Holiday,Yes
2818,28/03/2018,6.20455776256869,10,14.7,62,2.9,684,7.4,1.59,0.0,0.0,Spring,No Holiday,Yes
2819,28/03/2018,6.3784261836515865,11,15.6,60,3.7,817,7.8,1.44,0.0,0.0,Spring,No Holiday,Yes
2820,28/03/2018,6.4457198193855785,12,16.5,57,3.8,881,7.9,1.55,0.0,0.0,Spring,No Holiday,Yes
2821,28/03/2018,6.584791392385716,13,17.5,54,3.1,1065,8.0,1.63,0.0,0.0,Spring,No Holiday,Yes
2822,28/03/2018,6.54965074223381,14,18.6,46,4.4,1664,6.7,2.14,0.0,0.0,Spring,No Holiday,Yes
2823,28/03/2018,6.666956792429207,15,18.2,45,4.1,1908,6.0,1.86,0.0,0.0,Spring,No Holiday,Yes
2824,28/03/2018,6.8501261661455,16,18.3,43,4.3,1931,5.4,1.3,0.0,0.0,Spring,No Holiday,Yes
2825,28/03/2018,7.108244139731541,17,17.6,45,4.2,1947,5.5,0.7,0.0,0.0,Spring,No Holiday,Yes
2826,28/03/2018,7.517520850603031,18,17.0,53,3.1,1855,7.3,0.35,0.0,0.0,Spring,No Holiday,Yes
2827,28/03/2018,7.161622002939187,19,16.0,60,2.8,1436,8.2,0.06,0.0,0.0,Spring,No Holiday,Yes
2828,28/03/2018,7.033506484287697,20,15.2,65,2.2,988,8.6,0.0,0.0,0.0,Spring,No Holiday,Yes
2829,28/03/2018,6.943122422819428,21,14.2,70,0.8,723,8.7,0.0,0.0,0.0,Spring,No Holiday,Yes
2830,28/03/2018,6.811244378601294,22,13.6,73,2.0,644,8.8,0.0,0.0,0.0,Spring,No Holiday,Yes
2831,28/03/2018,6.421622267806518,23,13.5,74,1.2,603,8.9,0.0,0.0,0.0,Spring,No Holiday,Yes
2832,29/03/2018,6.1463292576688975,0,13.4,77,1.5,537,9.4,0.0,0.0,0.0,Spring,No Holiday,Yes
2833,29/03/2018,5.968707559985366,1,13.0,81,1.9,484,9.8,0.0,0.0,0.0,Spring,No Holiday,Yes
2834,29/03/2018,5.541263545158426,2,12.9,83,1.6,369,10.0,0.0,0.0,0.0,Spring,No Holiday,Yes
2835,29/03/2018,5.14166355650266,3,12.7,80,0.4,384,9.3,0.0,0.0,0.0,Spring,No Holiday,Yes
2836,29/03/2018,4.700480365792417,4,12.8,81,0.2,418,9.6,0.0,0.0,0.0,Spring,No Holiday,Yes
2837,29/03/2018,4.672828834461906,5,12.7,83,0.8,392,9.8,0.0,0.0,0.0,Spring,No Holiday,Yes
2838,29/03/2018,5.616771097666572,6,12.6,83,0.5,332,9.7,0.0,0.0,0.0,Spring,No Holiday,Yes
2839,29/03/2018,6.661854740545311,7,12.8,82,0.6,370,9.7,0.01,0.0,0.0,Spring,No Holiday,Yes
2840,29/03/2018,7.156176637480615,8,13.3,80,1.2,369,9.9,0.14,0.0,0.0,Spring,No Holiday,Yes
2841,29/03/2018,6.630683385642372,9,13.5,79,1.9,382,9.9,0.2,0.0,0.0,Spring,No Holiday,Yes
2842,29/03/2018,6.180016653652572,10,15.0,69,1.5,552,9.3,1.02,0.0,0.0,Spring,No Holiday,Yes
2843,29/03/2018,6.369900982828227,11,16.1,63,1.2,555,9.0,1.08,0.0,0.0,Spring,No Holiday,Yes
2844,29/03/2018,6.5722825426940075,12,18.2,55,2.3,594,9.0,2.24,0.0,0.0,Spring,No Holiday,Yes
2845,29/03/2018,6.57507584059962,13,19.5,48,1.9,596,8.1,2.32,0.0,0.0,Spring,No Holiday,Yes
2846,29/03/2018,6.568077911411976,14,20.2,47,2.4,541,8.5,2.3,0.0,0.0,Spring,No Holiday,Yes
2847,29/03/2018,6.661854740545311,15,20.8,42,3.1,576,7.4,2.1,0.0,0.0,Spring,No Holiday,Yes
2848,29/03/2018,6.86484777797086,16,20.7,38,2.2,741,5.8,1.63,0.0,0.0,Spring,No Holiday,Yes
2849,29/03/2018,7.085901464365611,17,20.3,48,2.8,635,8.9,1.14,0.0,0.0,Spring,No Holiday,Yes
2850,29/03/2018,7.482681828154651,18,19.1,47,2.4,942,7.5,0.57,0.0,0.0,Spring,No Holiday,Yes
2851,29/03/2018,7.13966033596492,19,17.5,61,2.2,758,9.8,0.11,0.0,0.0,Spring,No Holiday,Yes
2852,29/03/2018,6.984716320118266,20,15.6,64,2.7,686,8.8,0.0,0.0,0.0,Spring,No Holiday,Yes
2853,29/03/2018,6.953684210870537,21,14.4,66,1.7,677,8.1,0.0,0.0,0.0,Spring,No Holiday,Yes
2854,29/03/2018,6.856461984594587,22,13.3,71,2.1,581,8.1,0.0,0.0,0.0,Spring,No Holiday,Yes
2855,29/03/2018,6.421622267806518,23,12.7,75,1.6,475,8.3,0.0,0.0,0.0,Spring,No Holiday,Yes
2856,30/03/2018,6.19644412779452,0,11.8,78,0.6,438,8.0,0.0,0.0,0.0,Spring,No Holiday,Yes
2857,30/03/2018,5.996452088619021,1,11.4,77,0.7,466,7.5,0.0,0.0,0.0,Spring,No Holiday,Yes
2858,30/03/2018,5.568344503761097,2,10.8,72,0.4,639,5.9,0.0,0.0,0.0,Spring,No Holiday,Yes
2859,30/03/2018,5.220355825078324,3,10.3,68,0.7,887,4.6,0.0,0.0,0.0,Spring,No Holiday,Yes
2860,30/03/2018,4.7535901911063645,4,9.9,67,1.1,820,4.0,0.0,0.0,0.0,Spring,No Holiday,Yes
2861,30/03/2018,4.770684624465665,5,10.4,62,1.8,911,3.4,0.0,0.0,0.0,Spring,No Holiday,Yes
2862,30/03/2018,5.652489180268651,6,10.3,70,1.2,555,5.0,0.0,0.0,0.0,Spring,No Holiday,Yes
2863,30/03/2018,6.617402977974478,7,10.5,70,1.1,483,5.2,0.04,0.0,0.0,Spring,No Holiday,Yes
2864,30/03/2018,7.249215057114389,8,11.5,60,1.6,550,3.9,0.42,0.0,0.0,Spring,No Holiday,Yes
2865,30/03/2018,6.650279048587422,9,13.7,46,1.3,972,2.2,1.08,0.0,0.0,Spring,No Holiday,Yes
2866,30/03/2018,6.369900982828227,10,16.0,29,1.4,1708,-2.0,1.79,0.0,0.0,Spring,No Holiday,Yes
2867,30/03/2018,6.606650186198215,11,17.8,26,2.6,1822,-1.9,2.37,0.0,0.0,Spring,No Holiday,Yes
2868,30/03/2018,6.84587987526405,12,19.1,26,1.6,1704,-0.8,2.73,0.0,0.0,Spring,No Holiday,Yes
2869,30/03/2018,6.7580945044277305,13,20.3,27,1.4,1464,0.6,2.87,0.0,0.0,Spring,No Holiday,Yes
2870,30/03/2018,6.873163834212518,14,21.0,28,2.8,1191,1.7,2.75,0.0,0.0,Spring,No Holiday,Yes
2871,30/03/2018,6.974478911025045,15,21.8,28,2.3,1162,2.4,2.4,0.0,0.0,Spring,No Holiday,Yes
2872,30/03/2018,7.053585727193677,16,20.7,36,3.6,811,5.0,1.82,0.0,0.0,Spring,No Holiday,Yes
2873,30/03/2018,7.2868764117507,17,19.4,45,2.9,778,7.1,1.13,0.0,0.0,Spring,No Holiday,Yes
2874,30/03/2018,7.568379267836522,18,17.4,57,3.1,657,8.7,0.52,0.0,0.0,Spring,No Holiday,Yes
2875,30/03/2018,7.1459844677143876,19,15.2,60,3.2,1081,7.4,0.09,0.0,0.0,Spring,No Holiday,Yes
2876,30/03/2018,6.952728644624869,20,14.3,63,2.6,936,7.3,0.0,0.0,0.0,Spring,No Holiday,Yes
2877,30/03/2018,6.855408798609928,21,13.7,73,1.8,658,8.9,0.0,0.0,0.0,Spring,No Holiday,Yes
2878,30/03/2018,6.78105762593618,22,12.7,76,1.5,521,8.5,0.0,0.0,0.0,Spring,No Holiday,Yes
2879,30/03/2018,6.520621127558696,23,12.1,77,1.4,540,8.1,0.0,0.0,0.0,Spring,No Holiday,Yes
2880,31/03/2018,6.2878585601617845,0,11.7,77,1.3,588,7.7,0.0,0.0,0.0,Spring,No Holiday,Yes
2881,31/03/2018,6.220590170099739,1,11.5,77,2.0,593,7.6,0.0,0.0,0.0,Spring,No Holiday,Yes
2882,31/03/2018,5.986452005284438,2,11.0,73,1.5,816,6.3,0.0,0.0,0.0,Spring,No Holiday,Yes
2883,31/03/2018,5.579729825986222,3,10.7,74,1.7,712,6.2,0.0,0.0,0.0,Spring,No Holiday,Yes
2884,31/03/2018,5.099866427824199,4,10.4,73,1.7,801,5.7,0.0,0.0,0.0,Spring,No Holiday,Yes
2885,31/03/2018,4.6913478822291435,5,9.8,73,0.8,1098,5.1,0.0,0.0,0.0,Spring,No Holiday,Yes
2886,31/03/2018,4.962844630259907,6,9.4,75,0.9,1117,5.1,0.0,0.0,0.0,Spring,No Holiday,Yes
2887,31/03/2018,5.579729825986222,7,9.5,72,0.2,1017,4.6,0.04,0.0,0.0,Spring,No Holiday,Yes
2888,31/03/2018,6.194405391104672,8,10.4,65,0.8,979,4.0,0.41,0.0,0.0,Spring,No Holiday,Yes
2889,31/03/2018,6.466144724237619,9,12.6,57,0.9,859,4.2,0.98,0.0,0.0,Spring,No Holiday,Yes
2890,31/03/2018,6.428105272684596,10,14.7,53,0.9,831,5.2,1.59,0.0,0.0,Spring,No Holiday,Yes
2891,31/03/2018,6.715383386334681,11,16.7,45,1.9,1054,4.6,2.07,0.0,0.0,Spring,No Holiday,Yes
2892,31/03/2018,6.9782137426306985,12,18.2,38,4.2,1189,3.6,2.41,0.0,0.0,Spring,No Holiday,Yes
2893,31/03/2018,7.105786129481271,13,19.3,37,3.0,1257,4.2,2.53,0.0,0.0,Spring,No Holiday,Yes
2894,31/03/2018,7.231287004327616,14,20.1,30,3.0,1554,1.9,2.57,0.0,0.0,Spring,No Holiday,Yes
2895,31/03/2018,7.341483852363161,15,18.9,28,3.7,1769,0.0,2.09,0.0,0.0,Spring,No Holiday,Yes
2896,31/03/2018,7.364547014255642,16,18.0,32,3.0,1836,1.0,1.03,0.0,0.0,Spring,No Holiday,Yes
2897,31/03/2018,7.3343293503005365,17,17.3,36,3.4,1722,2.0,0.8,0.0,0.0,Spring,No Holiday,Yes
2898,31/03/2018,7.238496840894365,18,16.6,33,2.6,1867,0.2,0.48,0.0,0.0,Spring,No Holiday,Yes
2899,31/03/2018,6.933423025730715,19,15.3,41,2.0,1751,2.1,0.08,0.0,0.0,Spring,No Holiday,Yes
2900,31/03/2018,6.880384082186005,20,14.0,45,1.6,1729,2.2,0.0,0.0,0.0,Spring,No Holiday,Yes
2901,31/03/2018,6.918695219020472,21,13.3,48,1.6,1582,2.5,0.0,0.0,0.0,Spring,No Holiday,Yes
2902,31/03/2018,6.827629234502852,22,12.8,52,1.5,1616,3.1,0.0,0.0,0.0,Spring,No Holiday,Yes
2903,31/03/2018,6.486160788944089,23,12.4,63,1.3,1201,5.5,0.0,0.0,0.0,Spring,No Holiday,Yes
2904,01/04/2018,6.363028103540465,0,12.1,70,0.8,1050,6.7,0.0,0.0,0.0,Spring,No Holiday,Yes
2905,01/04/2018,6.118097198041348,1,11.7,74,0.5,979,7.2,0.0,0.0,0.0,Spring,No Holiday,Yes
2906,01/04/2018,5.777652323222656,2,11.7,72,0.6,915,6.8,0.0,0.0,0.0,Spring,No Holiday,Yes
2907,01/04/2018,5.402677381872279,3,11.9,71,0.7,853,6.7,0.0,0.0,0.0,Spring,No Holiday,Yes
2908,01/04/2018,4.997212273764115,4,12.1,69,0.3,827,6.5,0.0,0.0,0.0,Spring,No Holiday,Yes
2909,01/04/2018,4.574710978503383,5,12.3,65,0.5,1085,5.8,0.0,0.0,0.0,Spring,No Holiday,Yes
2910,01/04/2018,4.709530201312334,6,12.4,61,0.4,1131,5.0,0.0,0.0,0.0,Spring,No Holiday,Yes
2911,01/04/2018,5.135798437050262,7,12.5,62,0.4,1003,5.4,0.0,0.0,0.0,Spring,No Holiday,Yes
2912,01/04/2018,5.8377304471659395,8,12.9,64,1.5,778,6.2,0.06,0.0,0.0,Spring,No Holiday,Yes
2913,01/04/2018,6.186208623900494,9,13.5,66,1.8,934,7.2,0.16,0.0,0.0,Spring,No Holiday,Yes
2914,01/04/2018,6.340359303727752,10,14.7,61,2.0,945,7.2,0.64,0.0,0.0,Spring,No Holiday,Yes
2915,01/04/2018,6.6039438246004725,11,16.7,55,2.1,1182,7.6,1.37,0.0,0.0,Spring,No Holiday,Yes
2916,01/04/2018,6.831953565565855,12,18.0,53,3.1,1350,8.2,1.53,0.0,0.0,Spring,No Holiday,Yes
2917,01/04/2018,7.053585727193677,13,17.9,60,2.2,1248,10.0,0.86,0.0,0.0,Spring,No Holiday,Yes
2918,01/04/2018,7.091742115095153,14,17.5,67,2.1,832,11.2,0.42,0.0,0.0,Spring,No Holiday,Yes
2919,01/04/2018,7.2078598714324755,15,18.2,63,2.2,687,11.0,0.72,0.0,0.0,Spring,No Holiday,Yes
2920,01/04/2018,7.251344983372214,16,18.2,69,3.2,625,12.4,0.87,0.0,0.0,Spring,No Holiday,Yes
2921,01/04/2018,7.217443431696533,17,18.0,72,1.8,559,12.8,0.47,0.0,0.0,Spring,No Holiday,Yes
2922,01/04/2018,7.167809184316444,18,17.7,75,2.1,519,13.2,0.12,0.0,0.0,Spring,No Holiday,Yes
2923,01/04/2018,6.9726062513017535,19,17.4,79,2.3,614,13.7,0.03,0.0,0.0,Spring,No Holiday,Yes
2924,01/04/2018,6.892641641172089,20,17.1,80,1.5,480,13.6,0.0,0.0,0.0,Spring,No Holiday,Yes
2925,01/04/2018,6.891625897052253,21,16.9,81,1.9,472,13.6,0.0,0.0,0.0,Spring,No Holiday,Yes
2926,01/04/2018,6.7357800142423265,22,16.7,83,2.4,416,13.7,0.0,0.0,0.0,Spring,No Holiday,Yes
2927,01/04/2018,6.3784261836515865,23,16.3,82,1.3,480,13.2,0.0,0.0,0.0,Spring,No Holiday,Yes
2928,02/04/2018,6.150602768446279,0,16.1,80,1.9,605,12.6,0.0,0.0,0.0,Spring,No Holiday,Yes
2929,02/04/2018,5.69035945432406,1,16.0,79,1.0,716,12.3,0.0,0.0,0.0,Spring,No Holiday,Yes
2930,02/04/2018,5.049856007249537,2,15.7,81,1.4,694,12.4,0.0,0.0,0.0,Spring,No Holiday,Yes
2931,02/04/2018,4.718498871295094,3,15.6,81,1.2,628,12.3,0.0,0.0,0.0,Spring,No Holiday,Yes
2932,02/04/2018,4.465908118654584,4,15.7,79,1.2,628,12.0,0.0,0.0,0.0,Spring,No Holiday,Yes
2933,02/04/2018,4.836281906951478,5,15.3,82,1.4,508,12.2,0.0,0.0,0.0,Spring,No Holiday,Yes
2934,02/04/2018,5.886104031450156,6,14.9,81,0.4,580,11.6,0.0,0.0,0.0,Spring,No Holiday,Yes
2935,02/04/2018,6.823286122355687,7,15.1,80,1.0,623,11.6,0.01,0.0,0.0,Spring,No Holiday,Yes
2936,02/04/2018,7.293017679772782,8,15.7,75,1.1,804,11.2,0.11,0.0,0.0,Spring,No Holiday,Yes
2937,02/04/2018,6.693323668269949,9,16.6,70,1.5,945,11.0,0.3,0.0,0.0,Spring,No Holiday,Yes
2938,02/04/2018,6.363028103540465,10,17.5,66,1.3,1059,11.0,0.55,0.0,0.0,Spring,No Holiday,Yes
2939,02/04/2018,6.4967749901858625,11,18.5,61,1.6,1301,10.8,0.95,0.0,0.0,Spring,No Holiday,Yes
2940,02/04/2018,6.70808408385307,12,20.8,50,2.0,1240,9.9,1.82,0.0,0.0,Spring,No Holiday,Yes
2941,02/04/2018,6.70808408385307,13,21.9,48,2.5,1113,10.3,2.14,0.0,0.0,Spring,No Holiday,Yes
2942,02/04/2018,6.825460036255307,14,23.0,42,3.4,1315,9.3,2.1,0.0,0.0,Spring,No Holiday,Yes
2943,02/04/2018,6.901737206656574,15,23.7,43,2.8,1347,10.3,2.28,0.0,0.0,Spring,No Holiday,Yes
2944,02/04/2018,7.105786129481271,16,23.0,47,4.1,1417,11.0,2.0,0.0,0.0,Spring,No Holiday,Yes
2945,02/04/2018,7.358830898342354,17,22.0,49,3.7,1582,10.7,1.28,0.0,0.0,Spring,No Holiday,Yes
2946,02/04/2018,7.784057002639929,18,20.7,54,4.1,1484,11.0,0.5,0.0,0.0,Spring,No Holiday,Yes
2947,02/04/2018,7.484368643286131,19,19.1,60,3.4,1592,11.1,0.1,0.0,0.0,Spring,No Holiday,Yes
2948,02/04/2018,7.325148957955575,20,18.2,65,1.8,1563,11.5,0.0,0.0,0.0,Spring,No Holiday,Yes
2949,02/04/2018,7.315883504509785,21,17.9,64,2.1,1652,10.9,0.0,0.0,0.0,Spring,No Holiday,Yes
2950,02/04/2018,7.101675971619444,22,17.4,66,2.3,1565,10.9,0.0,0.0,0.0,Spring,No Holiday,Yes
2951,02/04/2018,6.6895992691789665,23,16.8,70,0.9,1426,11.2,0.0,0.0,0.0,Spring,No Holiday,Yes
2952,03/04/2018,6.278521424165844,0,16.8,69,0.8,1395,11.0,0.0,0.0,0.0,Spring,No Holiday,Yes
2953,03/04/2018,6.066108090103747,1,17.1,72,1.7,1353,12.0,0.0,0.0,0.0,Spring,No Holiday,Yes
2954,03/04/2018,5.62040086571715,2,17.0,73,1.6,1184,12.1,0.0,0.0,0.0,Spring,No Holiday,Yes
2955,03/04/2018,5.056245805348308,3,17.0,74,1.7,1294,12.3,0.0,0.0,0.0,Spring,No Holiday,Yes
2956,03/04/2018,4.8283137373023015,4,16.9,74,1.2,1199,12.2,0.0,0.0,0.0,Spring,No Holiday,Yes
2957,03/04/2018,5.099866427824199,5,16.9,73,1.6,1275,12.0,0.0,0.0,0.0,Spring,No Holiday,Yes
2958,03/04/2018,5.963579343618446,6,16.8,74,1.2,1265,12.1,0.0,0.0,0.0,Spring,No Holiday,Yes
2959,03/04/2018,6.9411900550683745,7,16.8,73,1.0,1366,11.9,0.01,0.0,0.0,Spring,No Holiday,Yes
2960,03/04/2018,7.425357887027151,8,17.3,71,0.5,1481,11.9,0.17,0.0,0.0,Spring,No Holiday,Yes
2961,03/04/2018,6.7661917146603505,9,18.3,67,2.4,1375,12.0,0.55,0.0,0.0,Spring,No Holiday,Yes
2962,03/04/2018,6.499787040655854,10,18.9,66,2.0,1298,12.4,0.85,0.0,0.0,Spring,No Holiday,Yes
2963,03/04/2018,6.546785410760524,11,19.0,67,1.9,1062,12.7,0.52,0.0,0.0,Spring,No Holiday,Yes
2964,03/04/2018,6.81783057145415,12,19.6,63,2.9,1034,12.3,0.68,0.0,0.0,Spring,No Holiday,Yes
2965,03/04/2018,6.769641976852503,13,20.1,61,2.6,1117,12.3,1.01,0.0,0.0,Spring,No Holiday,Yes
2966,03/04/2018,6.837332814685591,14,21.0,53,3.2,1306,11.0,1.12,0.0,0.0,Spring,No Holiday,Yes
2967,03/04/2018,6.8690144506657065,15,19.9,58,2.5,1348,11.3,0.51,0.0,0.0,Spring,No Holiday,Yes
2968,03/04/2018,7.068172000388042,16,19.7,58,3.7,1302,11.1,0.78,0.0,0.0,Spring,No Holiday,Yes
2969,03/04/2018,7.270312886079025,17,19.7,57,2.6,1302,10.9,0.54,0.0,0.0,Spring,No Holiday,Yes
2970,03/04/2018,7.666221925662725,18,18.9,68,3.3,1326,12.8,0.12,0.0,0.0,Spring,No Holiday,Yes
2971,03/04/2018,7.255591274253665,19,18.0,74,3.1,1258,13.2,0.02,0.0,0.0,Spring,No Holiday,Yes
2972,03/04/2018,7.293697720601438,20,17.3,80,2.4,927,13.8,0.0,0.0,0.0,Spring,No Holiday,Yes
2973,03/04/2018,7.1098794630722715,21,17.0,83,3.2,744,14.0,0.0,0.0,0.0,Spring,No Holiday,Yes
2974,03/04/2018,6.93828448401696,22,16.0,85,2.0,409,13.4,0.0,0.0,0.0,Spring,No Holiday,Yes
2975,03/04/2018,6.12029741895095,23,15.0,94,1.6,163,14.0,0.0,0.0,0.0,Spring,No Holiday,Yes
2976,04/04/2018,5.87493073085203,0,15.0,96,2.1,141,14.3,0.0,0.1,0.0,Spring,No Holiday,Yes
2977,04/04/2018,4.736198448394496,1,14.8,96,1.7,209,14.1,0.0,0.0,0.0,Spring,No Holiday,Yes
2978,04/04/2018,2.772588722239781,2,14.5,97,2.2,179,14.0,0.0,3.5,0.0,Spring,No Holiday,Yes
2979,04/04/2018,3.1354942159291497,3,14.3,97,1.2,228,13.8,0.0,7.0,0.0,Spring,No Holiday,Yes
2980,04/04/2018,2.70805020110221,4,14.1,97,1.7,306,13.6,0.0,3.0,0.0,Spring,No Holiday,Yes
2981,04/04/2018,2.995732273553991,5,11.9,97,3.4,305,11.4,0.0,3.0,0.0,Spring,No Holiday,Yes
2982,04/04/2018,5.153291594497779,6,11.7,95,0.7,2000,10.9,0.0,2.0,0.0,Spring,No Holiday,Yes
2983,04/04/2018,6.501289670540389,7,10.3,90,1.2,2000,8.7,0.01,0.0,0.0,Spring,No Holiday,Yes
2984,04/04/2018,7.158513997329321,8,10.3,86,2.5,2000,8.0,0.15,0.0,0.0,Spring,No Holiday,Yes
2985,04/04/2018,5.937536205082426,9,10.4,81,1.4,2000,7.2,0.36,0.0,0.0,Spring,No Holiday,Yes
2986,04/04/2018,6.226536669287466,10,10.7,81,1.4,2000,7.5,0.57,0.0,0.0,Spring,No Holiday,Yes
2987,04/04/2018,6.61338421837956,11,12.8,65,2.0,2000,6.3,1.76,0.0,0.0,Spring,No Holiday,Yes
2988,04/04/2018,6.834108738813838,12,15.3,54,2.1,1989,6.0,2.83,0.0,0.0,Spring,No Holiday,Yes
2989,04/04/2018,6.858565034791365,13,16.7,47,1.4,2000,5.3,3.24,0.0,0.0,Spring,No Holiday,Yes
2990,04/04/2018,7.00033446027523,14,17.9,42,1.3,1981,4.7,3.04,0.0,0.0,Spring,No Holiday,Yes
2991,04/04/2018,7.098375638590786,15,17.9,44,2.2,2000,5.4,2.79,0.0,0.0,Spring,No Holiday,Yes
2992,04/04/2018,7.254177846456518,16,17.9,42,1.1,2000,4.7,2.25,0.0,0.0,Spring,No Holiday,Yes
2993,04/04/2018,7.465082736399547,17,17.2,46,2.2,2000,5.4,1.6,0.0,0.0,Spring,No Holiday,Yes
2994,04/04/2018,7.784473235736469,18,16.0,47,2.1,2000,4.6,0.79,0.0,0.0,Spring,No Holiday,Yes
2995,04/04/2018,7.394493107219038,19,14.3,53,2.1,2000,4.8,0.17,0.0,0.0,Spring,No Holiday,Yes
2996,04/04/2018,7.226209010100671,20,12.8,56,2.0,2000,4.2,0.0,0.0,0.0,Spring,No Holiday,Yes
2997,04/04/2018,7.136483208590247,21,11.8,57,1.9,2000,3.5,0.0,0.0,0.0,Spring,No Holiday,Yes
2998,04/04/2018,6.948897222313312,22,10.9,58,1.5,2000,2.9,0.0,0.0,0.0,Spring,No Holiday,Yes
2999,04/04/2018,6.505784060128229,23,10.2,58,2.4,2000,2.2,0.0,0.0,0.0,Spring,No Holiday,Yes
3000,05/04/2018,6.07993319509559,0,9.5,61,1.7,2000,2.3,0.0,0.0,0.0,Spring,No Holiday,Yes
3001,05/04/2018,5.924255797414532,1,9.0,62,1.9,2000,2.0,0.0,0.0,0.0,Spring,No Holiday,Yes
3002,05/04/2018,5.3981627015177525,2,9.0,63,2.1,2000,2.3,0.0,0.0,0.0,Spring,No Holiday,Yes
3003,05/04/2018,5.017279836814924,3,8.9,64,2.2,2000,2.4,0.0,0.0,0.0,Spring,No Holiday,Yes
3004,05/04/2018,4.477336814478207,4,8.8,65,2.5,2000,2.5,0.0,0.0,0.0,Spring,No Holiday,Yes
3005,05/04/2018,2.9444389791664403,5,8.3,81,2.0,1060,5.2,0.0,0.1,0.0,Spring,No Holiday,Yes
3006,05/04/2018,3.091042453358316,6,7.5,94,2.4,511,6.5,0.0,0.4,0.0,Spring,No Holiday,Yes
3007,05/04/2018,3.6635616461296463,7,7.1,94,2.2,572,6.1,0.0,1.5,0.0,Spring,No Holiday,Yes
3008,05/04/2018,5.337538079701318,8,6.7,94,2.7,1127,5.7,0.05,2.0,0.0,Spring,No Holiday,Yes
3009,05/04/2018,4.867534450455582,9,6.8,89,2.9,2000,5.1,0.07,0.0,0.0,Spring,No Holiday,Yes
3010,05/04/2018,4.564348191467836,10,7.1,87,2.9,2000,5.0,0.15,0.0,0.0,Spring,No Holiday,Yes
3011,05/04/2018,3.871201010907891,11,7.1,93,2.6,697,6.0,0.19,0.0,0.0,Spring,No Holiday,Yes
3012,05/04/2018,4.2626798770413155,12,7.3,95,2.2,676,6.5,0.3,0.5,0.0,Spring,No Holiday,Yes
3013,05/04/2018,4.442651256490317,13,7.7,95,1.9,442,6.9,0.4,0.0,0.0,Spring,No Holiday,Yes
3014,05/04/2018,3.8501476017100584,14,8.0,95,1.5,514,7.2,0.35,0.0,0.0,Spring,No Holiday,Yes
3015,05/04/2018,3.6375861597263857,15,8.1,96,1.9,410,7.4,0.26,0.5,0.0,Spring,No Holiday,Yes
3016,05/04/2018,3.4657359027997265,16,8.1,96,1.5,281,7.4,0.21,1.0,0.0,Spring,No Holiday,Yes
3017,05/04/2018,3.8501476017100584,17,8.0,96,1.4,298,7.3,0.13,1.0,0.0,Spring,No Holiday,Yes
3018,05/04/2018,4.330733340286331,18,7.6,96,2.0,660,6.9,0.04,0.0,0.0,Spring,No Holiday,Yes
3019,05/04/2018,4.330733340286331,19,7.6,96,1.5,1309,6.9,0.0,1.5,0.0,Spring,No Holiday,Yes
3020,05/04/2018,4.04305126783455,20,7.3,96,1.9,2000,6.6,0.0,0.0,0.0,Spring,No Holiday,Yes
3021,05/04/2018,4.605170185988092,21,7.3,96,1.5,749,6.6,0.0,1.0,0.0,Spring,No Holiday,Yes
3022,05/04/2018,4.356708826689592,22,7.2,96,1.0,700,6.5,0.0,0.0,0.0,Spring,No Holiday,Yes
3023,05/04/2018,4.382026634673881,23,7.1,96,1.3,1497,6.5,0.0,0.5,0.0,Spring,No Holiday,Yes
3024,06/04/2018,4.04305126783455,0,7.2,95,0.9,861,6.4,0.0,0.5,0.0,Spring,No Holiday,Yes
3025,06/04/2018,3.9318256327243257,1,7.2,95,0.2,683,6.4,0.0,0.5,0.0,Spring,No Holiday,Yes
3026,06/04/2018,3.332204510175204,2,7.3,96,1.0,337,6.6,0.0,1.5,0.0,Spring,No Holiday,Yes
3027,06/04/2018,2.9444389791664403,3,7.2,96,0.8,349,6.5,0.0,2.0,0.0,Spring,No Holiday,Yes
3028,06/04/2018,2.302585092994046,4,6.8,97,2.2,453,6.3,0.0,2.0,0.0,Spring,No Holiday,Yes
3029,06/04/2018,4.007333185232471,5,6.3,97,1.7,787,5.8,0.0,0.5,0.0,Spring,No Holiday,Yes
3030,06/04/2018,5.187385805840755,6,6.1,96,2.1,798,5.5,0.0,0.0,0.0,Spring,No Holiday,Yes
3031,06/04/2018,6.3835066348840055,7,5.7,95,3.4,1136,4.9,0.02,0.0,0.0,Spring,No Holiday,Yes
3032,06/04/2018,7.119635638017636,8,5.9,90,2.8,1820,4.3,0.32,0.0,0.0,Spring,No Holiday,Yes
3033,06/04/2018,6.579251212010101,9,6.9,83,2.2,1666,4.2,0.83,0.0,0.0,Spring,No Holiday,Yes
3034,06/04/2018,6.272877006546167,10,8.0,73,2.8,1641,3.4,1.44,0.0,0.0,Spring,No Holiday,Yes
3035,06/04/2018,6.395261598115449,11,8.3,69,4.1,1217,2.9,1.81,0.0,0.0,Spring,No Holiday,Yes
3036,06/04/2018,6.6293632534374485,12,6.7,71,4.6,543,1.8,1.05,0.0,0.0,Spring,No Holiday,Yes
3037,06/04/2018,6.52795791762255,13,7.9,58,4.3,488,0.1,1.88,0.0,0.0,Spring,No Holiday,Yes
3038,06/04/2018,6.35088571671474,14,7.4,56,3.5,461,-0.8,1.04,0.0,0.0,Spring,No Holiday,Yes
3039,06/04/2018,6.302618975744905,15,6.8,50,4.1,660,-2.9,0.56,0.0,0.0,Spring,No Holiday,Yes
3040,06/04/2018,6.373319789577012,16,6.6,50,4.0,645,-3.1,0.81,0.0,0.0,Spring,No Holiday,Yes
3041,06/04/2018,6.655440350367647,17,6.3,50,4.4,707,-3.3,0.64,0.0,0.0,Spring,No Holiday,Yes
3042,06/04/2018,7.016609683894219,18,5.9,43,5.3,859,-5.7,0.62,0.0,0.0,Spring,No Holiday,Yes
3043,06/04/2018,6.492239835020471,19,4.8,48,3.8,1126,-5.3,0.17,0.0,0.0,Spring,No Holiday,Yes
3044,06/04/2018,6.2324480165505225,20,4.3,59,4.6,991,-3.0,0.0,0.0,0.0,Spring,No Holiday,Yes
3045,06/04/2018,6.104793232414985,21,4.0,67,3.0,794,-1.5,0.0,0.0,0.0,Spring,No Holiday,Yes
3046,06/04/2018,6.214608098422191,22,3.9,68,3.0,737,-1.4,0.0,0.0,0.0,Spring,No Holiday,Yes
3047,06/04/2018,5.746203190540153,23,3.8,75,4.1,604,-0.2,0.0,0.0,0.0,Spring,No Holiday,Yes
3048,07/04/2018,5.645446897643238,0,3.0,67,3.3,945,-2.5,0.0,0.0,0.0,Spring,No Holiday,Yes
3049,07/04/2018,5.420534999272286,1,2.6,67,2.7,1053,-2.9,0.0,0.0,0.0,Spring,No Holiday,Yes
3050,07/04/2018,4.820281565605037,2,1.8,81,2.9,325,-1.1,0.0,0.0,0.0,Spring,No Holiday,Yes
3051,07/04/2018,4.812184355372417,3,1.5,82,3.5,372,-1.2,0.0,0.1,0.0,Spring,No Holiday,Yes
3052,07/04/2018,4.394449154672439,4,1.6,70,3.6,1392,-3.2,0.0,0.1,0.0,Spring,No Holiday,Yes
3053,07/04/2018,4.060443010546419,5,1.6,62,4.9,1372,-4.9,0.0,0.0,0.0,Spring,No Holiday,Yes
3054,07/04/2018,4.6913478822291435,6,1.7,58,3.8,1189,-5.6,0.0,0.0,0.0,Spring,No Holiday,Yes
3055,07/04/2018,5.332718793265369,7,1.9,51,4.9,1297,-7.1,0.07,0.0,0.0,Spring,No Holiday,Yes
3056,07/04/2018,5.991464547107982,8,2.4,44,4.3,1375,-8.6,0.41,0.0,0.0,Spring,No Holiday,Yes
3057,07/04/2018,6.056784013228625,9,3.4,37,3.6,1668,-9.9,1.07,0.0,0.0,Spring,No Holiday,Yes
3058,07/04/2018,6.118097198041348,10,4.3,31,4.9,1661,-11.3,1.77,0.0,0.0,Spring,No Holiday,Yes
3059,07/04/2018,6.317164686747284,11,4.7,26,4.8,1927,-13.2,1.55,0.0,0.0,Spring,No Holiday,Yes
3060,07/04/2018,6.548219102762372,12,6.0,23,4.2,1990,-13.6,2.0,0.0,0.0,Spring,No Holiday,Yes
3061,07/04/2018,6.748759547491679,13,7.4,22,4.5,1964,-12.9,2.98,0.0,0.0,Spring,No Holiday,Yes
3062,07/04/2018,6.824373670043086,14,8.1,24,4.7,1914,-11.3,2.99,0.0,0.0,Spring,No Holiday,Yes
3063,07/04/2018,6.8308742346461795,15,7.6,36,5.0,1928,-6.5,1.39,0.0,0.0,Spring,No Holiday,Yes
3064,07/04/2018,6.8001700683022,16,7.9,34,4.7,1979,-7.0,1.09,0.0,0.0,Spring,No Holiday,Yes
3065,07/04/2018,6.812345094177479,17,7.6,36,5.3,2000,-6.5,1.8,0.0,0.0,Spring,No Holiday,Yes
3066,07/04/2018,6.5722825426940075,18,6.4,43,3.7,2000,-5.2,0.92,0.0,0.0,Spring,No Holiday,Yes
3067,07/04/2018,6.251903883165888,19,4.9,47,3.5,2000,-5.4,0.2,0.0,0.0,Spring,No Holiday,Yes
3068,07/04/2018,6.129050210060545,20,4.2,44,4.1,2000,-6.9,0.0,0.0,0.0,Spring,No Holiday,Yes
3069,07/04/2018,6.095824562432225,21,3.8,39,3.2,2000,-8.9,0.0,0.0,0.0,Spring,No Holiday,Yes
3070,07/04/2018,6.056784013228625,22,3.5,41,2.8,2000,-8.5,0.0,0.0,0.0,Spring,No Holiday,Yes
3071,07/04/2018,5.910796644040527,23,3.1,39,3.1,2000,-9.5,0.0,0.0,0.0,Spring,No Holiday,Yes
3072,08/04/2018,5.786897381366708,0,2.9,46,2.2,2000,-7.6,0.0,0.0,0.0,Spring,No Holiday,Yes
3073,08/04/2018,5.41610040220442,1,2.4,46,1.7,2000,-8.0,0.0,0.0,0.0,Spring,No Holiday,Yes
3074,08/04/2018,5.2574953720277815,2,2.2,49,1.9,2000,-7.4,0.0,0.0,0.0,Spring,No Holiday,Yes
3075,08/04/2018,4.955827057601261,3,2.0,50,2.0,2000,-7.3,0.0,0.0,0.0,Spring,No Holiday,Yes
3076,08/04/2018,4.51085950651685,4,1.7,51,1.3,2000,-7.3,0.0,0.0,0.0,Spring,No Holiday,Yes
3077,08/04/2018,4.0943445622221,5,1.3,51,1.6,2000,-7.7,0.0,0.0,0.0,Spring,No Holiday,Yes
3078,08/04/2018,4.624972813284271,6,0.9,52,1.1,2000,-7.8,0.0,0.0,0.0,Spring,No Holiday,Yes
3079,08/04/2018,5.075173815233827,7,0.9,54,0.8,2000,-7.3,0.11,0.0,0.0,Spring,No Holiday,Yes
3080,08/04/2018,5.808142489980444,8,2.9,53,1.5,1892,-5.7,0.68,0.0,0.0,Spring,No Holiday,Yes
3081,08/04/2018,6.0063531596017325,9,5.1,46,2.7,1888,-5.5,1.34,0.0,0.0,Spring,No Holiday,Yes
3082,08/04/2018,6.20455776256869,10,6.3,39,2.8,2000,-6.6,1.55,0.0,0.0,Spring,No Holiday,Yes
3083,08/04/2018,6.375024819828097,11,6.4,29,2.7,2000,-10.3,0.9,0.0,0.0,Spring,No Holiday,Yes
3084,08/04/2018,6.565264970035361,12,6.9,30,1.8,1994,-9.5,0.85,0.0,0.0,Spring,No Holiday,Yes
3085,08/04/2018,6.742880635791903,13,7.4,27,1.8,2000,-10.4,0.86,0.0,0.0,Spring,No Holiday,Yes
3086,08/04/2018,6.656726524178391,14,7.9,27,1.0,1985,-9.9,0.75,0.0,0.0,Spring,No Holiday,Yes
3087,08/04/2018,5.840641657373398,15,7.3,38,0.8,2000,-6.1,0.38,0.0,0.0,Spring,No Holiday,Yes
3088,08/04/2018,4.927253685157205,16,6.1,65,1.5,1465,0.0,0.21,0.0,0.0,Spring,No Holiday,Yes
3089,08/04/2018,4.07753744390572,17,4.3,80,2.6,1357,1.1,0.23,0.1,0.0,Spring,No Holiday,Yes
3090,08/04/2018,3.1354942159291497,18,3.0,89,1.5,283,1.3,0.07,1.9,0.0,Spring,No Holiday,Yes
3091,08/04/2018,3.8066624897703196,19,2.5,94,1.8,349,1.6,0.0,1.0,0.0,Spring,No Holiday,Yes
3092,08/04/2018,4.543294782270004,20,2.7,90,1.5,639,1.2,0.0,0.0,0.0,Spring,No Holiday,Yes
3093,08/04/2018,5.14166355650266,21,2.8,88,2.1,592,1.0,0.0,0.0,0.0,Spring,No Holiday,Yes
3094,08/04/2018,5.181783550292085,22,2.7,88,2.0,621,0.9,0.0,0.0,0.0,Spring,No Holiday,Yes
3095,08/04/2018,5.209486152841421,23,2.9,85,0.9,829,0.6,0.0,0.0,0.0,Spring,No Holiday,Yes
3096,09/04/2018,5.288267030694535,0,3.2,84,0.6,785,0.7,0.0,0.0,0.0,Spring,No Holiday,Yes
3097,09/04/2018,4.948759890378168,1,2.8,87,0.8,462,0.8,0.0,0.0,0.0,Spring,No Holiday,Yes
3098,09/04/2018,4.584967478670572,2,2.2,88,0.5,508,0.4,0.0,0.0,0.0,Spring,No Holiday,Yes
3099,09/04/2018,3.970291913552122,3,1.6,94,0.3,426,0.7,0.0,0.0,0.0,Spring,No Holiday,Yes
3100,09/04/2018,3.784189633918261,4,1.1,95,0.5,345,0.3,0.0,0.0,0.0,Spring,No Holiday,Yes
3101,09/04/2018,4.5217885770490405,5,0.7,96,1.0,206,0.1,0.0,0.0,0.0,Spring,No Holiday,Yes
3102,09/04/2018,5.480638923341991,6,0.1,97,0.6,77,-0.3,0.0,0.0,0.0,Spring,No Holiday,Yes
3103,09/04/2018,6.480044561926653,7,0.6,97,1.3,66,0.1,0.05,0.0,0.0,Spring,No Holiday,Yes
3104,09/04/2018,7.059617628291383,8,1.0,97,0.9,148,0.5,0.22,0.0,0.0,Spring,No Holiday,Yes
3105,09/04/2018,6.52649485957079,9,2.6,96,1.1,316,2.0,0.87,0.0,0.0,Spring,No Holiday,Yes
3106,09/04/2018,6.2285110035911835,10,5.2,73,1.0,668,0.7,2.08,0.0,0.0,Spring,No Holiday,Yes
3107,09/04/2018,6.4692503167957724,11,7.5,54,0.9,1013,-1.2,2.49,0.0,0.0,Spring,No Holiday,Yes
3108,09/04/2018,6.684611727667927,12,10.4,44,1.7,1235,-1.3,2.93,0.0,0.0,Spring,No Holiday,Yes
3109,09/04/2018,6.76849321164863,13,12.4,32,1.7,1441,-3.8,3.06,0.0,0.0,Spring,No Holiday,Yes
3110,09/04/2018,6.826545223556594,14,13.9,26,2.5,1537,-5.3,2.99,0.0,0.0,Spring,No Holiday,Yes
3111,09/04/2018,6.946013991099227,15,14.2,24,1.8,1743,-6.1,2.6,0.0,0.0,Spring,No Holiday,Yes
3112,09/04/2018,7.078341579557671,16,15.3,24,1.5,1534,-5.1,2.0,0.0,0.0,Spring,No Holiday,Yes
3113,09/04/2018,7.299797366758161,17,15.3,26,0.9,1257,-4.1,1.39,0.0,0.0,Spring,No Holiday,Yes
3114,09/04/2018,7.784057002639929,18,14.8,24,1.3,1514,-5.6,0.69,0.0,0.0,Spring,No Holiday,Yes
3115,09/04/2018,7.3777589082278725,19,13.4,33,1.2,1356,-2.5,0.15,0.0,0.0,Spring,No Holiday,Yes
3116,09/04/2018,7.217443431696533,20,11.7,34,0.9,1393,-3.6,0.0,0.0,0.0,Spring,No Holiday,Yes
3117,09/04/2018,7.117205503164344,21,10.3,38,0.5,1433,-3.4,0.0,0.0,0.0,Spring,No Holiday,Yes
3118,09/04/2018,6.975413927455952,22,9.6,41,0.5,1428,-3.0,0.0,0.0,0.0,Spring,No Holiday,Yes
3119,09/04/2018,6.436150368369428,23,9.6,43,1.2,1333,-2.3,0.0,0.0,0.0,Spring,No Holiday,Yes
3120,10/04/2018,6.186208623900494,0,9.0,46,1.2,1259,-2.0,0.0,0.0,0.0,Spring,No Holiday,Yes
3121,10/04/2018,5.932245187448011,1,9.0,44,1.0,1314,-2.6,0.0,0.0,0.0,Spring,No Holiday,Yes
3122,10/04/2018,5.5254529391317835,2,8.8,43,1.0,1490,-3.1,0.0,0.0,0.0,Spring,No Holiday,Yes
3123,10/04/2018,5.0106352940962555,3,8.1,48,0.8,1455,-2.2,0.0,0.0,0.0,Spring,No Holiday,Yes
3124,10/04/2018,4.634728988229636,4,7.5,48,1.0,1458,-2.8,0.0,0.0,0.0,Spring,No Holiday,Yes
3125,10/04/2018,4.820281565605037,5,7.1,53,0.8,1392,-1.8,0.0,0.0,0.0,Spring,No Holiday,Yes
3126,10/04/2018,5.916202062607435,6,6.9,51,0.9,1546,-2.5,0.0,0.0,0.0,Spring,No Holiday,Yes
3127,10/04/2018,6.889591308354466,7,7.2,50,1.1,1454,-2.5,0.1,0.0,0.0,Spring,No Holiday,Yes
3128,10/04/2018,7.440146680662688,8,9.6,38,1.4,1527,-4.0,0.58,0.0,0.0,Spring,No Holiday,Yes
3129,10/04/2018,6.890609120147166,9,11.9,35,1.1,1664,-3.1,0.95,0.0,0.0,Spring,No Holiday,Yes
3130,10/04/2018,6.556778356158042,10,15.2,31,1.6,1757,-1.8,1.84,0.0,0.0,Spring,No Holiday,Yes
3131,10/04/2018,6.733401891837359,11,18.5,27,1.3,1610,-0.8,2.59,0.0,0.0,Spring,No Holiday,Yes
3132,10/04/2018,6.931471805599453,12,20.5,37,4.6,1761,5.2,2.94,0.0,0.0,Spring,No Holiday,Yes
3133,10/04/2018,6.875232087276577,13,21.9,34,5.1,1861,5.3,2.77,0.0,0.0,Spring,No Holiday,Yes
3134,10/04/2018,6.81783057145415,14,21.2,35,7.4,1992,5.1,1.8,0.0,0.0,Spring,No Holiday,Yes
3135,10/04/2018,6.839476438228843,15,21.4,33,4.8,1998,4.4,1.63,0.0,0.0,Spring,No Holiday,Yes
3136,10/04/2018,6.985641817639208,16,20.9,34,5.8,2000,4.4,1.37,0.0,0.0,Spring,No Holiday,Yes
3137,10/04/2018,6.912742820493176,17,20.6,39,5.6,2000,6.1,0.74,0.0,0.0,Spring,No Holiday,Yes
3138,10/04/2018,7.498869733976931,18,19.7,52,7.2,2000,9.5,0.2,0.0,0.0,Spring,No Holiday,Yes
3139,10/04/2018,7.050989447068045,19,19.2,55,5.8,2000,9.9,0.01,0.0,0.0,Spring,No Holiday,Yes
3140,10/04/2018,5.820082930352362,20,19.1,58,6.1,2000,10.6,0.0,0.0,0.0,Spring,No Holiday,Yes
3141,10/04/2018,4.897839799950911,21,17.5,70,7.3,1634,11.9,0.0,0.5,0.0,Spring,No Holiday,Yes
3142,10/04/2018,4.330733340286331,22,15.8,83,5.4,691,12.9,0.0,1.5,0.0,Spring,No Holiday,Yes
3143,10/04/2018,5.3612921657094255,23,15.1,83,4.1,1147,12.2,0.0,3.0,0.0,Spring,No Holiday,Yes
3144,11/04/2018,0.0,0,14.4,82,4.6,1041,11.3,0.0,0.0,0.0,Spring,No Holiday,No
3145,11/04/2018,0.0,1,13.6,81,3.6,886,10.3,0.0,0.0,0.0,Spring,No Holiday,No
3146,11/04/2018,0.0,2,12.7,80,3.9,885,9.3,0.0,0.0,0.0,Spring,No Holiday,No
3147,11/04/2018,0.0,3,11.6,81,3.1,687,8.4,0.0,0.0,0.0,Spring,No Holiday,No
3148,11/04/2018,0.0,4,10.2,83,3.5,554,7.4,0.0,0.0,0.0,Spring,No Holiday,No
3149,11/04/2018,0.0,5,9.7,84,1.7,447,7.1,0.0,0.0,0.0,Spring,No Holiday,No
3150,11/04/2018,0.0,6,9.0,86,2.0,442,6.7,0.0,0.0,0.0,Spring,No Holiday,No
3151,11/04/2018,0.0,7,8.8,85,1.1,438,6.4,0.11,0.0,0.0,Spring,No Holiday,No
3152,11/04/2018,0.0,8,9.7,77,1.6,519,5.8,0.68,0.0,0.0,Spring,No Holiday,No
3153,11/04/2018,0.0,9,11.8,59,2.1,975,4.0,1.44,0.0,0.0,Spring,No Holiday,No
3154,11/04/2018,0.0,10,13.3,51,4.1,1487,3.3,2.17,0.0,0.0,Spring,No Holiday,No
3155,11/04/2018,0.0,11,14.9,44,4.0,1468,2.7,2.75,0.0,0.0,Spring,No Holiday,No
3156,11/04/2018,0.0,12,15.7,46,3.9,1132,4.0,3.05,0.0,0.0,Spring,No Holiday,No
3157,11/04/2018,0.0,13,15.6,38,4.7,1558,1.3,3.32,0.0,0.0,Spring,No Holiday,No
3158,11/04/2018,0.0,14,16.4,28,3.4,1804,-2.1,3.16,0.0,0.0,Spring,No Holiday,No
3159,11/04/2018,0.0,15,17.0,28,3.5,1804,-1.6,2.9,0.0,0.0,Spring,No Holiday,No
3160,11/04/2018,0.0,16,16.9,23,4.4,1938,-4.4,2.39,0.0,0.0,Spring,No Holiday,No
3161,11/04/2018,0.0,17,16.2,22,4.1,2000,-5.5,1.73,0.0,0.0,Spring,No Holiday,No
3162,11/04/2018,0.0,18,15.2,21,2.9,2000,-7.0,0.94,0.0,0.0,Spring,No Holiday,No
3163,11/04/2018,0.0,19,13.2,28,2.9,2000,-4.9,0.22,0.0,0.0,Spring,No Holiday,No
3164,11/04/2018,0.0,20,11.9,33,2.0,2000,-3.8,0.0,0.0,0.0,Spring,No Holiday,No
3165,11/04/2018,0.0,21,11.0,34,2.1,2000,-4.2,0.0,0.0,0.0,Spring,No Holiday,No
3166,11/04/2018,0.0,22,10.3,42,1.0,1923,-2.0,0.0,0.0,0.0,Spring,No Holiday,No
3167,11/04/2018,0.0,23,9.7,45,2.0,1969,-1.6,0.0,0.0,0.0,Spring,No Holiday,No
3168,12/04/2018,6.22455842927536,0,9.5,40,2.4,1987,-3.4,0.0,0.0,0.0,Spring,No Holiday,Yes
3169,12/04/2018,5.926926025970411,1,8.9,40,2.1,2000,-3.9,0.0,0.0,0.0,Spring,No Holiday,Yes
3170,12/04/2018,5.598421958998375,2,8.1,45,1.0,2000,-3.1,0.0,0.0,0.0,Spring,No Holiday,Yes
3171,12/04/2018,5.209486152841421,3,7.8,49,1.4,1972,-2.2,0.0,0.0,0.0,Spring,No Holiday,Yes
3172,12/04/2018,4.59511985013459,4,7.5,53,1.0,1701,-1.4,0.0,0.0,0.0,Spring,No Holiday,Yes
3173,12/04/2018,4.976733742420574,5,7.1,57,0.8,1746,-0.8,0.0,0.0,0.0,Spring,No Holiday,Yes
3174,12/04/2018,5.929589143389895,6,7.1,55,1.8,1780,-1.3,0.0,0.0,0.0,Spring,No Holiday,Yes
3175,12/04/2018,6.961296045910167,7,7.6,54,1.7,1690,-1.1,0.13,0.0,0.0,Spring,No Holiday,Yes
3176,12/04/2018,7.489970898834801,8,8.9,48,1.1,1444,-1.5,0.69,0.0,0.0,Spring,No Holiday,Yes
3177,12/04/2018,6.859614903654202,9,11.5,43,1.7,1818,-0.6,1.43,0.0,0.0,Spring,No Holiday,Yes
3178,12/04/2018,6.532334292222349,10,13.8,39,2.3,1659,0.0,2.09,0.0,0.0,Spring,No Holiday,Yes
3179,12/04/2018,6.721425700790643,11,16.2,30,2.4,1700,-1.4,2.68,0.0,0.0,Spring,No Holiday,Yes
3180,12/04/2018,6.877296071497429,12,17.5,20,4.6,2000,-5.7,3.07,0.0,0.0,Spring,No Holiday,Yes
3181,12/04/2018,6.937314081223682,13,18.1,18,5.1,1939,-6.6,3.2,0.0,0.0,Spring,No Holiday,Yes
3182,12/04/2018,6.898714534329988,14,18.8,27,4.9,1888,-0.6,3.13,0.0,0.0,Spring,No Holiday,Yes
3183,12/04/2018,6.980075940561763,15,19.4,24,3.9,2000,-1.7,2.86,0.0,0.0,Spring,No Holiday,Yes
3184,12/04/2018,7.149916836132109,16,18.8,23,4.2,1956,-2.7,2.39,0.0,0.0,Spring,No Holiday,Yes
3185,12/04/2018,7.417580402414544,17,18.6,22,3.7,1978,-3.5,1.72,0.0,0.0,Spring,No Holiday,Yes
3186,12/04/2018,7.7664168980196555,18,17.9,16,3.7,2000,-8.3,0.92,0.0,0.0,Spring,No Holiday,Yes
3187,12/04/2018,7.403670290012373,19,15.9,14,2.8,2000,-11.6,0.25,0.0,0.0,Spring,No Holiday,Yes
3188,12/04/2018,7.1853870155804165,20,14.2,15,2.6,2000,-12.1,0.0,0.0,0.0,Spring,No Holiday,Yes
3189,12/04/2018,7.124478262493424,21,13.4,15,2.7,2000,-12.7,0.0,0.0,0.0,Spring,No Holiday,Yes
3190,12/04/2018,7.04141166379481,22,13.5,15,2.2,2000,-12.6,0.0,0.0,0.0,Spring,No Holiday,Yes
3191,12/04/2018,6.650279048587422,23,12.6,16,1.7,2000,-12.6,0.0,0.0,0.0,Spring,No Holiday,Yes
3192,13/04/2018,6.26530121273771,0,11.4,22,1.5,2000,-9.6,0.0,0.0,0.0,Spring,No Holiday,Yes
3193,13/04/2018,6.07073772800249,1,10.0,23,0.7,2000,-10.2,0.0,0.0,0.0,Spring,No Holiday,Yes
3194,13/04/2018,5.552959584921617,2,9.7,23,1.4,2000,-10.4,0.0,0.0,0.0,Spring,No Holiday,Yes
3195,13/04/2018,5.123963979403259,3,9.9,27,1.3,2000,-8.2,0.0,0.0,0.0,Spring,No Holiday,Yes
3196,13/04/2018,4.727387818712341,4,9.7,29,1.8,2000,-7.5,0.0,0.0,0.0,Spring,No Holiday,Yes
3197,13/04/2018,5.056245805348308,5,9.1,34,0.9,2000,-5.9,0.0,0.0,0.0,Spring,No Holiday,Yes
3198,13/04/2018,5.910796644040527,6,8.3,35,0.3,2000,-6.2,0.0,0.0,0.0,Spring,No Holiday,Yes
3199,13/04/2018,6.907755278982137,7,8.8,33,1.2,2000,-6.6,0.11,0.0,0.0,Spring,No Holiday,Yes
3200,13/04/2018,7.451241684987676,8,10.6,27,1.1,2000,-7.6,0.39,0.0,0.0,Spring,No Holiday,Yes
3201,13/04/2018,6.890609120147166,9,13.2,22,1.1,2000,-8.0,0.93,0.0,0.0,Spring,No Holiday,Yes
3202,13/04/2018,6.60934924316738,10,15.7,18,1.6,1980,-8.6,1.66,0.0,0.0,Spring,No Holiday,Yes
3203,13/04/2018,6.7661917146603505,11,16.9,15,1.7,1994,-9.9,1.8,0.0,0.0,Spring,No Holiday,Yes
3204,13/04/2018,6.999422467507961,12,18.2,15,1.6,2000,-8.9,2.27,0.0,0.0,Spring,No Holiday,Yes
3205,13/04/2018,6.881411303642535,13,19.0,15,1.4,2000,-8.2,2.02,0.0,0.0,Spring,No Holiday,Yes
3206,13/04/2018,6.96979066990159,14,18.7,14,1.6,2000,-9.3,1.25,0.0,0.0,Spring,No Holiday,Yes
3207,13/04/2018,7.011213987350367,15,18.6,15,0.9,1991,-8.5,0.81,0.0,0.0,Spring,No Holiday,Yes
3208,13/04/2018,7.147559271189454,16,18.3,16,1.0,2000,-7.9,0.7,0.0,0.0,Spring,No Holiday,Yes
3209,13/04/2018,7.416378479192928,17,18.1,16,1.4,2000,-8.1,0.45,0.0,0.0,Spring,No Holiday,Yes
3210,13/04/2018,7.785305182539862,18,17.5,18,1.3,2000,-7.1,0.23,0.0,0.0,Spring,No Holiday,Yes
3211,13/04/2018,7.403670290012373,19,16.9,19,0.5,2000,-6.9,0.06,0.0,0.0,Spring,No Holiday,Yes
3212,13/04/2018,7.215239978730097,20,16.2,22,0.9,2000,-5.5,0.0,0.0,0.0,Spring,No Holiday,Yes
3213,13/04/2018,7.179307969504034,21,16.4,24,2.9,1983,-4.2,0.0,0.0,0.0,Spring,No Holiday,Yes
3214,13/04/2018,7.072421900537371,22,16.3,25,2.0,2000,-3.7,0.0,0.0,0.0,Spring,No Holiday,Yes
3215,13/04/2018,6.745236349484363,23,15.5,27,3.5,2000,-3.4,0.0,0.0,0.0,Spring,No Holiday,Yes
3216,14/04/2018,6.499787040655854,0,14.8,27,2.1,2000,-4.0,0.0,0.0,0.0,Spring,No Holiday,Yes
3217,14/04/2018,6.2422232654551655,1,14.1,25,1.8,2000,-5.6,0.0,0.0,0.0,Spring,No Holiday,Yes
3218,14/04/2018,5.537334267018537,2,13.5,27,1.6,2000,-5.1,0.0,0.0,0.0,Spring,No Holiday,Yes
3219,14/04/2018,4.143134726391533,3,12.1,41,1.0,2000,-0.7,0.0,0.2,0.0,Spring,No Holiday,Yes
3220,14/04/2018,3.6888794541139363,4,10.3,72,1.0,2000,5.4,0.0,0.8,0.0,Spring,No Holiday,Yes
3221,14/04/2018,3.044522437723423,5,9.5,76,0.8,1962,5.4,0.0,0.0,0.0,Spring,No Holiday,Yes
3222,14/04/2018,2.5649493574615367,6,8.7,80,1.1,1518,5.4,0.0,1.0,0.0,Spring,No Holiday,Yes
3223,14/04/2018,2.9444389791664403,7,8.2,88,0.7,607,6.3,0.01,2.0,0.0,Spring,No Holiday,Yes
3224,14/04/2018,2.8903717578961645,8,7.7,88,1.4,516,5.8,0.08,1.0,0.0,Spring,No Holiday,Yes
3225,14/04/2018,2.8903717578961645,9,7.5,94,1.5,506,6.5,0.15,1.5,0.0,Spring,No Holiday,Yes
3226,14/04/2018,3.784189633918261,10,7.7,94,1.0,685,6.7,0.28,1.5,0.0,Spring,No Holiday,Yes
3227,14/04/2018,3.970291913552122,11,8.1,94,1.2,802,7.1,0.39,0.5,0.0,Spring,No Holiday,Yes
3228,14/04/2018,4.330733340286331,12,8.6,94,1.1,389,7.6,0.49,0.0,0.0,Spring,No Holiday,Yes
3229,14/04/2018,4.2626798770413155,13,8.8,93,1.7,597,7.7,0.38,0.0,0.0,Spring,No Holiday,Yes
3230,14/04/2018,4.812184355372417,14,8.9,94,1.3,1129,7.9,0.29,0.5,0.0,Spring,No Holiday,Yes
3231,14/04/2018,5.318119993844216,15,8.6,88,3.2,1211,6.7,0.17,0.0,0.0,Spring,No Holiday,Yes
3232,14/04/2018,6.100318952020064,16,8.9,87,1.8,2000,6.8,0.32,0.0,0.0,Spring,No Holiday,Yes
3233,14/04/2018,6.516193076042964,17,9.3,81,2.4,2000,6.1,0.52,0.0,0.0,Spring,No Holiday,Yes
3234,14/04/2018,6.561030665896573,18,9.6,79,1.8,2000,6.1,0.39,0.0,0.0,Spring,No Holiday,Yes
3235,14/04/2018,6.418364935936212,19,9.5,76,2.3,2000,5.4,0.02,0.0,0.0,Spring,No Holiday,Yes
3236,14/04/2018,6.46302945692067,20,9.4,76,2.6,1376,5.3,0.0,0.0,0.0,Spring,No Holiday,Yes
3237,14/04/2018,6.452048954437226,21,9.1,76,3.5,1113,5.0,0.0,0.0,0.0,Spring,No Holiday,Yes
3238,14/04/2018,6.375024819828097,22,8.8,77,3.2,1258,4.9,0.0,0.0,0.0,Spring,No Holiday,Yes
3239,14/04/2018,6.222576268071369,23,8.4,77,3.8,1662,4.5,0.0,0.0,0.0,Spring,No Holiday,Yes
3240,15/04/2018,6.16541785423142,0,7.8,78,1.8,1741,4.1,0.0,0.0,0.0,Spring,No Holiday,Yes
3241,15/04/2018,5.857933154483459,1,7.1,78,3.6,1662,3.5,0.0,0.0,0.0,Spring,No Holiday,Yes
3242,15/04/2018,5.541263545158426,2,6.7,80,2.8,1342,3.4,0.0,0.0,0.0,Spring,No Holiday,Yes
3243,15/04/2018,5.214935757608986,3,6.4,83,2.3,1158,3.7,0.0,0.0,0.0,Spring,No Holiday,Yes
3244,15/04/2018,4.709530201312334,4,6.0,84,1.7,951,3.4,0.0,0.0,0.0,Spring,No Holiday,Yes
3245,15/04/2018,4.189654742026425,5,5.8,85,1.3,829,3.4,0.0,0.0,0.0,Spring,No Holiday,Yes
3246,15/04/2018,4.634728988229636,6,5.6,85,1.2,769,3.2,0.0,0.0,0.0,Spring,No Holiday,Yes
3247,15/04/2018,5.4116460518550396,7,5.8,83,1.1,733,3.1,0.15,0.0,0.0,Spring,No Holiday,Yes
3248,15/04/2018,5.996452088619021,8,7.0,78,0.9,656,3.4,0.56,0.0,0.0,Spring,No Holiday,Yes
3249,15/04/2018,6.2422232654551655,9,8.6,66,1.7,881,2.5,1.16,0.0,0.0,Spring,No Holiday,Yes
3250,15/04/2018,6.368187186350492,10,10.3,62,2.1,914,3.3,1.76,0.0,0.0,Spring,No Holiday,Yes
3251,15/04/2018,6.682108597449809,11,11.8,57,2.6,1041,3.5,2.18,0.0,0.0,Spring,No Holiday,Yes
3252,15/04/2018,7.00850518208228,12,12.5,53,3.4,1324,3.1,2.52,0.0,0.0,Spring,No Holiday,Yes
3253,15/04/2018,7.114769448366463,13,13.5,46,3.4,1325,2.0,2.71,0.0,0.0,Spring,No Holiday,Yes
3254,15/04/2018,6.988413181999592,14,13.7,50,3.7,1218,3.4,2.3,0.0,0.0,Spring,No Holiday,Yes
3255,15/04/2018,4.143134726391533,15,13.1,54,4.1,1264,3.9,1.98,0.0,0.0,Spring,No Holiday,Yes
3256,15/04/2018,4.8283137373023015,16,12.0,61,3.6,1374,4.6,0.57,0.0,0.0,Spring,No Holiday,Yes
3257,15/04/2018,3.7612001156935624,17,11.8,60,2.9,1457,4.2,0.6,0.0,0.0,Spring,No Holiday,Yes
3258,15/04/2018,5.840641657373398,18,11.9,58,2.2,1645,3.8,0.61,0.0,0.0,Spring,No Holiday,Yes
3259,15/04/2018,5.762051382780177,19,11.0,62,2.1,1661,3.9,0.19,0.0,0.0,Spring,No Holiday,Yes
3260,15/04/2018,5.697093486505405,20,10.3,62,2.0,1749,3.3,0.0,0.0,0.0,Spring,No Holiday,Yes
3261,15/04/2018,6.142037405587356,21,9.6,66,1.7,1850,3.5,0.0,0.0,0.0,Spring,No Holiday,Yes
3262,15/04/2018,6.431331081933479,22,9.0,65,1.7,1953,2.7,0.0,0.0,0.0,Spring,No Holiday,Yes
3263,15/04/2018,6.148468295917647,23,8.6,69,2.2,1730,3.2,0.0,0.0,0.0,Spring,No Holiday,Yes
3264,16/04/2018,5.996452088619021,0,8.3,59,2.1,1912,0.7,0.0,0.0,0.0,Spring,No Holiday,Yes
3265,16/04/2018,5.424950017481403,1,7.6,62,1.2,1885,0.7,0.0,0.0,0.0,Spring,No Holiday,Yes
3266,16/04/2018,4.844187086458591,2,7.1,64,0.9,1756,0.7,0.0,0.0,0.0,Spring,No Holiday,Yes
3267,16/04/2018,4.68213122712422,3,6.4,67,1.4,1668,0.7,0.0,0.0,0.0,Spring,No Holiday,Yes
3268,16/04/2018,4.330733340286331,4,5.9,68,0.7,1590,0.4,0.0,0.0,0.0,Spring,No Holiday,Yes
3269,16/04/2018,4.890349128221754,5,5.3,73,0.8,1474,0.8,0.0,0.0,0.0,Spring,No Holiday,Yes
3270,16/04/2018,6.0063531596017325,6,5.0,70,0.7,1739,0.0,0.0,0.0,0.0,Spring,No Holiday,Yes
3271,16/04/2018,6.956545443151569,7,5.0,67,1.0,1774,-0.6,0.18,0.0,0.0,Spring,No Holiday,Yes
3272,16/04/2018,7.446585099157725,8,6.9,54,0.7,1706,-1.7,0.85,0.0,0.0,Spring,No Holiday,Yes
3273,16/04/2018,6.827629234502852,9,10.1,42,0.8,1911,-2.2,1.57,0.0,0.0,Spring,No Holiday,Yes
3274,16/04/2018,6.55250788703459,10,12.4,34,1.2,1943,-3.0,2.24,0.0,0.0,Spring,No Holiday,Yes
3275,16/04/2018,6.752270376141742,11,14.1,32,1.3,2000,-2.3,2.67,0.0,0.0,Spring,No Holiday,Yes
3276,16/04/2018,6.959398512133975,12,15.5,33,2.5,1893,-0.7,3.1,0.0,0.0,Spring,No Holiday,Yes
3277,16/04/2018,6.881411303642535,13,16.6,30,2.3,1876,-1.0,3.21,0.0,0.0,Spring,No Holiday,Yes
3278,16/04/2018,6.92461239604856,14,18.0,28,1.6,1820,-0.8,3.11,0.0,0.0,Spring,No Holiday,Yes
3279,16/04/2018,7.044032897274685,15,18.4,25,2.0,1809,-2.0,2.8,0.0,0.0,Spring,No Holiday,Yes
3280,16/04/2018,7.2813856635702825,16,18.5,24,3.0,1773,-2.4,2.27,0.0,0.0,Spring,No Holiday,Yes
3281,16/04/2018,7.469654172932128,17,18.7,21,2.5,1871,-4.1,1.65,0.0,0.0,Spring,No Holiday,Yes
3282,16/04/2018,7.898411092811599,18,17.0,28,3.1,2000,-1.6,0.88,0.0,0.0,Spring,No Holiday,Yes
3283,16/04/2018,7.450079569807499,19,13.8,32,3.4,1992,-2.6,0.26,0.0,0.0,Spring,No Holiday,Yes
3284,16/04/2018,7.312553498102598,20,12.1,35,2.4,1954,-2.9,0.0,0.0,0.0,Spring,No Holiday,Yes
3285,16/04/2018,7.212294468500341,21,11.1,39,1.5,1734,-2.3,0.0,0.0,0.0,Spring,No Holiday,Yes
3286,16/04/2018,7.003065458786462,22,10.8,33,0.9,2000,-4.8,0.0,0.0,0.0,Spring,No Holiday,Yes
3287,16/04/2018,6.598509028614515,23,9.7,33,0.4,2000,-5.8,0.0,0.0,0.0,Spring,No Holiday,Yes
3288,17/04/2018,6.222576268071369,0,9.6,31,0.8,2000,-6.7,0.0,0.0,0.0,Spring,No Holiday,Yes
3289,17/04/2018,6.045005314036012,1,9.0,36,1.0,1994,-5.3,0.0,0.0,0.0,Spring,No Holiday,Yes
3290,17/04/2018,5.472270673671475,2,8.4,45,0.9,1987,-2.8,0.0,0.0,0.0,Spring,No Holiday,Yes
3291,17/04/2018,5.10594547390058,3,7.8,49,1.0,1975,-2.2,0.0,0.0,0.0,Spring,No Holiday,Yes
3292,17/04/2018,4.709530201312334,4,7.6,52,0.4,1935,-1.6,0.0,0.0,0.0,Spring,No Holiday,Yes
3293,17/04/2018,4.969813299576001,5,7.4,56,0.6,1746,-0.8,0.0,0.0,0.0,Spring,No Holiday,Yes
3294,17/04/2018,6.008813185442595,6,6.9,57,0.5,1775,-1.0,0.0,0.0,0.0,Spring,No Holiday,Yes
3295,17/04/2018,7.00397413672268,7,6.9,57,1.1,1633,-1.0,0.18,0.0,0.0,Spring,No Holiday,Yes
3296,17/04/2018,7.560601162768557,8,8.7,49,0.8,1520,-1.4,0.68,0.0,0.0,Spring,No Holiday,Yes
3297,17/04/2018,6.921658184151129,9,12.0,39,0.6,1386,-1.5,1.44,0.0,0.0,Spring,No Holiday,Yes
3298,17/04/2018,6.595780513961311,10,14.7,31,1.1,1240,-2.2,2.04,0.0,0.0,Spring,No Holiday,Yes
3299,17/04/2018,6.71295620067707,11,16.9,27,1.5,1354,-2.2,2.66,0.0,0.0,Spring,No Holiday,Yes
3300,17/04/2018,7.014814351275545,12,18.0,26,2.2,1459,-1.8,3.03,0.0,0.0,Spring,No Holiday,Yes
3301,17/04/2018,6.915723448631314,13,19.1,26,2.5,1134,-0.8,3.16,0.0,0.0,Spring,No Holiday,Yes
3302,17/04/2018,6.945051063725834,14,19.8,23,2.6,1472,-1.9,3.01,0.0,0.0,Spring,No Holiday,Yes
3303,17/04/2018,7.02197642307216,15,19.9,26,3.5,1628,-0.1,2.8,0.0,0.0,Spring,No Holiday,Yes
3304,17/04/2018,7.180069874302796,16,19.5,28,3.0,1605,0.4,2.24,0.0,0.0,Spring,No Holiday,Yes
3305,17/04/2018,7.398174092970465,17,18.3,29,4.3,1626,0.0,1.61,0.0,0.0,Spring,No Holiday,Yes
3306,17/04/2018,7.454719949364001,18,17.1,31,3.3,1501,-0.1,0.93,0.0,0.0,Spring,No Holiday,Yes
3307,17/04/2018,7.213031659834869,19,14.5,31,3.1,1558,-2.4,0.25,0.0,0.0,Spring,No Holiday,Yes
3308,17/04/2018,7.1631723908466425,20,12.5,31,3.8,1746,-4.2,0.0,0.0,0.0,Spring,No Holiday,Yes
3309,17/04/2018,7.186144304522325,21,11.7,31,2.6,1617,-4.9,0.0,0.0,0.0,Spring,No Holiday,Yes
3310,17/04/2018,6.977281341630747,22,11.0,34,1.2,1529,-4.2,0.0,0.0,0.0,Spring,No Holiday,Yes
3311,17/04/2018,6.523562306149512,23,10.1,41,1.1,1509,-2.5,0.0,0.0,0.0,Spring,No Holiday,Yes
3312,18/04/2018,6.246106765481563,0,9.6,44,2.2,1417,-2.0,0.0,0.0,0.0,Spring,No Holiday,Yes
3313,18/04/2018,5.929589143389895,1,8.9,45,2.1,1456,-2.4,0.0,0.0,0.0,Spring,No Holiday,Yes
3314,18/04/2018,5.564520407322694,2,8.7,44,1.6,1684,-2.8,0.0,0.0,0.0,Spring,No Holiday,Yes
3315,18/04/2018,5.10594547390058,3,7.9,45,0.7,1770,-3.3,0.0,0.0,0.0,Spring,No Holiday,Yes
3316,18/04/2018,4.663439094112067,4,7.2,49,0.8,1546,-2.8,0.0,0.0,0.0,Spring,No Holiday,Yes
3317,18/04/2018,5.043425116919247,5,6.7,50,1.6,1774,-3.0,0.0,0.0,0.0,Spring,No Holiday,Yes
3318,18/04/2018,5.981414211254481,6,6.2,52,0.8,1609,-2.9,0.0,0.0,0.0,Spring,No Holiday,Yes
3319,18/04/2018,6.988413181999592,7,6.4,51,1.0,1398,-3.0,0.19,0.0,0.0,Spring,No Holiday,Yes
3320,18/04/2018,7.504391559161238,8,8.3,36,0.6,1335,-5.9,0.82,0.0,0.0,Spring,No Holiday,Yes
3321,18/04/2018,6.895682697747868,9,11.2,31,1.7,1299,-5.3,1.59,0.0,0.0,Spring,No Holiday,Yes
3322,18/04/2018,6.635946555686647,10,13.7,26,2.3,1476,-5.4,2.25,0.0,0.0,Spring,No Holiday,Yes
3323,18/04/2018,6.740519359606223,11,15.5,22,1.4,1762,-6.1,2.82,0.0,0.0,Spring,No Holiday,Yes
3324,18/04/2018,6.954638864880987,12,16.5,17,3.3,1819,-8.6,3.13,0.0,0.0,Spring,No Holiday,Yes
3325,18/04/2018,6.883462586413092,13,17.7,16,2.8,1824,-8.4,3.27,0.0,0.0,Spring,No Holiday,Yes
3326,18/04/2018,6.875232087276577,14,18.9,15,1.8,1822,-8.3,3.17,0.0,0.0,Spring,No Holiday,Yes
3327,18/04/2018,7.047517221357296,15,19.0,21,3.3,1716,-3.8,2.88,0.0,0.0,Spring,No Holiday,Yes
3328,18/04/2018,7.205635176410364,16,18.5,22,2.7,1515,-3.6,2.27,0.0,0.0,Spring,No Holiday,Yes
3329,18/04/2018,7.461065514354283,17,17.8,26,3.3,1439,-1.9,1.63,0.0,0.0,Spring,No Holiday,Yes
3330,18/04/2018,7.5595594960077,18,16.6,33,3.4,1182,0.2,0.86,0.0,0.0,Spring,No Holiday,Yes
3331,18/04/2018,6.736966958001855,19,14.7,40,2.4,1207,1.2,0.21,0.0,0.0,Spring,No Holiday,Yes
3332,18/04/2018,7.205635176410364,20,13.0,41,2.3,1164,0.0,0.0,0.0,0.0,Spring,No Holiday,Yes
3333,18/04/2018,7.098375638590786,21,12.1,40,2.0,1308,-1.1,0.0,0.0,0.0,Spring,No Holiday,Yes
3334,18/04/2018,6.911747300251674,22,11.3,42,1.6,1189,-1.1,0.0,0.0,0.0,Spring,No Holiday,Yes
3335,18/04/2018,6.51025834052315,23,10.7,42,0.9,1236,-1.7,0.0,0.0,0.0,Spring,No Holiday,Yes
3336,19/04/2018,6.255750041753367,0,9.8,44,1.4,1268,-1.8,0.0,0.0,0.0,Spring,No Holiday,Yes
3337,19/04/2018,3.7612001156935624,1,9.3,45,0.8,1263,-2.0,0.0,0.0,0.0,Spring,No Holiday,Yes
3338,19/04/2018,5.641907070938114,2,8.8,49,0.7,1272,-1.3,0.0,0.0,0.0,Spring,No Holiday,Yes
3339,19/04/2018,5.332718793265369,3,8.6,53,1.5,1185,-0.4,0.0,0.0,0.0,Spring,No Holiday,Yes
3340,19/04/2018,4.836281906951478,4,8.3,53,1.1,1007,-0.7,0.0,0.0,0.0,Spring,No Holiday,Yes
3341,19/04/2018,5.0369526024136295,5,7.9,59,1.4,1005,0.3,0.0,0.0,0.0,Spring,No Holiday,Yes
3342,19/04/2018,5.908082938168931,6,7.6,55,1.2,1021,-0.8,0.0,0.0,0.0,Spring,No Holiday,Yes
3343,19/04/2018,5.541263545158426,7,7.7,48,0.4,1110,-2.6,0.19,0.0,0.0,Spring,No Holiday,Yes
3344,19/04/2018,3.044522437723423,8,9.6,39,0.8,1003,-3.7,0.79,0.0,0.0,Spring,No Holiday,Yes
3345,19/04/2018,5.75890177387728,9,12.4,29,1.5,1380,-5.1,1.49,0.0,0.0,Spring,No Holiday,Yes
3346,19/04/2018,4.941642422609304,10,14.7,29,1.7,1070,-3.1,2.07,0.0,0.0,Spring,No Holiday,Yes
3347,19/04/2018,6.679599185844383,11,16.1,23,2.5,1361,-5.0,2.52,0.0,0.0,Spring,No Holiday,Yes
3348,19/04/2018,6.824373670043086,12,17.8,21,2.7,1335,-4.8,2.79,0.0,0.0,Spring,No Holiday,Yes
3349,19/04/2018,6.836259277277067,13,19.2,17,2.2,1448,-6.4,2.89,0.0,0.0,Spring,No Holiday,Yes
3350,19/04/2018,6.904750769961838,14,20.5,17,3.1,1512,-5.4,2.83,0.0,0.0,Spring,No Holiday,Yes
3351,19/04/2018,6.946975992135418,15,20.2,21,4.8,1161,-2.8,2.53,0.0,0.0,Spring,No Holiday,Yes
3352,19/04/2018,7.089243155027514,16,19.8,25,4.4,1132,-0.8,2.02,0.0,0.0,Spring,No Holiday,Yes
3353,19/04/2018,7.336285660021297,17,20.1,27,1.9,1088,0.4,1.38,0.0,0.0,Spring,No Holiday,Yes
3354,19/04/2018,7.695757990554761,18,19.1,31,3.0,958,1.5,0.7,0.0,0.0,Spring,No Holiday,Yes
3355,19/04/2018,7.306531398939505,19,17.4,34,2.2,779,1.3,0.16,0.0,0.0,Spring,No Holiday,Yes
3356,19/04/2018,7.1808311990445555,20,15.5,38,1.7,745,1.2,0.0,0.0,0.0,Spring,No Holiday,Yes
3357,19/04/2018,7.061334366910438,21,14.2,44,2.4,1290,2.1,0.0,0.0,0.0,Spring,No Holiday,Yes
3358,19/04/2018,6.961296045910167,22,13.4,49,1.1,1326,2.8,0.0,0.0,0.0,Spring,No Holiday,Yes
3359,19/04/2018,6.519147287940395,23,12.9,51,1.7,1200,2.9,0.0,0.0,0.0,Spring,No Holiday,Yes
3360,20/04/2018,6.317164686747284,0,12.4,56,0.5,1028,3.8,0.0,0.0,0.0,Spring,No Holiday,Yes
3361,20/04/2018,6.07993319509559,1,11.8,60,0.2,918,4.2,0.0,0.0,0.0,Spring,No Holiday,Yes
3362,20/04/2018,5.723585101952381,2,11.7,63,0.5,904,4.8,0.0,0.0,0.0,Spring,No Holiday,Yes
3363,20/04/2018,5.241747015059643,3,11.3,61,0.3,934,4.0,0.0,0.0,0.0,Spring,No Holiday,Yes
3364,20/04/2018,4.90527477843843,4,11.4,60,0.8,932,3.8,0.0,0.0,0.0,Spring,No Holiday,Yes
3365,20/04/2018,5.1298987149230735,5,11.4,60,0.4,851,3.8,0.0,0.0,0.0,Spring,No Holiday,Yes
3366,20/04/2018,6.028278520230698,6,11.2,63,0.7,821,4.4,0.0,0.0,0.0,Spring,No Holiday,Yes
3367,20/04/2018,6.887552571664617,7,11.3,62,0.7,774,4.2,0.17,0.0,0.0,Spring,No Holiday,Yes
3368,20/04/2018,7.414572881350589,8,13.0,54,1.2,738,3.8,0.68,0.0,0.0,Spring,No Holiday,Yes
3369,20/04/2018,6.870053411798126,9,15.8,42,0.9,683,2.8,1.37,0.0,0.0,Spring,No Holiday,Yes
3370,20/04/2018,6.5638555265321274,10,18.2,36,1.0,620,2.8,1.99,0.0,0.0,Spring,No Holiday,Yes
3371,20/04/2018,6.692083742506628,11,20.6,34,2.2,705,4.1,2.51,0.0,0.0,Spring,No Holiday,Yes
3372,20/04/2018,6.927557906278317,12,22.5,33,1.8,894,5.4,2.88,0.0,0.0,Spring,No Holiday,Yes
3373,20/04/2018,6.881411303642535,13,24.2,30,1.5,835,5.5,3.03,0.0,0.0,Spring,No Holiday,Yes
3374,20/04/2018,6.878326468291325,14,25.9,28,2.2,808,5.9,2.92,0.0,0.0,Spring,No Holiday,Yes
3375,20/04/2018,6.985641817639208,15,26.1,27,1.8,581,5.6,2.59,0.0,0.0,Spring,No Holiday,Yes
3376,20/04/2018,7.095893221097532,16,25.7,30,3.4,600,6.8,2.07,0.0,0.0,Spring,No Holiday,Yes
3377,20/04/2018,7.342131730584722,17,25.6,30,2.3,671,6.7,1.47,0.0,0.0,Spring,No Holiday,Yes
3378,20/04/2018,7.727094484779841,18,24.7,33,2.3,687,7.3,0.78,0.0,0.0,Spring,No Holiday,Yes
3379,20/04/2018,7.364547014255642,19,22.9,35,1.8,714,6.6,0.22,0.0,0.0,Spring,No Holiday,Yes
3380,20/04/2018,7.214504414151143,20,21.1,43,1.8,788,8.0,0.0,0.0,0.0,Spring,No Holiday,Yes
3381,20/04/2018,7.101675971619444,21,19.2,50,1.5,842,8.5,0.0,0.0,0.0,Spring,No Holiday,Yes
3382,20/04/2018,7.076653815443951,22,18.2,52,1.3,818,8.1,0.0,0.0,0.0,Spring,No Holiday,Yes
3383,20/04/2018,6.79346613258001,23,17.3,57,0.6,807,8.6,0.0,0.0,0.0,Spring,No Holiday,Yes
3384,21/04/2018,6.56244409369372,0,16.3,59,0.2,756,8.2,0.0,0.0,0.0,Spring,No Holiday,Yes
3385,21/04/2018,6.444131256700441,1,15.5,60,1.1,658,7.7,0.0,0.0,0.0,Spring,No Holiday,Yes
3386,21/04/2018,6.07993319509559,2,14.7,63,1.8,611,7.7,0.0,0.0,0.0,Spring,No Holiday,Yes
3387,21/04/2018,5.730099782973574,3,14.2,62,1.4,583,7.0,0.0,0.0,0.0,Spring,No Holiday,Yes
3388,21/04/2018,5.117993812416755,4,13.6,67,1.6,521,7.5,0.0,0.0,0.0,Spring,No Holiday,Yes
3389,21/04/2018,4.812184355372417,5,13.0,70,0.5,385,7.6,0.0,0.0,0.0,Spring,No Holiday,Yes
3390,21/04/2018,5.220355825078324,6,12.3,67,0.5,483,6.3,0.0,0.0,0.0,Spring,No Holiday,Yes
3391,21/04/2018,5.783825182329737,7,12.5,68,1.1,457,6.7,0.22,0.0,0.0,Spring,No Holiday,Yes
3392,21/04/2018,6.398594934535208,8,14.6,54,0.9,431,5.3,0.89,0.0,0.0,Spring,No Holiday,Yes
3393,21/04/2018,6.473890696352274,9,18.1,33,1.1,512,1.5,1.61,0.0,0.0,Spring,No Holiday,Yes
3394,21/04/2018,6.555356891810665,10,20.6,24,2.0,950,-0.7,2.29,0.0,0.0,Spring,No Holiday,Yes
3395,21/04/2018,6.771935555839602,11,23.1,19,2.0,1172,-1.8,2.85,0.0,0.0,Spring,No Holiday,Yes
3396,21/04/2018,7.030857476116121,12,24.3,14,3.3,1701,-4.9,3.19,0.0,0.0,Spring,No Holiday,Yes
3397,21/04/2018,7.182352111885263,13,24.6,10,2.7,2000,-9.0,3.31,0.0,0.0,Spring,No Holiday,Yes
3398,21/04/2018,7.321188556739478,14,25.0,14,3.8,1858,-4.3,3.29,0.0,0.0,Spring,No Holiday,Yes
3399,21/04/2018,7.456454555176209,15,25.0,13,4.1,2000,-5.3,2.98,0.0,0.0,Spring,No Holiday,Yes
3400,21/04/2018,7.57198844937744,16,24.8,13,3.3,1955,-5.5,2.5,0.0,0.0,Spring,No Holiday,Yes
3401,21/04/2018,7.617267813628347,17,23.2,12,3.6,2000,-7.8,1.69,0.0,0.0,Spring,No Holiday,Yes
3402,21/04/2018,7.594381242551817,18,22.2,11,3.0,2000,-9.7,0.98,0.0,0.0,Spring,No Holiday,Yes
3403,21/04/2018,7.445417556701687,19,20.7,15,2.0,2000,-6.9,0.34,0.0,0.0,Spring,No Holiday,Yes
3404,21/04/2018,7.366445148327599,20,19.1,18,1.2,2000,-5.8,0.0,0.0,0.0,Spring,No Holiday,Yes
3405,21/04/2018,7.307872780763706,21,17.8,21,1.2,2000,-4.8,0.0,0.0,0.0,Spring,No Holiday,Yes
3406,21/04/2018,7.164720378771857,22,16.7,28,1.0,1996,-1.9,0.0,0.0,0.0,Spring,No Holiday,Yes
3407,21/04/2018,6.8966943316227125,23,16.0,33,0.5,1996,-0.2,0.0,0.0,0.0,Spring,No Holiday,Yes
3408,22/04/2018,6.717804695023691,0,15.9,35,0.3,1995,0.4,0.0,0.0,0.0,Spring,No Holiday,Yes
3409,22/04/2018,6.361302477572996,1,15.9,39,0.2,2000,1.9,0.0,0.0,0.0,Spring,No Holiday,Yes
3410,22/04/2018,6.018593214496234,2,15.4,41,0.5,1319,2.1,0.0,0.0,0.0,Spring,No Holiday,Yes
3411,22/04/2018,5.66988092298052,3,15.2,31,0.3,2000,-1.8,0.0,0.0,0.0,Spring,No Holiday,Yes
3412,22/04/2018,5.262690188904886,4,14.9,35,0.8,2000,-0.4,0.0,0.0,0.0,Spring,No Holiday,Yes
3413,22/04/2018,4.919980925828125,5,14.8,38,0.6,2000,0.5,0.0,0.0,0.0,Spring,No Holiday,Yes
3414,22/04/2018,5.049856007249537,6,14.6,42,0.5,2000,1.8,0.0,0.0,0.0,Spring,No Holiday,Yes
3415,22/04/2018,5.631211781821365,7,15.0,41,0.3,2000,1.8,0.12,0.0,0.0,Spring,No Holiday,Yes
3416,22/04/2018,6.063785208687608,8,16.3,40,0.8,1982,2.6,0.25,0.0,0.0,Spring,No Holiday,Yes
3417,22/04/2018,5.5134287461649825,9,16.9,45,0.9,1958,4.8,0.27,0.0,0.0,Spring,No Holiday,Yes
3418,22/04/2018,6.18826412308259,10,16.3,62,0.8,1639,8.9,0.27,0.3,0.0,Spring,No Holiday,Yes
3419,22/04/2018,6.052089168924417,11,17.4,54,0.9,1840,7.9,0.51,0.0,0.0,Spring,No Holiday,Yes
3420,22/04/2018,6.448889394146858,12,18.9,44,0.9,1910,6.3,0.75,0.0,0.0,Spring,No Holiday,Yes
3421,22/04/2018,6.736966958001855,13,20.5,35,1.1,2000,4.4,1.13,0.0,0.0,Spring,No Holiday,Yes
3422,22/04/2018,5.953243334287785,14,20.7,32,1.5,1996,3.3,0.69,0.0,0.0,Spring,No Holiday,Yes
3423,22/04/2018,5.459585514144159,15,19.6,44,2.4,1885,7.0,0.47,0.2,0.0,Spring,No Holiday,Yes
3424,22/04/2018,4.6443908991413725,16,19.1,52,0.9,1583,9.0,0.37,0.0,0.0,Spring,No Holiday,Yes
3425,22/04/2018,3.8501476017100584,17,17.9,65,1.2,965,11.2,0.13,1.0,0.0,Spring,No Holiday,Yes
3426,22/04/2018,4.1588830833596715,18,16.1,73,1.3,1298,11.2,0.11,0.5,0.0,Spring,No Holiday,Yes
3427,22/04/2018,3.4965075614664802,19,15.2,64,1.7,1185,8.4,0.02,0.5,0.0,Spring,No Holiday,Yes
3428,22/04/2018,2.5649493574615367,20,13.3,80,1.8,821,9.9,0.0,1.5,0.0,Spring,No Holiday,Yes
3429,22/04/2018,3.2188758248682006,21,12.0,86,2.3,681,9.7,0.0,2.5,0.0,Spring,No Holiday,Yes
3430,22/04/2018,2.6390573296152584,22,11.6,89,2.0,469,9.8,0.0,4.0,0.0,Spring,No Holiday,Yes
3431,22/04/2018,2.9444389791664403,23,11.3,94,1.6,368,10.3,0.0,3.0,0.0,Spring,No Holiday,Yes
3432,23/04/2018,4.406719247264253,0,10.7,94,2.6,477,9.7,0.0,2.0,0.0,Spring,No Holiday,Yes
3433,23/04/2018,3.7376696182833684,1,10.6,87,2.3,1523,8.5,0.0,0.1,0.0,Spring,No Holiday,Yes
3434,23/04/2018,3.091042453358316,2,10.2,90,2.2,490,8.6,0.0,0.9,0.0,Spring,No Holiday,Yes
3435,23/04/2018,2.1972245773362196,3,9.9,93,2.3,990,8.8,0.0,0.5,0.0,Spring,No Holiday,Yes
3436,23/04/2018,1.0986122886681098,4,9.5,95,2.4,410,8.7,0.0,3.5,0.0,Spring,No Holiday,Yes
3437,23/04/2018,1.9459101490553132,5,9.2,95,2.3,404,8.4,0.0,2.5,0.0,Spring,No Holiday,Yes
3438,23/04/2018,1.791759469228055,6,9.1,95,2.7,373,8.3,0.0,7.0,0.0,Spring,No Holiday,Yes
3439,23/04/2018,2.8903717578961645,7,9.0,95,2.3,294,8.2,0.0,6.0,0.0,Spring,No Holiday,Yes
3440,23/04/2018,3.258096538021482,8,8.8,95,2.8,519,8.0,0.03,5.0,0.0,Spring,No Holiday,Yes
3441,23/04/2018,2.302585092994046,9,8.5,95,2.6,447,7.7,0.1,8.0,0.0,Spring,No Holiday,Yes
3442,23/04/2018,2.5649493574615367,10,8.6,95,2.5,578,7.8,0.2,4.0,0.0,Spring,No Holiday,Yes
3443,23/04/2018,2.3978952727983707,11,8.9,91,2.2,437,7.5,0.29,1.5,0.0,Spring,No Holiday,Yes
3444,23/04/2018,2.3978952727983707,12,9.0,96,1.9,481,8.3,0.43,5.5,0.0,Spring,No Holiday,Yes
3445,23/04/2018,2.4849066497880004,13,9.3,95,2.3,419,8.5,0.4,2.5,0.0,Spring,No Holiday,Yes
3446,23/04/2018,2.8903717578961645,14,9.4,96,2.6,304,8.7,0.39,4.0,0.0,Spring,No Holiday,Yes
3447,23/04/2018,2.70805020110221,15,9.5,96,2.2,350,8.8,0.31,1.5,0.0,Spring,No Holiday,Yes
3448,23/04/2018,3.7376696182833684,16,9.6,96,1.7,1409,8.9,0.23,1.0,0.0,Spring,No Holiday,Yes
3449,23/04/2018,3.7612001156935624,17,9.4,95,1.9,660,8.6,0.11,0.5,0.0,Spring,No Holiday,Yes
3450,23/04/2018,3.6888794541139363,18,9.4,96,1.9,600,8.7,0.07,1.0,0.0,Spring,No Holiday,Yes
3451,23/04/2018,3.9318256327243257,19,9.4,95,1.8,531,8.6,0.03,1.5,0.0,Spring,No Holiday,Yes
3452,23/04/2018,3.6375861597263857,20,9.4,95,1.6,740,8.6,0.0,1.0,0.0,Spring,No Holiday,Yes
3453,23/04/2018,4.418840607796598,21,9.4,94,2.1,869,8.4,0.0,1.5,0.0,Spring,No Holiday,Yes
3454,23/04/2018,5.10594547390058,22,9.6,90,1.9,2000,8.0,0.0,0.0,0.0,Spring,No Holiday,Yes
3455,23/04/2018,5.455321115357702,23,9.8,87,1.9,2000,7.7,0.0,0.0,0.0,Spring,No Holiday,Yes
3456,24/04/2018,5.365976015021851,0,9.8,86,1.3,2000,7.5,0.0,0.0,0.0,Spring,No Holiday,Yes
3457,24/04/2018,5.062595033026967,1,10.1,83,1.6,2000,7.3,0.0,0.0,0.0,Spring,No Holiday,Yes
3458,24/04/2018,4.23410650459726,2,10.1,83,1.4,2000,7.3,0.0,0.1,0.0,Spring,No Holiday,Yes
3459,24/04/2018,3.58351893845611,3,9.6,94,1.3,523,8.6,0.0,2.4,0.0,Spring,No Holiday,Yes
3460,24/04/2018,3.5553480614894135,4,9.5,94,1.2,2000,8.5,0.0,0.5,0.0,Spring,No Holiday,Yes
3461,24/04/2018,4.356708826689592,5,9.4,93,1.3,2000,8.3,0.0,0.0,0.0,Spring,No Holiday,Yes
3462,24/04/2018,5.572154032177765,6,9.6,87,2.0,2000,7.5,0.0,0.0,0.0,Spring,No Holiday,Yes
3463,24/04/2018,6.62273632394984,7,9.8,84,1.3,2000,7.2,0.04,0.0,0.0,Spring,No Holiday,Yes
3464,24/04/2018,7.315218389752975,8,10.5,79,1.3,2000,7.0,0.29,0.0,0.0,Spring,No Holiday,Yes
3465,24/04/2018,6.703188113240863,9,12.0,71,1.4,2000,6.8,0.92,0.0,0.0,Spring,No Holiday,Yes
3466,24/04/2018,6.459904454377535,10,12.9,68,1.3,2000,7.1,0.97,0.0,0.0,Spring,No Holiday,Yes
3467,24/04/2018,6.566672429803241,11,14.1,62,1.6,2000,6.9,1.08,0.0,0.0,Spring,No Holiday,Yes
3468,24/04/2018,6.8308742346461795,12,15.2,57,1.9,2000,6.7,1.33,0.0,0.0,Spring,No Holiday,Yes
3469,24/04/2018,6.828712071641684,13,15.9,53,2.1,2000,6.3,1.54,0.0,0.0,Spring,No Holiday,Yes
3470,24/04/2018,6.849066282633458,14,16.0,52,1.7,2000,6.1,1.22,0.0,0.0,Spring,No Holiday,Yes
3471,24/04/2018,6.879355804460439,15,16.1,52,1.5,2000,6.2,0.93,0.0,0.0,Spring,No Holiday,Yes
3472,24/04/2018,7.020190708311925,16,15.5,52,1.7,2000,5.6,0.7,0.0,0.0,Spring,No Holiday,Yes
3473,24/04/2018,7.288244401020124,17,15.1,52,1.9,2000,5.3,0.64,0.0,0.0,Spring,No Holiday,Yes
3474,24/04/2018,7.7488913372555315,18,14.1,43,1.6,2000,1.6,0.36,0.0,0.0,Spring,No Holiday,Yes
3475,24/04/2018,7.365812837209472,19,13.3,37,1.2,2000,-1.1,0.12,0.0,0.0,Spring,No Holiday,Yes
3476,24/04/2018,7.195187320178709,20,12.6,49,0.8,2000,2.1,0.0,0.0,0.0,Spring,No Holiday,Yes
3477,24/04/2018,7.224753405767971,21,11.5,47,1.1,2000,0.5,0.0,0.0,0.0,Spring,No Holiday,Yes
3478,24/04/2018,7.103322062526113,22,10.4,43,0.7,2000,-1.6,0.0,0.0,0.0,Spring,No Holiday,Yes
3479,24/04/2018,6.587550014824796,23,9.6,44,0.7,2000,-2.0,0.0,0.0,0.0,Spring,No Holiday,Yes
3480,25/04/2018,6.285998094508865,0,8.9,55,0.7,2000,0.3,0.0,0.0,0.0,Spring,No Holiday,Yes
3481,25/04/2018,6.09807428216624,1,8.4,58,1.1,2000,0.6,0.0,0.0,0.0,Spring,No Holiday,Yes
3482,25/04/2018,5.726847747587197,2,7.7,60,0.3,1993,0.4,0.0,0.0,0.0,Spring,No Holiday,Yes
3483,25/04/2018,5.332718793265369,3,7.1,60,0.3,2000,-0.1,0.0,0.0,0.0,Spring,No Holiday,Yes
3484,25/04/2018,4.770684624465665,4,6.4,66,0.5,2000,0.4,0.0,0.0,0.0,Spring,No Holiday,Yes
3485,25/04/2018,5.003946305945459,5,6.0,63,0.5,1984,-0.5,0.0,0.0,0.0,Spring,No Holiday,Yes
3486,25/04/2018,6.1092475827643655,6,5.8,55,0.3,2000,-2.5,0.0,0.0,0.0,Spring,No Holiday,Yes
3487,25/04/2018,7.024649030453636,7,6.4,51,0.3,1963,-3.0,0.27,0.0,0.0,Spring,No Holiday,Yes
3488,25/04/2018,7.550135342488429,8,8.8,37,0.9,1939,-5.1,0.89,0.0,0.0,Spring,No Holiday,Yes
3489,25/04/2018,6.9726062513017535,9,11.7,32,0.8,1862,-4.4,1.6,0.0,0.0,Spring,No Holiday,Yes
3490,25/04/2018,6.6293632534374485,10,14.8,29,0.6,1749,-3.0,2.2,0.0,0.0,Spring,No Holiday,Yes
3491,25/04/2018,6.844815479208263,11,17.5,25,1.3,1843,-2.7,2.74,0.0,0.0,Spring,No Holiday,Yes
3492,25/04/2018,7.084226422097916,12,19.4,20,1.1,1663,-4.1,3.08,0.0,0.0,Spring,No Holiday,Yes
3493,25/04/2018,7.040536390215956,13,20.8,23,1.7,1467,-1.1,3.18,0.0,0.0,Spring,No Holiday,Yes
3494,25/04/2018,7.057897937411856,14,22.1,22,2.1,1470,-0.6,3.12,0.0,0.0,Spring,No Holiday,Yes
3495,25/04/2018,7.074116816197362,15,22.8,21,2.1,1542,-0.6,2.75,0.0,0.0,Spring,No Holiday,Yes
3496,25/04/2018,7.277938572945661,16,23.1,19,3.1,1871,-1.8,2.26,0.0,0.0,Spring,No Holiday,Yes
3497,25/04/2018,7.538494999413465,17,22.9,23,2.8,1985,0.6,1.64,0.0,0.0,Spring,No Holiday,Yes
3498,25/04/2018,7.940227765145702,18,21.2,32,3.8,1927,3.8,0.94,0.0,0.0,Spring,No Holiday,Yes
3499,25/04/2018,7.580189417944541,19,18.2,36,3.5,2000,2.8,0.29,0.0,0.0,Spring,No Holiday,Yes
3500,25/04/2018,7.409741954080923,20,16.8,29,4.3,1971,-1.3,0.01,0.0,0.0,Spring,No Holiday,Yes
3501,25/04/2018,7.374001859350161,21,15.9,35,1.4,1999,0.4,0.0,0.0,0.0,Spring,No Holiday,Yes
3502,25/04/2018,7.232010331664759,22,15.2,35,1.2,1999,-0.1,0.0,0.0,0.0,Spring,No Holiday,Yes
3503,25/04/2018,6.810142450115136,23,14.0,45,0.6,1901,2.2,0.0,0.0,0.0,Spring,No Holiday,Yes
3504,26/04/2018,6.541029999189903,0,13.1,47,0.3,1877,2.0,0.0,0.0,0.0,Spring,No Holiday,Yes
3505,26/04/2018,6.304448802421981,1,12.4,55,1.0,1836,3.5,0.0,0.0,0.0,Spring,No Holiday,Yes
3506,26/04/2018,6.016157159698354,2,11.9,57,1.0,1793,3.6,0.0,0.0,0.0,Spring,No Holiday,Yes
3507,26/04/2018,5.480638923341991,3,11.3,66,1.0,1506,5.1,0.0,0.0,0.0,Spring,No Holiday,Yes
3508,26/04/2018,4.948759890378168,4,10.7,70,0.7,1404,5.4,0.0,0.0,0.0,Spring,No Holiday,Yes
3509,26/04/2018,5.198497031265826,5,10.2,73,0.8,1137,5.5,0.0,0.0,0.0,Spring,No Holiday,Yes
3510,26/04/2018,6.115892125483034,6,10.0,72,0.8,1217,5.1,0.01,0.0,0.0,Spring,No Holiday,Yes
3511,26/04/2018,7.025538314638521,7,10.7,68,0.8,1093,5.0,0.27,0.0,0.0,Spring,No Holiday,Yes
3512,26/04/2018,7.56734567601324,8,11.7,62,0.6,956,4.6,0.62,0.0,0.0,Spring,No Holiday,Yes
3513,26/04/2018,6.93537044601511,9,14.0,54,1.5,1054,4.8,1.37,0.0,0.0,Spring,No Holiday,Yes
3514,26/04/2018,6.61472560020376,10,16.7,47,2.2,1147,5.3,2.26,0.0,0.0,Spring,No Holiday,Yes
3515,26/04/2018,6.836259277277067,11,18.1,42,2.7,1112,4.9,2.17,0.0,0.0,Spring,No Holiday,Yes
3516,26/04/2018,7.088408778675395,12,19.6,36,2.2,962,4.1,2.55,0.0,0.0,Spring,No Holiday,Yes
3517,26/04/2018,6.98933526597456,13,20.6,30,2.4,1048,2.3,2.67,0.0,0.0,Spring,No Holiday,Yes
3518,26/04/2018,7.024649030453636,14,21.6,28,3.1,1414,2.2,2.84,0.0,0.0,Spring,No Holiday,Yes
3519,26/04/2018,7.113142108707088,15,21.9,23,2.6,1463,-0.1,2.66,0.0,0.0,Spring,No Holiday,Yes
3520,26/04/2018,7.234898420314831,16,21.7,23,2.5,1404,-0.3,1.97,0.0,0.0,Spring,No Holiday,Yes
3521,26/04/2018,7.493873886783559,17,20.7,30,3.3,1482,2.4,1.48,0.0,0.0,Spring,No Holiday,Yes
3522,26/04/2018,7.853604813097837,18,17.4,45,3.1,1092,5.3,0.75,0.0,0.0,Spring,No Holiday,Yes
3523,26/04/2018,7.545389749611823,19,15.2,45,3.3,1138,3.3,0.24,0.0,0.0,Spring,No Holiday,Yes
3524,26/04/2018,7.3343293503005365,20,14.4,50,2.7,1216,4.0,0.01,0.0,0.0,Spring,No Holiday,Yes
3525,26/04/2018,7.277938572945661,21,13.4,60,2.2,1517,5.7,0.0,0.0,0.0,Spring,No Holiday,Yes
3526,26/04/2018,7.044905117129371,22,12.7,61,2.2,1949,5.3,0.0,0.0,0.0,Spring,No Holiday,Yes
3527,26/04/2018,6.747586526829315,23,12.1,58,1.9,1719,4.0,0.0,0.0,0.0,Spring,No Holiday,Yes
3528,27/04/2018,6.498282149476434,0,11.8,59,2.4,1535,4.0,0.0,0.0,0.0,Spring,No Holiday,Yes
3529,27/04/2018,6.333279628139691,1,11.5,57,1.8,1471,3.2,0.0,0.0,0.0,Spring,No Holiday,Yes
3530,27/04/2018,5.8916442118257715,2,11.2,58,1.4,1255,3.2,0.0,0.0,0.0,Spring,No Holiday,Yes
3531,27/04/2018,5.556828061699537,3,10.7,63,1.1,989,3.9,0.0,0.0,0.0,Spring,No Holiday,Yes
3532,27/04/2018,4.948759890378168,4,10.2,65,1.5,970,3.9,0.0,0.0,0.0,Spring,No Holiday,Yes
3533,27/04/2018,5.14166355650266,5,9.9,69,1.1,808,4.4,0.0,0.0,0.0,Spring,No Holiday,Yes
3534,27/04/2018,6.059123195581797,6,9.9,66,1.5,931,3.8,0.0,0.0,0.0,Spring,No Holiday,Yes
3535,27/04/2018,7.029972911706386,7,10.1,63,0.7,1163,3.3,0.22,0.0,0.0,Spring,No Holiday,Yes
3536,27/04/2018,7.56164174558878,8,11.6,58,1.4,1150,3.6,0.79,0.0,0.0,Spring,No Holiday,Yes
3537,27/04/2018,6.893656354602635,9,13.2,57,0.8,1003,4.8,1.39,0.0,0.0,Spring,No Holiday,Yes
3538,27/04/2018,6.672032945461067,10,15.3,50,1.0,944,4.9,1.97,0.0,0.0,Spring,No Holiday,Yes
3539,27/04/2018,6.894670039433482,11,17.7,44,1.5,945,5.2,2.51,0.0,0.0,Spring,No Holiday,Yes
3540,27/04/2018,7.04141166379481,12,19.5,40,1.1,1055,5.5,2.89,0.0,0.0,Spring,No Holiday,Yes
3541,27/04/2018,7.033506484287697,13,21.0,36,1.0,1164,5.3,2.99,0.0,0.0,Spring,No Holiday,Yes
3542,27/04/2018,7.017506142941256,14,22.2,32,2.8,1124,4.7,2.91,0.0,0.0,Spring,No Holiday,Yes
3543,27/04/2018,7.134093721192866,15,22.7,29,1.6,1223,3.7,2.66,0.0,0.0,Spring,No Holiday,Yes
3544,27/04/2018,7.277247726631484,16,23.2,33,2.4,869,6.0,2.12,0.0,0.0,Spring,No Holiday,Yes
3545,27/04/2018,7.537962659768208,17,21.8,41,3.0,662,7.9,1.44,0.0,0.0,Spring,No Holiday,Yes
3546,27/04/2018,7.8547691834991324,18,20.3,47,2.5,705,8.6,0.77,0.0,0.0,Spring,No Holiday,Yes
3547,27/04/2018,7.502738210754851,19,18.7,53,2.7,753,8.9,0.24,0.0,0.0,Spring,No Holiday,Yes
3548,27/04/2018,7.313220387090301,20,16.9,41,3.1,1060,3.5,0.0,0.0,0.0,Spring,No Holiday,Yes
3549,27/04/2018,7.217443431696533,21,15.7,51,1.9,806,5.5,0.0,0.0,0.0,Spring,No Holiday,Yes
3550,27/04/2018,7.153833801578843,22,14.7,63,1.4,554,7.7,0.0,0.0,0.0,Spring,No Holiday,Yes
3551,27/04/2018,6.883462586413092,23,14.0,66,1.2,519,7.7,0.0,0.0,0.0,Spring,No Holiday,Yes
3552,28/04/2018,6.656726524178391,0,13.3,70,1.6,473,7.9,0.0,0.0,0.0,Spring,No Holiday,Yes
3553,28/04/2018,6.511745329644728,1,12.7,74,1.8,392,8.1,0.0,0.0,0.0,Spring,No Holiday,Yes
3554,28/04/2018,6.259581464064923,2,12.0,76,1.0,363,7.8,0.0,0.0,0.0,Spring,No Holiday,Yes
3555,28/04/2018,5.786897381366708,3,11.6,76,1.0,364,7.5,0.0,0.0,0.0,Spring,No Holiday,Yes
3556,28/04/2018,5.117993812416755,4,11.4,78,1.8,362,7.6,0.0,0.0,0.0,Spring,No Holiday,Yes
3557,28/04/2018,5.030437921392435,5,10.9,81,1.7,348,7.7,0.0,0.0,0.0,Spring,No Holiday,Yes
3558,28/04/2018,5.442417710521793,6,10.6,84,1.1,284,8.0,0.0,0.0,0.0,Spring,No Holiday,Yes
3559,28/04/2018,5.932245187448011,7,10.8,78,0.5,335,7.1,0.26,0.0,0.0,Spring,No Holiday,Yes
3560,28/04/2018,6.473890696352274,8,12.7,67,0.6,378,6.7,0.86,0.0,0.0,Spring,No Holiday,Yes
3561,28/04/2018,6.679599185844383,9,15.1,56,1.7,493,6.3,1.57,0.0,0.0,Spring,No Holiday,Yes
3562,28/04/2018,6.695798917058491,10,17.4,46,1.8,734,5.6,2.27,0.0,0.0,Spring,No Holiday,Yes
3563,28/04/2018,6.90875477931522,11,19.0,30,3.0,1719,1.0,2.84,0.0,0.0,Spring,No Holiday,Yes
3564,28/04/2018,7.153833801578843,12,20.5,31,2.5,1485,2.7,3.18,0.0,0.0,Spring,No Holiday,Yes
3565,28/04/2018,7.247792581767846,13,21.2,31,2.8,1295,3.3,3.25,0.0,0.0,Spring,No Holiday,Yes
3566,28/04/2018,7.37650812632622,14,21.3,25,3.8,1884,0.4,3.22,0.0,0.0,Spring,No Holiday,Yes
3567,28/04/2018,7.53689712956617,15,21.1,25,4.1,1885,0.2,2.96,0.0,0.0,Spring,No Holiday,Yes
3568,28/04/2018,7.57353126274595,16,20.4,25,4.7,1990,-0.3,2.45,0.0,0.0,Spring,No Holiday,Yes
3569,28/04/2018,7.622663951323595,17,20.1,29,3.3,1840,1.4,1.78,0.0,0.0,Spring,No Holiday,Yes
3570,28/04/2018,7.5406215286571525,18,18.9,30,2.6,1995,0.9,1.05,0.0,0.0,Spring,No Holiday,Yes
3571,28/04/2018,7.372118028337787,19,16.9,33,1.3,1965,0.5,0.34,0.0,0.0,Spring,No Holiday,Yes
3572,28/04/2018,7.269616749608169,20,15.1,34,2.2,1981,-0.6,0.01,0.0,0.0,Spring,No Holiday,Yes
3573,28/04/2018,7.20934025660291,21,13.9,37,1.1,1751,-0.5,0.0,0.0,0.0,Spring,No Holiday,Yes
3574,28/04/2018,7.061334366910438,22,13.0,45,1.6,1713,1.3,0.0,0.0,0.0,Spring,No Holiday,Yes
3575,28/04/2018,6.80903930604298,23,12.3,51,1.0,1648,2.4,0.0,0.0,0.0,Spring,No Holiday,Yes
3576,29/04/2018,6.673297967767654,0,11.7,53,1.4,1620,2.4,0.0,0.0,0.0,Spring,No Holiday,Yes
3577,29/04/2018,6.318968113746434,1,11.2,57,1.6,1533,2.9,0.0,0.0,0.0,Spring,No Holiday,Yes
3578,29/04/2018,6.054439346269371,2,10.9,56,1.2,1460,2.4,0.0,0.0,0.0,Spring,No Holiday,Yes
3579,29/04/2018,5.575949103146316,3,10.6,60,1.0,1163,3.1,0.0,0.0,0.0,Spring,No Holiday,Yes
3580,29/04/2018,5.214935757608986,4,10.3,63,0.7,1277,3.5,0.0,0.0,0.0,Spring,No Holiday,Yes
3581,29/04/2018,4.9344739331306915,5,9.7,63,1.1,1304,2.9,0.0,0.0,0.0,Spring,No Holiday,Yes
3582,29/04/2018,5.214935757608986,6,9.5,65,1.0,1325,3.2,0.01,0.0,0.0,Spring,No Holiday,Yes
3583,29/04/2018,5.730099782973574,7,9.9,59,0.7,1707,2.2,0.25,0.0,0.0,Spring,No Holiday,Yes
3584,29/04/2018,6.186208623900494,8,12.2,50,0.8,1412,2.0,0.84,0.0,0.0,Spring,No Holiday,Yes
3585,29/04/2018,6.57507584059962,9,14.9,39,0.9,1354,1.0,1.56,0.0,0.0,Spring,No Holiday,Yes
3586,29/04/2018,6.669498089857879,10,17.5,35,1.8,1570,1.8,2.26,0.0,0.0,Spring,No Holiday,Yes
3587,29/04/2018,6.966967138613983,11,19.6,28,2.0,1695,0.5,2.79,0.0,0.0,Spring,No Holiday,Yes
3588,29/04/2018,7.226936018493289,12,20.5,31,2.6,1299,2.7,2.79,0.0,0.0,Spring,No Holiday,Yes
3589,29/04/2018,7.400009517162692,13,21.9,27,2.2,1055,2.0,3.35,0.0,0.0,Spring,No Holiday,Yes
3590,29/04/2018,7.503840746698951,14,21.6,28,3.3,1172,2.2,2.93,0.0,0.0,Spring,No Holiday,Yes
3591,29/04/2018,7.61085279039525,15,22.8,24,3.3,1138,1.1,2.79,0.0,0.0,Spring,No Holiday,Yes
3592,29/04/2018,7.623153068476902,16,22.2,23,3.7,1183,0.0,2.28,0.0,0.0,Spring,No Holiday,Yes
3593,29/04/2018,7.647308832356238,17,21.9,28,3.1,1023,2.5,1.6,0.0,0.0,Spring,No Holiday,Yes
3594,29/04/2018,7.576097340623111,18,20.1,28,3.2,1114,1.0,0.89,0.0,0.0,Spring,No Holiday,Yes
3595,29/04/2018,7.44600149832412,19,18.1,38,2.8,932,3.5,0.16,0.0,0.0,Spring,No Holiday,Yes
3596,29/04/2018,7.303843225277705,20,16.9,42,2.7,942,3.8,0.0,0.0,0.0,Spring,No Holiday,Yes
3597,29/04/2018,7.232010331664759,21,16.1,44,1.2,913,3.8,0.0,0.0,0.0,Spring,No Holiday,Yes
3598,29/04/2018,7.029087564149662,22,15.6,43,2.3,1016,3.0,0.0,0.0,0.0,Spring,No Holiday,Yes
3599,29/04/2018,6.710523109452428,23,15.2,51,1.0,858,5.1,0.0,0.0,0.0,Spring,No Holiday,Yes
3600,30/04/2018,6.345636360828596,0,14.7,54,1.3,718,5.4,0.0,0.0,0.0,Spring,No Holiday,Yes
3601,30/04/2018,5.8944028342648505,1,14.4,60,1.7,580,6.7,0.0,0.0,0.0,Spring,No Holiday,Yes
3602,30/04/2018,5.5093883366279774,2,14.1,62,1.2,502,6.9,0.0,0.0,0.0,Spring,No Holiday,Yes
3603,30/04/2018,5.062595033026967,3,14.3,61,1.0,475,6.8,0.0,0.0,0.0,Spring,No Holiday,Yes
3604,30/04/2018,4.890349128221754,4,14.6,57,1.2,495,6.1,0.0,0.0,0.0,Spring,No Holiday,Yes
3605,30/04/2018,5.225746673713202,5,14.8,63,0.7,492,7.8,0.0,0.0,0.0,Spring,No Holiday,Yes
3606,30/04/2018,5.986452005284438,6,14.9,64,0.5,424,8.1,0.0,0.0,0.0,Spring,No Holiday,Yes
3607,30/04/2018,6.98100574072173,7,15.1,78,1.5,354,11.2,0.06,0.0,0.0,Spring,No Holiday,Yes
3608,30/04/2018,7.491087593534876,8,15.8,73,0.5,357,10.9,0.39,0.0,0.0,Spring,No Holiday,Yes
3609,30/04/2018,6.891625897052253,9,17.5,65,1.0,416,10.8,1.0,0.0,0.0,Spring,No Holiday,Yes
3610,30/04/2018,6.610696044717759,10,19.5,54,1.1,451,9.9,1.88,0.0,0.0,Spring,No Holiday,Yes
3611,30/04/2018,6.804614520062624,11,20.3,52,0.9,468,10.1,1.96,0.0,0.0,Spring,No Holiday,Yes
3612,30/04/2018,6.9985096422506015,12,22.2,50,2.0,564,11.2,2.65,0.0,0.0,Spring,No Holiday,Yes
3613,30/04/2018,6.927557906278317,13,23.3,45,1.8,684,10.6,2.96,0.0,0.0,Spring,No Holiday,Yes
3614,30/04/2018,6.962243464266207,14,24.0,47,2.3,520,11.9,2.87,0.0,0.0,Spring,No Holiday,Yes
3615,30/04/2018,7.063903961472068,15,24.1,48,2.7,419,12.3,2.47,0.0,0.0,Spring,No Holiday,Yes
3616,30/04/2018,7.20414929203594,16,24.8,45,1.8,549,12.0,2.05,0.0,0.0,Spring,No Holiday,Yes
3617,30/04/2018,7.442492722794441,17,24.0,53,3.5,536,13.8,1.39,0.0,0.0,Spring,No Holiday,Yes
3618,30/04/2018,7.847371836159788,18,23.0,54,2.9,679,13.1,0.81,0.0,0.0,Spring,No Holiday,Yes
3619,30/04/2018,7.632885505395133,19,21.2,65,2.9,559,14.3,0.25,0.0,0.0,Spring,No Holiday,Yes
3620,30/04/2018,7.440733707389261,20,20.0,69,2.4,533,14.1,0.0,0.0,0.0,Spring,No Holiday,Yes
3621,30/04/2018,7.445417556701687,21,19.1,73,1.2,413,14.1,0.0,0.0,0.0,Spring,No Holiday,Yes
3622,30/04/2018,7.284134806195205,22,18.4,78,1.6,377,14.4,0.0,0.0,0.0,Spring,No Holiday,Yes
3623,30/04/2018,6.951772164398911,23,17.9,79,0.4,323,14.1,0.0,0.0,0.0,Spring,No Holiday,Yes
3624,01/05/2018,6.663132695990803,0,18.3,78,0.8,349,14.3,0.0,0.0,0.0,Spring,Holiday,Yes
3625,01/05/2018,6.559615237493242,1,18.3,83,1.1,451,15.3,0.0,0.0,0.0,Spring,Holiday,Yes
3626,01/05/2018,6.282266746896006,2,18.2,85,0.8,355,15.6,0.0,0.0,0.0,Spring,Holiday,Yes
3627,01/05/2018,5.840641657373398,3,18.1,85,1.0,284,15.5,0.0,0.0,0.0,Spring,Holiday,Yes
3628,01/05/2018,5.236441962829949,4,18.0,85,0.3,275,15.4,0.0,0.0,0.0,Spring,Holiday,Yes
3629,01/05/2018,5.117993812416755,5,18.0,85,0.8,346,15.4,0.0,0.0,0.0,Spring,Holiday,Yes
3630,01/05/2018,5.726847747587197,6,17.8,85,0.6,265,15.2,0.0,0.0,0.0,Spring,Holiday,Yes
3631,01/05/2018,6.421622267806518,7,18.0,82,0.7,264,14.8,0.11,0.0,0.0,Spring,Holiday,Yes
3632,01/05/2018,6.97354301952014,8,18.8,76,0.6,301,14.4,0.36,0.0,0.0,Spring,Holiday,Yes
3633,01/05/2018,6.932447891572509,9,20.7,67,1.1,464,14.3,1.3,0.0,0.0,Spring,Holiday,Yes
3634,01/05/2018,6.910750787961936,10,22.2,61,1.2,531,14.3,1.72,0.0,0.0,Spring,Holiday,Yes
3635,01/05/2018,7.0192966537150445,11,22.7,63,1.1,605,15.2,1.36,0.0,0.0,Spring,Holiday,Yes
3636,01/05/2018,7.182352111885263,12,22.1,67,2.7,462,15.6,0.81,0.0,0.0,Spring,Holiday,Yes
3637,01/05/2018,7.309212365692763,13,23.0,63,3.1,494,15.5,1.92,0.0,0.0,Spring,Holiday,Yes
3638,01/05/2018,7.337587743538596,14,23.0,64,2.8,520,15.8,1.59,0.0,0.0,Spring,Holiday,Yes
3639,01/05/2018,7.402451520818244,15,23.1,61,2.5,556,15.1,1.5,0.0,0.0,Spring,Holiday,Yes
3640,01/05/2018,7.473069088032197,16,22.6,63,3.1,551,15.1,0.88,0.0,0.0,Spring,Holiday,Yes
3641,01/05/2018,7.549082710812286,17,22.0,65,2.4,589,15.1,0.47,0.0,0.0,Spring,Holiday,Yes
3642,01/05/2018,7.641564441260972,18,21.6,67,2.0,584,15.2,0.24,0.0,0.0,Spring,Holiday,Yes
3643,01/05/2018,7.436617265234227,19,21.2,68,1.5,610,15.0,0.16,0.0,0.0,Spring,Holiday,Yes
3644,01/05/2018,7.4127640174265625,20,20.6,72,1.3,587,15.3,0.0,0.0,0.0,Spring,Holiday,Yes
3645,01/05/2018,7.405495663199472,21,20.2,74,1.3,554,15.4,0.0,0.0,0.0,Spring,Holiday,Yes
3646,01/05/2018,7.244941546337007,22,19.9,75,0.8,516,15.3,0.0,0.0,0.0,Spring,Holiday,Yes
3647,01/05/2018,6.752270376141742,23,19.8,73,0.9,442,14.8,0.0,0.0,0.0,Spring,Holiday,Yes
3648,02/05/2018,6.418364935936212,0,19.7,76,0.5,386,15.3,0.0,0.0,0.0,Spring,No Holiday,Yes
3649,02/05/2018,6.025865973825314,1,19.6,75,2.1,392,15.0,0.0,0.0,0.0,Spring,No Holiday,Yes
3650,02/05/2018,5.5053315359323625,2,19.0,80,1.6,346,15.4,0.0,0.0,0.0,Spring,No Holiday,Yes
3651,02/05/2018,5.14166355650266,3,18.5,82,0.8,342,15.3,0.0,0.0,0.0,Spring,No Holiday,Yes
3652,02/05/2018,4.543294782270004,4,18.4,81,0.4,300,15.0,0.0,0.0,0.0,Spring,No Holiday,Yes
3653,02/05/2018,4.343805421853684,5,18.4,87,0.8,209,16.1,0.0,0.4,0.0,Spring,No Holiday,Yes
3654,02/05/2018,4.219507705176107,6,17.9,93,0.9,202,16.7,0.0,0.1,0.0,Spring,No Holiday,Yes
3655,02/05/2018,4.634728988229636,7,17.6,94,0.5,166,16.6,0.0,1.0,0.0,Spring,No Holiday,Yes
3656,02/05/2018,6.320768294250582,8,17.5,94,0.9,203,16.5,0.06,0.0,0.0,Spring,No Holiday,Yes
3657,02/05/2018,6.413458957167357,9,17.4,94,0.7,230,16.4,0.16,0.0,0.0,Spring,No Holiday,Yes
3658,02/05/2018,6.18826412308259,10,17.7,88,1.1,322,15.6,0.36,0.0,0.0,Spring,No Holiday,Yes
3659,02/05/2018,5.332718793265369,11,18.0,85,1.1,411,15.4,0.45,0.0,0.0,Spring,No Holiday,Yes
3660,02/05/2018,4.1588830833596715,12,17.3,95,0.7,155,16.4,0.16,3.5,0.0,Spring,No Holiday,Yes
3661,02/05/2018,5.793013608384144,13,17.2,96,0.9,275,16.5,0.26,4.0,0.0,Spring,No Holiday,Yes
3662,02/05/2018,5.932245187448011,14,17.5,94,0.3,436,16.5,0.35,0.0,0.0,Spring,No Holiday,Yes
3663,02/05/2018,4.969813299576001,15,17.0,90,3.7,216,15.3,0.26,0.0,0.0,Spring,No Holiday,Yes
3664,02/05/2018,5.993961427306569,16,15.4,95,4.7,378,14.5,0.11,0.5,0.0,Spring,No Holiday,Yes
3665,02/05/2018,6.70196036600254,17,13.9,94,2.6,303,12.9,0.21,0.0,0.0,Spring,No Holiday,Yes
3666,02/05/2018,6.251903883165888,18,13.6,89,2.3,638,11.8,0.09,0.0,0.0,Spring,No Holiday,Yes
3667,02/05/2018,4.882801922586371,19,12.6,93,3.9,831,11.4,0.0,0.0,0.0,Spring,No Holiday,Yes
3668,02/05/2018,4.820281565605037,20,11.1,91,4.0,716,9.6,0.0,0.5,0.0,Spring,No Holiday,Yes
3669,02/05/2018,5.793013608384144,21,10.5,94,2.8,1627,9.5,0.0,1.0,0.0,Spring,No Holiday,Yes
3670,02/05/2018,5.703782474656201,22,10.4,85,3.7,1671,7.9,0.0,0.0,0.0,Spring,No Holiday,Yes
3671,02/05/2018,5.68697535633982,23,9.5,90,3.6,1017,7.9,0.0,1.0,0.0,Spring,No Holiday,Yes
3672,03/05/2018,5.8916442118257715,0,8.7,86,3.1,2000,6.4,0.0,0.0,0.0,Spring,No Holiday,Yes
3673,03/05/2018,5.780743515792329,1,7.9,86,2.1,2000,5.6,0.0,0.0,0.0,Spring,No Holiday,Yes
3674,03/05/2018,5.529429087511423,2,7.3,86,1.7,2000,5.1,0.0,0.0,0.0,Spring,No Holiday,Yes
3675,03/05/2018,5.056245805348308,3,7.0,86,1.2,2000,4.8,0.0,0.0,0.0,Spring,No Holiday,Yes
3676,03/05/2018,4.700480365792417,4,7.0,87,1.3,2000,4.9,0.0,0.0,0.0,Spring,No Holiday,Yes
3677,03/05/2018,5.099866427824199,5,7.0,85,0.8,2000,4.6,0.0,0.0,0.0,Spring,No Holiday,Yes
3678,03/05/2018,6.152732694704104,6,7.9,86,2.0,1070,5.6,0.01,0.0,0.0,Spring,No Holiday,Yes
3679,03/05/2018,7.057036981697891,7,8.4,83,1.4,1400,5.6,0.31,0.0,0.0,Spring,No Holiday,Yes
3680,03/05/2018,7.5740450053721995,8,10.5,67,2.3,1221,4.6,0.98,0.0,0.0,Spring,No Holiday,Yes
3681,03/05/2018,6.967909201801884,9,12.8,52,3.9,1614,3.1,1.65,0.0,0.0,Spring,No Holiday,Yes
3682,03/05/2018,6.637258031284457,10,13.8,47,4.8,1561,2.6,1.64,0.0,0.0,Spring,No Holiday,Yes
3683,03/05/2018,6.678342114654332,11,14.7,45,3.0,1799,2.8,1.68,0.0,0.0,Spring,No Holiday,Yes
3684,03/05/2018,6.77078942390898,12,14.1,59,3.9,1870,6.1,1.12,0.0,0.0,Spring,No Holiday,Yes
3685,03/05/2018,6.248042874508429,13,13.4,56,3.7,1693,4.7,0.82,0.1,0.0,Spring,No Holiday,Yes
3686,03/05/2018,5.908082938168931,14,12.7,75,3.8,1510,8.3,0.88,0.4,0.0,Spring,No Holiday,Yes
3687,03/05/2018,6.3818160174060985,15,12.2,56,4.8,2000,3.6,0.57,0.5,0.0,Spring,No Holiday,Yes
3688,03/05/2018,6.815639990074331,16,12.8,53,3.3,2000,3.4,0.76,0.0,0.0,Spring,No Holiday,Yes
3689,03/05/2018,7.259819610363186,17,13.2,49,4.2,1999,2.7,0.69,0.0,0.0,Spring,No Holiday,Yes
3690,03/05/2018,7.745435610274381,18,13.4,49,2.4,1982,2.8,0.6,0.0,0.0,Spring,No Holiday,Yes
3691,03/05/2018,7.416979621381154,19,13.3,49,3.6,1919,2.7,0.45,0.0,0.0,Spring,No Holiday,Yes
3692,03/05/2018,7.2456550675945355,20,12.6,47,3.2,1935,1.5,0.02,0.0,0.0,Spring,No Holiday,Yes
3693,03/05/2018,7.236339342754344,21,11.9,48,1.9,1918,1.2,0.0,0.0,0.0,Spring,No Holiday,Yes
3694,03/05/2018,7.0925737159746784,22,11.2,60,2.3,1684,3.7,0.0,0.0,0.0,Spring,No Holiday,Yes
3695,03/05/2018,6.725033642166843,23,10.6,62,2.1,1694,3.6,0.0,0.0,0.0,Spring,No Holiday,Yes
3696,04/05/2018,6.437751649736401,0,10.0,63,2.1,1653,3.2,0.0,0.0,0.0,Spring,No Holiday,Yes
3697,04/05/2018,6.175867270105761,1,9.7,63,2.1,1610,2.9,0.0,0.0,0.0,Spring,No Holiday,Yes
3698,04/05/2018,5.8664680569332965,2,9.6,65,1.5,1654,3.3,0.0,0.0,0.0,Spring,No Holiday,Yes
3699,04/05/2018,5.41610040220442,3,9.6,66,0.9,1685,3.5,0.0,0.0,0.0,Spring,No Holiday,Yes
3700,04/05/2018,4.9344739331306915,4,9.5,66,1.1,1737,3.4,0.0,0.0,0.0,Spring,No Holiday,Yes
3701,04/05/2018,5.231108616854587,5,9.2,63,0.8,1896,2.5,0.0,0.0,0.0,Spring,No Holiday,Yes
3702,04/05/2018,6.257667587882639,6,9.0,57,1.7,1903,0.9,0.0,0.0,0.0,Spring,No Holiday,Yes
3703,04/05/2018,7.13966033596492,7,9.5,55,2.1,1912,0.8,0.32,0.0,0.0,Spring,No Holiday,Yes
3704,04/05/2018,7.621684998724611,8,11.3,46,1.2,1788,0.0,1.04,0.0,0.0,Spring,No Holiday,Yes
3705,04/05/2018,7.052721049232323,9,14.1,42,1.9,1893,1.3,1.78,0.0,0.0,Spring,No Holiday,Yes
3706,04/05/2018,6.762729506931879,10,16.1,37,2.9,1629,1.3,2.4,0.0,0.0,Spring,No Holiday,Yes
3707,04/05/2018,6.92951677076365,11,17.2,35,3.6,1731,1.5,2.93,0.0,0.0,Spring,No Holiday,Yes
3708,04/05/2018,7.095893221097532,12,17.9,32,4.6,1874,0.9,3.28,0.0,0.0,Spring,No Holiday,Yes
3709,04/05/2018,7.109062135687172,13,18.9,30,3.8,1854,0.9,3.39,0.0,0.0,Spring,No Holiday,Yes
3710,04/05/2018,7.144407180321139,14,18.8,31,4.9,1940,1.2,3.31,0.0,0.0,Spring,No Holiday,Yes
3711,04/05/2018,7.188412736496954,15,19.9,26,3.8,1898,-0.1,3.0,0.0,0.0,Spring,No Holiday,Yes
3712,04/05/2018,7.31455283232408,16,18.6,30,5.1,1891,0.6,2.49,0.0,0.0,Spring,No Holiday,Yes
3713,04/05/2018,7.527255919373784,17,18.1,30,4.6,1925,0.2,1.86,0.0,0.0,Spring,No Holiday,Yes
3714,04/05/2018,7.8868329989550565,18,17.1,35,3.4,1961,1.4,1.11,0.0,0.0,Spring,No Holiday,Yes
3715,04/05/2018,7.544861068658458,19,15.5,46,2.6,1782,3.9,0.34,0.0,0.0,Spring,No Holiday,Yes
3716,04/05/2018,7.237059026124737,20,14.1,46,3.4,1940,2.6,0.01,0.0,0.0,Spring,No Holiday,Yes
3717,04/05/2018,7.1693500166706,21,13.3,47,1.9,1805,2.2,0.0,0.0,0.0,Spring,No Holiday,Yes
3718,04/05/2018,7.136483208590247,22,12.7,55,2.0,1775,3.8,0.0,0.0,0.0,Spring,No Holiday,Yes
3719,04/05/2018,6.841615476477592,23,12.4,58,2.5,1843,4.3,0.0,0.0,0.0,Spring,No Holiday,Yes
3720,05/05/2018,6.680854678790215,0,12.2,59,1.2,1718,4.4,0.0,0.0,0.0,Spring,No Holiday,Yes
3721,05/05/2018,6.57507584059962,1,12.1,54,1.3,1820,3.0,0.0,0.0,0.0,Spring,No Holiday,Yes
3722,05/05/2018,6.2324480165505225,2,12.1,53,1.1,1948,2.7,0.0,0.0,0.0,Spring,No Holiday,Yes
3723,05/05/2018,5.973809611869261,3,11.6,53,1.1,1904,2.3,0.0,0.0,0.0,Spring,No Holiday,Yes
3724,05/05/2018,5.53338948872752,4,12.1,51,1.6,1939,2.2,0.0,0.0,0.0,Spring,No Holiday,Yes
3725,05/05/2018,5.25227342804663,5,12.2,52,2.3,1961,2.6,0.0,0.0,0.0,Spring,No Holiday,Yes
3726,05/05/2018,5.5134287461649825,6,12.3,55,2.1,1972,3.5,0.02,0.0,0.0,Spring,No Holiday,Yes
3727,05/05/2018,5.8664680569332965,7,12.9,55,2.3,1952,4.0,0.29,0.0,0.0,Spring,No Holiday,Yes
3728,05/05/2018,6.363028103540465,8,14.4,51,2.3,1907,4.3,0.92,0.0,0.0,Spring,No Holiday,Yes
3729,05/05/2018,6.633318433280377,9,16.1,50,2.6,1628,5.6,1.52,0.0,0.0,Spring,No Holiday,Yes
3730,05/05/2018,6.777646593635117,10,18.1,46,2.9,1755,6.2,2.17,0.0,0.0,Spring,No Holiday,Yes
3731,05/05/2018,6.932447891572509,11,20.2,41,3.1,1789,6.5,2.56,0.0,0.0,Spring,No Holiday,Yes
3732,05/05/2018,7.138073034044347,12,21.9,35,3.4,1586,5.7,2.74,0.0,0.0,Spring,No Holiday,Yes
3733,05/05/2018,7.25063551189868,13,22.7,35,3.4,1794,6.4,2.51,0.0,0.0,Spring,No Holiday,Yes
3734,05/05/2018,7.4205789054108005,14,23.6,34,3.3,1829,6.8,2.57,0.0,0.0,Spring,No Holiday,Yes
3735,05/05/2018,7.516433302915632,15,23.8,29,4.7,1876,4.6,2.72,0.0,0.0,Spring,No Holiday,Yes
3736,05/05/2018,7.1098794630722715,16,23.2,30,4.5,1787,4.6,1.49,0.0,0.0,Spring,No Holiday,Yes
3737,05/05/2018,7.608374474380783,17,23.6,29,3.9,1948,4.5,1.68,0.0,0.0,Spring,No Holiday,Yes
3738,05/05/2018,7.5652752818989315,18,22.5,31,3.4,1953,4.5,0.79,0.0,0.0,Spring,No Holiday,Yes
3739,05/05/2018,7.469654172932128,19,20.7,47,3.5,1952,8.9,0.28,0.0,0.0,Spring,No Holiday,Yes
3740,05/05/2018,7.354362330421477,20,19.7,53,2.0,1841,9.8,0.0,0.0,0.0,Spring,No Holiday,Yes
3741,05/05/2018,7.347299700743164,21,19.3,57,3.1,1924,10.5,0.0,0.0,0.0,Spring,No Holiday,Yes
3742,05/05/2018,7.215975002651466,22,19.1,61,2.7,1830,11.3,0.0,0.0,0.0,Spring,No Holiday,Yes
3743,05/05/2018,7.001245622069476,23,19.1,62,3.6,1757,11.6,0.0,0.0,0.0,Spring,No Holiday,Yes
3744,06/05/2018,6.598509028614515,0,18.7,64,3.3,1654,11.7,0.0,0.0,0.0,Spring,No Holiday,Yes
3745,06/05/2018,5.204006687076795,1,18.2,71,1.6,1328,12.8,0.0,0.0,0.0,Spring,No Holiday,Yes
3746,06/05/2018,4.31748811353631,2,17.3,82,2.1,768,14.1,0.0,0.5,0.0,Spring,No Holiday,Yes
3747,06/05/2018,3.784189633918261,3,16.2,94,1.7,400,15.2,0.0,1.5,0.0,Spring,No Holiday,Yes
3748,06/05/2018,2.833213344056216,4,15.8,93,0.4,268,14.6,0.0,1.5,0.0,Spring,No Holiday,Yes
3749,06/05/2018,2.4849066497880004,5,15.4,96,0.3,208,14.7,0.0,2.0,0.0,Spring,No Holiday,Yes
3750,06/05/2018,2.0794415416798357,6,15.1,97,0.3,225,14.6,0.0,3.0,0.0,Spring,No Holiday,Yes
3751,06/05/2018,2.833213344056216,7,15.1,97,0.5,311,14.6,0.03,2.5,0.0,Spring,No Holiday,Yes
3752,06/05/2018,2.833213344056216,8,15.2,97,1.0,414,14.7,0.08,2.0,0.0,Spring,No Holiday,Yes
3753,06/05/2018,2.5649493574615367,9,15.4,97,0.8,413,14.9,0.18,1.0,0.0,Spring,No Holiday,Yes
3754,06/05/2018,2.6390573296152584,10,15.4,97,0.6,374,14.9,0.38,1.5,0.0,Spring,No Holiday,Yes
3755,06/05/2018,2.3978952727983707,11,15.5,97,0.8,459,15.0,0.4,3.5,0.0,Spring,No Holiday,Yes
3756,06/05/2018,4.276666119016055,12,15.7,96,1.1,568,15.0,0.5,3.0,0.0,Spring,No Holiday,Yes
3757,06/05/2018,5.356586274672012,13,16.4,94,0.9,1947,15.4,0.78,0.0,0.0,Spring,No Holiday,Yes
3758,06/05/2018,5.953243334287785,14,17.2,85,1.3,2000,14.6,0.94,0.0,0.0,Spring,No Holiday,Yes
3759,06/05/2018,6.647688373563329,15,17.8,77,1.6,2000,13.7,1.13,0.0,0.0,Spring,No Holiday,Yes
3760,06/05/2018,7.301822342137932,16,19.5,66,1.7,2000,12.9,1.71,0.0,0.0,Spring,No Holiday,Yes
3761,06/05/2018,7.460490305825338,17,20.2,62,1.1,2000,12.6,1.74,0.0,0.0,Spring,No Holiday,Yes
3762,06/05/2018,7.522400231387125,18,20.2,66,1.0,2000,13.6,1.1,0.0,0.0,Spring,No Holiday,Yes
3763,06/05/2018,7.402451520818244,19,19.0,70,0.7,2000,13.3,0.33,0.0,0.0,Spring,No Holiday,Yes
3764,06/05/2018,7.3310603052186325,20,17.6,77,1.2,2000,13.5,0.01,0.0,0.0,Spring,No Holiday,Yes
3765,06/05/2018,7.280008252884188,21,16.8,79,0.6,2000,13.1,0.0,0.0,0.0,Spring,No Holiday,Yes
3766,06/05/2018,7.1631723908466425,22,16.4,80,1.2,2000,12.9,0.0,0.0,0.0,Spring,No Holiday,Yes
3767,06/05/2018,6.92461239604856,23,15.9,83,0.6,2000,13.0,0.0,0.0,0.0,Spring,No Holiday,Yes
3768,07/05/2018,6.658011045870748,0,15.5,85,0.9,2000,12.9,0.0,0.0,0.0,Spring,No Holiday,Yes
3769,07/05/2018,6.413458957167357,1,15.1,84,0.3,1858,12.4,0.0,0.0,0.0,Spring,No Holiday,Yes
3770,07/05/2018,6.003887067106539,2,14.8,85,0.4,1831,12.2,0.0,0.0,0.0,Spring,No Holiday,Yes
3771,07/05/2018,5.521460917862246,3,14.7,82,0.8,1822,11.6,0.0,0.0,0.0,Spring,No Holiday,Yes
3772,07/05/2018,5.225746673713202,4,14.4,85,0.8,1437,11.9,0.0,0.0,0.0,Spring,No Holiday,Yes
3773,07/05/2018,5.14166355650266,5,14.2,85,0.5,1412,11.7,0.0,0.0,0.0,Spring,No Holiday,Yes
3774,07/05/2018,5.402677381872279,6,14.0,87,0.8,1334,11.8,0.01,0.0,0.0,Spring,No Holiday,Yes
3775,07/05/2018,5.966146739123692,7,14.2,81,0.3,1991,10.9,0.13,0.0,0.0,Spring,No Holiday,Yes
3776,07/05/2018,6.398594934535208,8,14.8,80,0.3,1921,11.3,0.31,0.0,0.0,Spring,No Holiday,Yes
3777,07/05/2018,6.6039438246004725,9,15.9,72,0.5,1835,10.8,0.67,0.0,0.0,Spring,No Holiday,Yes
3778,07/05/2018,6.79794041297493,10,17.5,63,0.6,1916,10.3,0.96,0.0,0.0,Spring,No Holiday,Yes
3779,07/05/2018,7.0630481633881725,11,20.2,45,1.1,1894,7.8,2.33,0.0,0.0,Spring,No Holiday,Yes
3780,07/05/2018,7.254884810077338,12,22.9,35,0.8,1948,6.6,3.05,0.0,0.0,Spring,No Holiday,Yes
3781,07/05/2018,7.418180822726788,13,23.7,44,1.7,1897,10.7,2.35,0.0,0.0,Spring,No Holiday,Yes
3782,07/05/2018,7.58629630715272,14,24.1,42,1.2,1770,10.3,1.93,0.0,0.0,Spring,No Holiday,Yes
3783,07/05/2018,7.692569648067906,15,24.6,38,2.1,1478,9.3,1.85,0.0,0.0,Spring,No Holiday,Yes
3784,07/05/2018,7.7025561132685825,16,24.5,38,2.2,1903,9.2,1.1,0.0,0.0,Spring,No Holiday,Yes
3785,07/05/2018,7.780303087908373,17,25.5,31,2.3,1974,7.1,1.5,0.0,0.0,Spring,No Holiday,Yes
3786,07/05/2018,7.727094484779841,18,25.1,32,2.4,1899,7.2,1.1,0.0,0.0,Spring,No Holiday,Yes
3787,07/05/2018,7.417580402414544,19,23.5,48,1.5,1929,11.8,0.4,0.0,0.0,Spring,No Holiday,Yes
3788,07/05/2018,7.556427969440253,20,20.9,61,2.7,1523,13.0,0.01,0.0,0.0,Spring,No Holiday,Yes
3789,07/05/2018,7.4489161025442,21,19.6,64,1.5,1297,12.5,0.0,0.0,0.0,Spring,No Holiday,Yes
3790,07/05/2018,7.198183577101943,22,18.6,69,1.7,1047,12.7,0.0,0.0,0.0,Spring,No Holiday,Yes
3791,07/05/2018,6.902742737158593,23,17.5,69,1.5,978,11.7,0.0,0.0,0.0,Spring,No Holiday,Yes
3792,08/05/2018,6.569481420414296,0,16.4,72,0.8,1046,11.3,0.0,0.0,0.0,Spring,No Holiday,Yes
3793,08/05/2018,6.066108090103747,1,16.0,64,1.0,1600,9.1,0.0,0.0,0.0,Spring,No Holiday,Yes
3794,08/05/2018,5.662960480135946,2,15.5,65,1.3,1953,8.9,0.0,0.0,0.0,Spring,No Holiday,Yes
3795,08/05/2018,5.272999558563747,3,15.6,63,1.7,2000,8.5,0.0,0.0,0.0,Spring,No Holiday,Yes
3796,08/05/2018,5.049856007249537,4,15.4,63,1.6,2000,8.3,0.0,0.0,0.0,Spring,No Holiday,Yes
3797,08/05/2018,5.303304908059076,5,15.0,64,1.6,2000,8.2,0.0,0.0,0.0,Spring,No Holiday,Yes
3798,08/05/2018,6.320768294250582,6,14.8,64,1.5,2000,8.0,0.02,0.0,0.0,Spring,No Holiday,Yes
3799,08/05/2018,7.155396301896734,7,15.3,60,2.0,2000,7.5,0.35,0.0,0.0,Spring,No Holiday,Yes
3800,08/05/2018,7.589335823170617,8,16.9,54,1.7,2000,7.5,1.08,0.0,0.0,Spring,No Holiday,Yes
3801,08/05/2018,7.029087564149662,9,18.5,51,1.4,1955,8.1,1.74,0.0,0.0,Spring,No Holiday,Yes
3802,08/05/2018,6.675823221634848,10,20.0,48,1.9,2000,8.6,2.46,0.0,0.0,Spring,No Holiday,Yes
3803,08/05/2018,6.863803391452954,11,21.0,45,1.6,2000,8.6,2.89,0.0,0.0,Spring,No Holiday,Yes
3804,08/05/2018,7.035268599281097,12,21.5,44,2.1,1986,8.7,3.15,0.0,0.0,Spring,No Holiday,Yes
3805,08/05/2018,7.0192966537150445,13,21.7,44,2.1,2000,8.9,2.46,0.0,0.0,Spring,No Holiday,Yes
3806,08/05/2018,7.00033446027523,14,22.2,42,1.7,2000,8.6,2.29,0.0,0.0,Spring,No Holiday,Yes
3807,08/05/2018,7.145196134997171,15,22.4,39,1.9,2000,7.7,2.16,0.0,0.0,Spring,No Holiday,Yes
3808,08/05/2018,7.284820912568604,16,22.0,41,1.7,2000,8.1,2.04,0.0,0.0,Spring,No Holiday,Yes
3809,08/05/2018,7.611347717403621,17,21.7,38,2.0,2000,6.7,1.17,0.0,0.0,Spring,No Holiday,Yes
3810,08/05/2018,7.669961995473577,18,20.7,40,1.4,2000,6.6,1.06,0.0,0.0,Spring,No Holiday,Yes
3811,08/05/2018,7.715123603632105,19,17.9,42,2.1,2000,4.7,0.37,0.0,0.0,Spring,No Holiday,Yes
3812,08/05/2018,7.454141078146678,20,15.8,47,1.8,2000,4.4,0.01,0.0,0.0,Spring,No Holiday,Yes
3813,08/05/2018,7.322510433997394,21,14.5,49,1.9,2000,3.8,0.0,0.0,0.0,Spring,No Holiday,Yes
3814,08/05/2018,7.157735484249907,22,13.2,54,2.2,2000,4.0,0.0,0.0,0.0,Spring,No Holiday,Yes
3815,08/05/2018,6.643789733147672,23,12.2,57,1.9,2000,3.9,0.0,0.0,0.0,Spring,No Holiday,Yes
3816,09/05/2018,6.315358001522335,0,11.6,57,1.9,2000,3.3,0.0,0.0,0.0,Spring,No Holiday,Yes
3817,09/05/2018,3.5553480614894135,1,11.3,58,1.3,2000,3.3,0.0,0.0,0.0,Spring,No Holiday,Yes
3818,09/05/2018,5.5053315359323625,2,10.9,59,1.1,2000,3.1,0.0,0.0,0.0,Spring,No Holiday,Yes
3819,09/05/2018,5.236441962829949,3,10.5,59,1.0,2000,2.8,0.0,0.0,0.0,Spring,No Holiday,Yes
3820,09/05/2018,4.74493212836325,4,10.0,64,1.5,2000,3.4,0.0,0.0,0.0,Spring,No Holiday,Yes
3821,09/05/2018,5.318119993844216,5,9.5,65,0.9,2000,3.2,0.0,0.0,0.0,Spring,No Holiday,Yes
3822,09/05/2018,6.322565239927284,6,9.2,64,1.0,2000,2.7,0.02,0.0,0.0,Spring,No Holiday,Yes
3823,09/05/2018,7.195937226475569,7,10.0,59,1.1,2000,2.3,0.36,0.0,0.0,Spring,No Holiday,Yes
3824,09/05/2018,7.634820677745543,8,12.3,53,1.6,2000,2.9,1.09,0.0,0.0,Spring,No Holiday,Yes
3825,09/05/2018,6.834108738813838,9,14.4,46,1.2,1899,2.9,1.77,0.0,0.0,Spring,No Holiday,Yes
3826,09/05/2018,6.86171134048073,10,16.1,43,1.4,1985,3.5,2.41,0.0,0.0,Spring,No Holiday,Yes
3827,09/05/2018,6.923628628138427,11,17.6,40,1.4,1955,3.8,2.88,0.0,0.0,Spring,No Holiday,Yes
3828,09/05/2018,7.1252830915107115,12,18.7,39,1.9,1925,4.4,3.21,0.0,0.0,Spring,No Holiday,Yes
3829,09/05/2018,7.080867896690782,13,20.1,36,1.1,1933,4.5,3.34,0.0,0.0,Spring,No Holiday,Yes
3830,09/05/2018,7.079184394609668,14,20.7,36,2.2,1788,5.0,3.1,0.0,0.0,Spring,No Holiday,Yes
3831,09/05/2018,7.1891677384203225,15,21.2,35,2.9,1733,5.1,2.88,0.0,0.0,Spring,No Holiday,Yes
3832,09/05/2018,7.38025578842646,16,21.4,35,2.7,1838,5.2,2.38,0.0,0.0,Spring,No Holiday,Yes
3833,09/05/2018,7.618251097876695,17,21.3,34,2.7,1967,4.7,1.82,0.0,0.0,Spring,No Holiday,Yes
3834,09/05/2018,8.049107721326406,18,20.6,41,2.3,2000,6.8,1.1,0.0,0.0,Spring,No Holiday,Yes
3835,09/05/2018,7.785720896534624,19,18.8,47,2.8,1988,7.2,0.4,0.0,0.0,Spring,No Holiday,Yes
3836,09/05/2018,7.590852123688581,20,17.3,53,1.9,2000,7.6,0.01,0.0,0.0,Spring,No Holiday,Yes
3837,09/05/2018,7.57095858316901,21,16.4,56,0.8,2000,7.5,0.0,0.0,0.0,Spring,No Holiday,Yes
3838,09/05/2018,7.3796321526095525,22,15.9,60,2.6,2000,8.1,0.0,0.0,0.0,Spring,No Holiday,Yes
3839,09/05/2018,6.97914527506881,23,15.2,62,1.4,2000,7.9,0.0,0.0,0.0,Spring,No Holiday,Yes
3840,10/05/2018,0.0,0,14.5,63,0.9,2000,7.5,0.0,0.0,0.0,Spring,No Holiday,No
3841,10/05/2018,0.0,1,13.9,66,1.0,1960,7.6,0.0,0.0,0.0,Spring,No Holiday,No
3842,10/05/2018,0.0,2,13.1,73,1.9,1895,8.3,0.0,0.0,0.0,Spring,No Holiday,No
3843,10/05/2018,0.0,3,12.9,74,1.7,1698,8.3,0.0,0.0,0.0,Spring,No Holiday,No
3844,10/05/2018,0.0,4,12.0,79,0.6,1351,8.4,0.0,0.0,0.0,Spring,No Holiday,No
3845,10/05/2018,0.0,5,11.5,80,0.9,974,8.1,0.0,0.0,0.0,Spring,No Holiday,No
3846,10/05/2018,0.0,6,11.4,80,1.0,885,8.0,0.02,0.0,0.0,Spring,No Holiday,No
3847,10/05/2018,0.0,7,12.1,71,1.6,876,6.9,0.34,0.0,0.0,Spring,No Holiday,No
3848,10/05/2018,0.0,8,13.5,63,2.2,1211,6.5,1.01,0.0,0.0,Spring,No Holiday,No
3849,10/05/2018,0.0,9,15.5,55,1.7,1318,6.4,1.76,0.0,0.0,Spring,No Holiday,No
3850,10/05/2018,0.0,10,17.3,52,2.3,1235,7.3,2.38,0.0,0.0,Spring,No Holiday,No
3851,10/05/2018,0.0,11,18.3,51,3.1,1015,7.9,2.84,0.0,0.0,Spring,No Holiday,No
3852,10/05/2018,0.0,12,19.8,49,2.3,1320,8.7,3.17,0.0,0.0,Spring,No Holiday,No
3853,10/05/2018,0.0,13,20.7,46,2.9,1078,8.6,3.26,0.0,0.0,Spring,No Holiday,No
3854,10/05/2018,0.0,14,21.2,47,3.7,1142,9.4,3.22,0.0,0.0,Spring,No Holiday,No
3855,10/05/2018,0.0,15,20.4,51,4.0,946,9.9,2.87,0.0,0.0,Spring,No Holiday,No
3856,10/05/2018,0.0,16,19.6,54,3.9,1154,10.0,2.41,0.0,0.0,Spring,No Holiday,No
3857,10/05/2018,0.0,17,19.2,54,3.4,1075,9.6,1.83,0.0,0.0,Spring,No Holiday,No
3858,10/05/2018,0.0,18,18.0,61,3.5,790,10.3,1.05,0.0,0.0,Spring,No Holiday,No
3859,10/05/2018,0.0,19,15.5,74,3.6,675,10.8,0.35,0.0,0.0,Spring,No Holiday,No
3860,10/05/2018,0.0,20,13.6,82,2.1,520,10.5,0.02,0.0,0.0,Spring,No Holiday,No
3861,10/05/2018,0.0,21,12.6,85,2.4,460,10.1,0.0,0.0,0.0,Spring,No Holiday,No
3862,10/05/2018,0.0,22,12.3,85,2.3,452,9.8,0.0,0.0,0.0,Spring,No Holiday,No
3863,10/05/2018,0.0,23,12.4,85,1.1,369,9.9,0.0,0.0,0.0,Spring,No Holiday,No
3864,11/05/2018,6.586171654854675,0,12.5,84,1.5,334,9.8,0.0,0.0,0.0,Spring,No Holiday,Yes
3865,11/05/2018,6.338594078203183,1,12.4,84,1.8,287,9.7,0.0,0.0,0.0,Spring,No Holiday,Yes
3866,11/05/2018,5.937536205082426,2,12.1,85,1.4,321,9.6,0.0,0.0,0.0,Spring,No Holiday,Yes
3867,11/05/2018,5.53338948872752,3,12.0,86,0.9,297,9.7,0.0,0.0,0.0,Spring,No Holiday,Yes
3868,11/05/2018,5.043425116919247,4,11.9,85,0.7,315,9.4,0.0,0.0,0.0,Spring,No Holiday,Yes
3869,11/05/2018,5.4116460518550396,5,11.9,84,1.5,358,9.2,0.0,0.0,0.0,Spring,No Holiday,Yes
3870,11/05/2018,6.18826412308259,6,12.0,83,0.4,321,9.1,0.01,0.0,0.0,Spring,No Holiday,Yes
3871,11/05/2018,7.053585727193677,7,12.4,82,1.0,314,9.4,0.1,0.0,0.0,Spring,No Holiday,Yes
3872,11/05/2018,7.540090320145325,8,13.1,78,1.2,330,9.3,0.41,0.0,0.0,Spring,No Holiday,Yes
3873,11/05/2018,6.7464121285733745,9,14.3,72,0.7,342,9.3,0.84,0.0,0.0,Spring,No Holiday,Yes
3874,11/05/2018,6.705639094860003,10,16.4,64,2.4,423,9.5,2.05,0.0,0.0,Spring,No Holiday,Yes
3875,11/05/2018,6.880384082186005,11,18.3,56,1.4,519,9.3,2.53,0.0,0.0,Spring,No Holiday,Yes
3876,11/05/2018,7.057897937411856,12,20.0,47,1.4,685,8.3,3.08,0.0,0.0,Spring,No Holiday,Yes
3877,11/05/2018,7.071573364211532,13,20.8,45,2.8,688,8.4,3.17,0.0,0.0,Spring,No Holiday,Yes
3878,11/05/2018,7.069023426578259,14,21.0,47,2.2,606,9.2,2.52,0.0,0.0,Spring,No Holiday,Yes
3879,11/05/2018,7.16703787691222,15,19.9,47,3.3,484,8.2,1.83,0.0,0.0,Spring,No Holiday,Yes
3880,11/05/2018,7.311218384419629,16,19.1,54,3.2,542,9.5,0.94,0.0,0.0,Spring,No Holiday,Yes
3881,11/05/2018,7.530479995245536,17,18.9,45,2.6,1084,6.6,0.8,0.0,0.0,Spring,No Holiday,Yes
3882,11/05/2018,7.9017475185201445,18,17.9,37,3.1,1819,2.9,0.36,0.0,0.0,Spring,No Holiday,Yes
3883,11/05/2018,7.600902459542082,19,17.1,51,2.5,1223,6.8,0.06,0.0,0.0,Spring,No Holiday,Yes
3884,11/05/2018,6.848005274576363,20,16.7,52,0.9,1328,6.7,0.0,0.0,0.0,Spring,No Holiday,Yes
3885,11/05/2018,7.405495663199472,21,16.4,52,1.5,1273,6.5,0.0,0.0,0.0,Spring,No Holiday,Yes
3886,11/05/2018,7.350516171833998,22,16.2,54,1.1,1327,6.8,0.0,0.0,0.0,Spring,No Holiday,Yes
3887,11/05/2018,7.078341579557671,23,16.2,50,1.6,1327,5.7,0.0,0.0,0.0,Spring,No Holiday,Yes
3888,12/05/2018,6.760414691083428,0,16.1,54,1.3,1052,6.7,0.0,0.0,0.0,Spring,No Holiday,Yes
3889,12/05/2018,6.507277712385012,1,15.9,51,1.8,866,5.7,0.0,0.0,0.0,Spring,No Holiday,Yes
3890,12/05/2018,6.0330862217988015,2,15.5,62,1.0,730,8.2,0.0,0.0,0.0,Spring,No Holiday,Yes
3891,12/05/2018,5.883322388488279,3,15.2,63,0.5,700,8.1,0.0,0.0,0.0,Spring,No Holiday,Yes
3892,12/05/2018,5.337538079701318,4,15.0,61,0.8,867,7.5,0.0,0.0,0.0,Spring,No Holiday,Yes
3893,12/05/2018,4.2626798770413155,5,15.0,61,1.2,903,7.5,0.0,0.0,0.0,Spring,No Holiday,Yes
3894,12/05/2018,3.6375861597263857,6,14.4,71,1.3,560,9.2,0.0,0.4,0.0,Spring,No Holiday,Yes
3895,12/05/2018,3.784189633918261,7,13.3,81,1.5,525,10.1,0.04,0.1,0.0,Spring,No Holiday,Yes
3896,12/05/2018,3.044522437723423,8,12.0,87,1.0,296,9.8,0.1,1.0,0.0,Spring,No Holiday,Yes
3897,12/05/2018,2.833213344056216,9,11.8,95,1.0,168,11.0,0.14,3.0,0.0,Spring,No Holiday,Yes
3898,12/05/2018,1.9459101490553132,10,11.8,96,1.3,221,11.1,0.12,2.5,0.0,Spring,No Holiday,Yes
3899,12/05/2018,2.9444389791664403,11,12.0,96,1.0,184,11.3,0.14,3.5,0.0,Spring,No Holiday,Yes
3900,12/05/2018,2.4849066497880004,12,12.3,97,0.8,238,11.8,0.14,2.0,0.0,Spring,No Holiday,Yes
3901,12/05/2018,2.995732273553991,13,12.6,97,0.6,327,12.1,0.14,3.0,0.0,Spring,No Holiday,Yes
3902,12/05/2018,3.1354942159291497,14,13.0,97,0.8,211,12.5,0.15,2.0,0.0,Spring,No Holiday,Yes
3903,12/05/2018,2.8903717578961645,15,13.3,97,0.8,194,12.8,0.12,3.0,0.0,Spring,No Holiday,Yes
3904,12/05/2018,3.5553480614894135,16,13.8,97,0.7,196,13.3,0.12,1.5,0.0,Spring,No Holiday,Yes
3905,12/05/2018,3.2188758248682006,17,14.3,98,0.7,270,13.9,0.08,1.5,0.0,Spring,No Holiday,Yes
3906,12/05/2018,3.1354942159291497,18,15.4,97,1.9,340,14.9,0.03,2.0,0.0,Spring,No Holiday,Yes
3907,12/05/2018,3.4011973816621555,19,15.5,97,0.7,403,15.0,0.0,2.0,0.0,Spring,No Holiday,Yes
3908,12/05/2018,3.4011973816621555,20,15.7,97,0.3,343,15.2,0.0,1.0,0.0,Spring,No Holiday,Yes
3909,12/05/2018,3.258096538021482,21,15.8,97,0.6,193,15.3,0.0,0.5,0.0,Spring,No Holiday,Yes
3910,12/05/2018,3.4339872044851463,22,15.8,98,0.4,179,15.4,0.0,1.5,0.0,Spring,No Holiday,Yes
3911,12/05/2018,3.9318256327243257,23,15.8,98,1.6,235,15.4,0.0,1.0,0.0,Spring,No Holiday,Yes
3912,13/05/2018,4.983606621708336,0,15.5,97,1.5,181,15.0,0.0,0.5,0.0,Spring,No Holiday,Yes
3913,13/05/2018,5.187385805840755,1,15.1,97,1.7,173,14.6,0.0,0.2,0.0,Spring,No Holiday,Yes
3914,13/05/2018,5.247024072160486,2,14.5,97,2.9,359,14.0,0.0,0.1,0.0,Spring,No Holiday,Yes
3915,13/05/2018,4.955827057601261,3,14.2,98,1.5,135,13.8,0.0,0.2,0.0,Spring,No Holiday,Yes
3916,13/05/2018,4.430816798843313,4,13.8,98,2.9,27,13.4,0.0,0.0,0.0,Spring,No Holiday,Yes
3917,13/05/2018,4.290459441148391,5,13.5,98,0.8,105,13.1,0.0,0.0,0.0,Spring,No Holiday,Yes
3918,13/05/2018,4.941642422609304,6,13.5,98,0.4,251,13.1,0.01,0.0,0.0,Spring,No Holiday,Yes
3919,13/05/2018,5.3981627015177525,7,13.7,98,1.6,468,13.3,0.1,0.0,0.0,Spring,No Holiday,Yes
3920,13/05/2018,5.986452005284438,8,14.1,98,1.3,834,13.7,0.26,0.0,0.0,Spring,No Holiday,Yes
3921,13/05/2018,6.363028103540465,9,14.8,95,1.0,986,14.0,0.53,0.0,0.0,Spring,No Holiday,Yes
3922,13/05/2018,6.57507584059962,10,15.2,88,2.2,1090,13.2,0.55,0.0,0.0,Spring,No Holiday,Yes
3923,13/05/2018,6.901737206656574,11,16.4,78,1.6,1209,12.5,1.37,0.0,0.0,Spring,No Holiday,Yes
3924,13/05/2018,7.268920128193722,12,18.3,65,1.2,1489,11.5,2.4,0.0,0.0,Spring,No Holiday,Yes
3925,13/05/2018,7.517520850603031,13,19.1,65,1.9,1145,12.3,2.26,0.0,0.0,Spring,No Holiday,Yes
3926,13/05/2018,7.628517626575055,14,19.7,64,2.9,929,12.6,1.99,0.0,0.0,Spring,No Holiday,Yes
3927,13/05/2018,7.753623546559746,15,19.7,63,2.5,941,12.4,2.01,0.0,0.0,Spring,No Holiday,Yes
3928,13/05/2018,7.77485576666552,16,19.5,65,2.9,857,12.7,1.97,0.0,0.0,Spring,No Holiday,Yes
3929,13/05/2018,7.787796878181171,17,19.4,63,2.6,1099,12.1,1.61,0.0,0.0,Spring,No Holiday,Yes
3930,13/05/2018,7.757478766584179,18,19.0,66,1.3,1111,12.4,0.95,0.0,0.0,Spring,No Holiday,Yes
3931,13/05/2018,7.6128310304073565,19,17.6,73,2.0,886,12.6,0.34,0.0,0.0,Spring,No Holiday,Yes
3932,13/05/2018,7.44716835960004,20,15.6,81,2.3,827,12.3,0.02,0.0,0.0,Spring,No Holiday,Yes
3933,13/05/2018,7.360103972989152,21,14.1,86,0.9,535,11.7,0.0,0.0,0.0,Spring,No Holiday,Yes
3934,13/05/2018,7.052721049232323,22,13.5,87,2.2,433,11.3,0.0,0.0,0.0,Spring,No Holiday,Yes
3935,13/05/2018,6.703188113240863,23,13.0,89,1.3,326,11.2,0.0,0.0,0.0,Spring,No Holiday,Yes
3936,14/05/2018,6.366470447731438,0,12.7,89,1.2,340,10.9,0.0,0.0,0.0,Spring,No Holiday,Yes
3937,14/05/2018,5.934894195619588,1,12.4,94,1.3,307,11.4,0.0,0.0,0.0,Spring,No Holiday,Yes
3938,14/05/2018,5.488937726156687,2,12.1,94,1.6,191,11.1,0.0,0.0,0.0,Spring,No Holiday,Yes
3939,14/05/2018,5.123963979403259,3,11.9,95,1.5,180,11.1,0.0,0.0,0.0,Spring,No Holiday,Yes
3940,14/05/2018,4.804021044733257,4,11.9,94,1.3,210,10.9,0.0,0.0,0.0,Spring,No Holiday,Yes
3941,14/05/2018,5.298317366548036,5,11.9,93,0.8,241,10.7,0.0,0.0,0.0,Spring,No Holiday,Yes
3942,14/05/2018,6.315358001522335,6,12.1,89,0.3,252,10.3,0.02,0.0,0.0,Spring,No Holiday,Yes
3943,14/05/2018,7.132497551660044,7,12.6,85,0.4,292,10.1,0.23,0.0,0.0,Spring,No Holiday,Yes
3944,14/05/2018,7.599901959208498,8,13.8,79,0.9,313,10.2,0.44,0.0,0.0,Spring,No Holiday,Yes
3945,14/05/2018,7.009408932708637,9,15.1,74,0.6,437,10.4,0.76,0.0,0.0,Spring,No Holiday,Yes
3946,14/05/2018,6.659293919683638,10,16.6,67,0.9,479,10.4,1.23,0.0,0.0,Spring,No Holiday,Yes
3947,14/05/2018,6.853299093186078,11,18.5,65,1.4,463,11.7,2.07,0.0,0.0,Spring,No Holiday,Yes
3948,14/05/2018,6.999422467507961,12,20.0,62,1.8,428,12.4,2.38,0.0,0.0,Spring,No Holiday,Yes
3949,14/05/2018,6.9584483932976555,13,21.8,59,1.9,404,13.4,2.74,0.0,0.0,Spring,No Holiday,Yes
3950,14/05/2018,7.025538314638521,14,23.1,56,1.6,391,13.8,2.67,0.0,0.0,Spring,No Holiday,Yes
3951,14/05/2018,7.066466970136958,15,24.0,59,1.6,353,15.4,2.24,0.0,0.0,Spring,No Holiday,Yes
3952,14/05/2018,7.2682230211595655,16,24.3,54,2.6,346,14.3,1.81,0.0,0.0,Spring,No Holiday,Yes
3953,14/05/2018,7.545389749611823,17,24.4,51,1.9,466,13.5,1.42,0.0,0.0,Spring,No Holiday,Yes
3954,14/05/2018,7.9748769005588755,18,23.6,48,3.1,666,11.9,0.85,0.0,0.0,Spring,No Holiday,Yes
3955,14/05/2018,7.71289096149013,19,22.7,56,1.8,598,13.4,0.31,0.0,0.0,Spring,No Holiday,Yes
3956,14/05/2018,7.583756300707112,20,21.4,64,2.1,411,14.3,0.02,0.0,0.0,Spring,No Holiday,Yes
3957,14/05/2018,7.542213463193403,21,20.5,67,1.4,357,14.1,0.0,0.0,0.0,Spring,No Holiday,Yes
3958,14/05/2018,7.407924322559599,22,19.6,71,0.6,325,14.1,0.0,0.0,0.0,Spring,No Holiday,Yes
3959,14/05/2018,6.977281341630747,23,18.8,73,0.8,291,13.8,0.0,0.0,0.0,Spring,No Holiday,Yes
3960,15/05/2018,6.639875833826536,0,18.1,77,0.5,287,13.9,0.0,0.0,0.0,Spring,No Holiday,Yes
3961,15/05/2018,6.335054251498059,1,17.5,78,0.6,277,13.6,0.0,0.0,0.0,Spring,No Holiday,Yes
3962,15/05/2018,5.921578419643816,2,17.1,74,0.4,350,12.4,0.0,0.0,0.0,Spring,No Holiday,Yes
3963,15/05/2018,5.488937726156687,3,16.6,74,0.4,402,11.9,0.0,0.0,0.0,Spring,No Holiday,Yes
3964,15/05/2018,5.14166355650266,4,16.1,74,0.8,440,11.4,0.0,0.0,0.0,Spring,No Holiday,Yes
3965,15/05/2018,5.209486152841421,5,15.7,76,0.6,330,11.4,0.0,0.0,0.0,Spring,No Holiday,Yes
3966,15/05/2018,6.333279628139691,6,15.4,84,0.8,235,12.7,0.03,0.0,0.0,Spring,No Holiday,Yes
3967,15/05/2018,7.122866658599083,7,16.2,79,1.2,239,12.5,0.36,0.0,0.0,Spring,No Holiday,Yes
3968,15/05/2018,7.630461261783627,8,18.4,68,1.1,254,12.3,0.88,0.0,0.0,Spring,No Holiday,Yes
3969,15/05/2018,7.046647277848756,9,20.8,53,0.8,381,10.8,1.58,0.0,0.0,Spring,No Holiday,Yes
3970,15/05/2018,6.725033642166843,10,22.7,37,0.9,879,7.2,2.18,0.0,0.0,Spring,No Holiday,Yes
3971,15/05/2018,6.851184927493743,11,24.8,36,1.8,973,8.7,2.7,0.0,0.0,Spring,No Holiday,Yes
3972,15/05/2018,6.9650803456014065,12,26.3,36,1.1,1133,10.0,2.88,0.0,0.0,Spring,No Holiday,Yes
3973,15/05/2018,6.985641817639208,13,27.8,34,1.5,1306,10.4,3.14,0.0,0.0,Spring,No Holiday,Yes
3974,15/05/2018,6.996681488176539,14,28.5,33,0.9,1348,10.6,2.51,0.0,0.0,Spring,No Holiday,Yes
3975,15/05/2018,7.099201743553092,15,29.1,38,1.7,1602,13.3,1.89,0.0,0.0,Spring,No Holiday,Yes
3976,15/05/2018,7.285506548522785,16,28.8,37,2.4,1629,12.6,1.44,0.0,0.0,Spring,No Holiday,Yes
3977,15/05/2018,7.5766097669730375,17,28.5,43,1.7,1404,14.6,1.06,0.0,0.0,Spring,No Holiday,Yes
3978,15/05/2018,7.977968093128549,18,27.5,47,2.5,1113,15.1,0.43,0.0,0.0,Spring,No Holiday,Yes
3979,15/05/2018,7.718240951959316,19,26.9,49,0.9,1063,15.2,0.1,0.0,0.0,Spring,No Holiday,Yes
3980,15/05/2018,7.580189417944541,20,26.3,53,1.0,908,15.9,0.0,0.0,0.0,Spring,No Holiday,Yes
3981,15/05/2018,7.573017256052546,21,25.6,56,0.7,884,16.1,0.0,0.0,0.0,Spring,No Holiday,Yes
3982,15/05/2018,7.403061091090091,22,25.0,59,0.6,742,16.4,0.0,0.0,0.0,Spring,No Holiday,Yes
3983,15/05/2018,6.744059186311348,23,24.8,60,1.0,795,16.5,0.0,0.0,0.0,Spring,No Holiday,Yes
3984,16/05/2018,6.4967749901858625,0,24.4,63,0.8,745,16.8,0.0,0.0,0.0,Spring,No Holiday,Yes
3985,16/05/2018,6.220590170099739,1,24.1,67,0.5,686,17.5,0.0,0.0,0.0,Spring,No Holiday,Yes
3986,16/05/2018,4.983606621708336,2,23.9,69,0.3,531,17.8,0.0,0.2,0.0,Spring,No Holiday,Yes
3987,16/05/2018,5.117993812416755,3,22.6,89,0.7,327,20.6,0.0,0.8,0.0,Spring,No Holiday,Yes
3988,16/05/2018,4.8283137373023015,4,22.3,86,0.5,387,19.8,0.0,0.0,0.0,Spring,No Holiday,Yes
3989,16/05/2018,3.970291913552122,5,22.3,87,0.6,399,20.0,0.0,0.0,0.0,Spring,No Holiday,Yes
3990,16/05/2018,4.912654885736052,6,22.1,94,0.9,269,21.0,0.0,2.0,0.0,Spring,No Holiday,Yes
3991,16/05/2018,5.908082938168931,7,22.0,95,0.7,342,21.1,0.0,0.0,0.0,Spring,No Holiday,Yes
3992,16/05/2018,5.676753802268282,8,22.4,93,1.2,683,21.2,0.04,0.0,0.0,Spring,No Holiday,Yes
3993,16/05/2018,4.584967478670572,9,22.8,93,3.1,569,21.6,0.06,4.0,0.0,Spring,No Holiday,Yes
3994,16/05/2018,4.406719247264253,10,22.8,95,1.7,176,21.9,0.05,1.0,0.0,Spring,No Holiday,Yes
3995,16/05/2018,5.497168225293202,11,22.7,93,4.8,832,21.5,0.17,0.0,0.0,Spring,No Holiday,Yes
3996,16/05/2018,4.0943445622221,12,22.9,87,4.0,1497,20.6,0.22,0.0,0.0,Spring,No Holiday,Yes
3997,16/05/2018,5.0238805208462765,13,21.8,97,2.4,682,21.2,0.06,35.0,0.0,Spring,No Holiday,Yes
3998,16/05/2018,5.517452896464707,14,22.0,96,2.9,1327,21.3,0.39,0.0,0.0,Spring,No Holiday,Yes
3999,16/05/2018,5.484796933490655,15,22.0,96,2.9,313,21.3,0.2,0.0,0.0,Spring,No Holiday,Yes
4000,16/05/2018,5.4116460518550396,16,21.8,97,1.8,206,21.2,0.18,0.0,0.0,Spring,No Holiday,Yes
4001,16/05/2018,5.720311776607412,17,21.9,97,3.2,207,21.3,0.14,0.5,0.0,Spring,No Holiday,Yes
4002,16/05/2018,6.333279628139691,18,21.9,97,2.1,191,21.3,0.08,0.0,0.0,Spring,No Holiday,Yes
4003,16/05/2018,6.003887067106539,19,21.9,97,2.2,196,21.3,0.01,0.0,0.0,Spring,No Holiday,Yes
4004,16/05/2018,5.82600010738045,20,21.8,97,2.2,156,21.2,0.0,0.5,0.0,Spring,No Holiday,Yes
4005,16/05/2018,5.988961416889864,21,21.8,97,1.3,160,21.2,0.0,0.5,0.0,Spring,No Holiday,Yes
4006,16/05/2018,5.991464547107982,22,21.9,97,1.5,164,21.3,0.0,0.0,0.0,Spring,No Holiday,Yes
4007,16/05/2018,5.420534999272286,23,22.0,97,0.9,158,21.4,0.0,0.0,0.0,Spring,No Holiday,Yes
4008,17/05/2018,4.77912349311153,0,22.0,97,1.6,152,21.4,0.0,0.5,0.0,Spring,No Holiday,Yes
4009,17/05/2018,4.976733742420574,1,22.0,97,2.1,192,21.4,0.0,0.5,0.0,Spring,No Holiday,Yes
4010,17/05/2018,4.3694478524670215,2,21.8,97,1.3,175,21.2,0.0,1.0,0.0,Spring,No Holiday,Yes
4011,17/05/2018,3.6635616461296463,3,21.8,98,0.6,113,21.4,0.0,2.5,0.0,Spring,No Holiday,Yes
4012,17/05/2018,3.9512437185814275,4,19.2,98,2.4,1965,18.8,0.0,19.0,0.0,Spring,No Holiday,Yes
4013,17/05/2018,4.007333185232471,5,18.8,97,0.9,1927,18.3,0.0,0.0,0.0,Spring,No Holiday,Yes
4014,17/05/2018,4.248495242049359,6,18.9,98,0.3,338,18.5,0.0,0.0,0.0,Spring,No Holiday,Yes
4015,17/05/2018,4.394449154672439,7,19.1,98,0.3,125,18.7,0.0,0.0,0.0,Spring,No Holiday,Yes
4016,17/05/2018,5.030437921392435,8,19.7,98,0.5,1958,19.3,0.12,13.5,0.0,Spring,No Holiday,Yes
4017,17/05/2018,3.367295829986474,9,19.7,98,0.5,659,19.3,0.05,10.0,0.0,Spring,No Holiday,Yes
4018,17/05/2018,4.955827057601261,10,20.1,98,1.2,885,19.7,0.13,2.0,0.0,Spring,No Holiday,Yes
4019,17/05/2018,5.209486152841421,11,20.4,98,0.9,300,20.0,0.25,2.5,0.0,Spring,No Holiday,Yes
4020,17/05/2018,6.148468295917647,12,21.7,96,0.8,1773,21.0,0.81,1.5,0.0,Spring,No Holiday,Yes
4021,17/05/2018,6.385194398997726,13,23.4,83,1.7,1944,20.3,1.5,0.0,0.0,Spring,No Holiday,Yes
4022,17/05/2018,5.8664680569332965,14,23.4,81,0.6,1921,19.9,0.5,0.0,0.0,Spring,No Holiday,Yes
4023,17/05/2018,5.231108616854587,15,22.8,95,1.6,294,21.9,0.11,0.5,0.0,Spring,No Holiday,Yes
4024,17/05/2018,4.634728988229636,16,22.9,95,0.4,385,22.0,0.31,0.0,0.0,Spring,No Holiday,Yes
4025,17/05/2018,4.882801922586371,17,22.7,96,0.4,249,22.0,0.11,2.5,0.0,Spring,No Holiday,Yes
4026,17/05/2018,6.068425588244111,18,22.6,97,1.1,304,22.0,0.07,1.5,0.0,Spring,No Holiday,Yes
4027,17/05/2018,3.4011973816621555,19,22.3,96,2.6,191,21.6,0.0,0.0,0.0,Spring,No Holiday,Yes
4028,17/05/2018,2.8903717578961645,20,21.3,97,2.8,388,20.7,0.0,12.5,0.0,Spring,No Holiday,Yes
4029,17/05/2018,2.9444389791664403,21,20.5,97,1.1,726,20.0,0.0,4.0,0.0,Spring,No Holiday,Yes
4030,17/05/2018,3.295836866004329,22,20.2,98,0.5,468,19.8,0.0,6.0,0.0,Spring,No Holiday,Yes
4031,17/05/2018,3.58351893845611,23,20.0,98,1.8,589,19.6,0.0,2.5,0.0,Spring,No Holiday,Yes
4032,18/05/2018,4.867534450455582,0,19.3,97,1.8,523,18.8,0.0,1.0,0.0,Spring,No Holiday,Yes
4033,18/05/2018,4.762173934797756,1,19.0,97,1.5,278,18.5,0.0,1.0,0.0,Spring,No Holiday,Yes
4034,18/05/2018,3.8918202981106265,2,18.8,98,1.5,237,18.4,0.0,0.5,0.0,Spring,No Holiday,Yes
4035,18/05/2018,3.871201010907891,3,18.3,98,1.6,320,17.9,0.0,2.0,0.0,Spring,No Holiday,Yes
4036,18/05/2018,3.1354942159291497,4,18.1,98,1.7,223,17.7,0.0,1.0,0.0,Spring,No Holiday,Yes
4037,18/05/2018,3.4011973816621555,5,17.8,98,1.0,457,17.4,0.0,0.5,0.0,Spring,No Holiday,Yes
4038,18/05/2018,4.356708826689592,6,17.4,98,0.3,234,17.0,0.0,0.0,0.0,Spring,No Holiday,Yes
4039,18/05/2018,5.351858133476067,7,16.6,98,0.6,219,16.2,0.01,0.5,0.0,Spring,No Holiday,Yes
4040,18/05/2018,5.993961427306569,8,16.4,98,0.3,514,16.0,0.11,0.0,0.0,Spring,No Holiday,Yes
4041,18/05/2018,6.059123195581797,9,16.6,98,0.6,301,16.2,0.18,0.5,0.0,Spring,No Holiday,Yes
4042,18/05/2018,6.12029741895095,10,16.3,97,1.0,693,15.8,0.37,0.0,0.0,Spring,No Holiday,Yes
4043,18/05/2018,5.8664680569332965,11,16.6,96,0.7,539,15.9,0.41,0.0,0.0,Spring,No Holiday,Yes
4044,18/05/2018,5.225746673713202,12,16.6,96,0.8,430,15.9,0.34,0.0,0.0,Spring,No Holiday,Yes
4045,18/05/2018,6.234410725718371,13,16.7,93,1.0,1373,15.5,0.72,0.5,0.0,Spring,No Holiday,Yes
4046,18/05/2018,6.548219102762372,14,16.7,88,1.5,1760,14.6,0.72,0.0,0.0,Spring,No Holiday,Yes
4047,18/05/2018,6.810142450115136,15,16.7,85,1.2,2000,14.1,0.49,0.0,0.0,Spring,No Holiday,Yes
4048,18/05/2018,7.075808863978387,16,17.0,82,1.9,2000,13.8,0.84,0.0,0.0,Spring,No Holiday,Yes
4049,18/05/2018,7.347299700743164,17,17.2,81,1.2,2000,13.9,0.57,0.0,0.0,Spring,No Holiday,Yes
4050,18/05/2018,7.724004656676065,18,17.5,79,1.5,2000,13.8,0.57,0.0,0.0,Spring,No Holiday,Yes
4051,18/05/2018,7.468513271496337,19,17.0,76,1.5,2000,12.7,0.29,0.0,0.0,Spring,No Holiday,Yes
4052,18/05/2018,7.234898420314831,20,16.2,76,2.1,2000,11.9,0.02,0.0,0.0,Spring,No Holiday,Yes
4053,18/05/2018,7.142036574706803,21,15.3,73,2.3,2000,10.4,0.0,0.0,0.0,Spring,No Holiday,Yes
4054,18/05/2018,7.108244139731541,22,14.2,73,1.9,2000,9.4,0.0,0.0,0.0,Spring,No Holiday,Yes
4055,18/05/2018,6.762729506931879,23,13.2,68,1.8,2000,7.4,0.0,0.0,0.0,Spring,No Holiday,Yes
4056,19/05/2018,6.536691597591305,0,12.2,67,1.2,2000,6.2,0.0,0.0,0.0,Spring,No Holiday,Yes
4057,19/05/2018,6.517671272912275,1,11.4,74,1.3,2000,6.9,0.0,0.0,0.0,Spring,No Holiday,Yes
4058,19/05/2018,6.267200548541362,2,11.1,74,1.9,2000,6.6,0.0,0.0,0.0,Spring,No Holiday,Yes
4059,19/05/2018,5.771441123130016,3,10.7,73,1.3,2000,6.0,0.0,0.0,0.0,Spring,No Holiday,Yes
4060,19/05/2018,5.365976015021851,4,10.5,73,1.2,2000,5.8,0.0,0.0,0.0,Spring,No Holiday,Yes
4061,19/05/2018,5.293304824724492,5,10.4,71,1.1,2000,5.3,0.0,0.0,0.0,Spring,No Holiday,Yes
4062,19/05/2018,5.459585514144159,6,10.5,70,1.0,2000,5.2,0.03,0.0,0.0,Spring,No Holiday,Yes
4063,19/05/2018,6.07993319509559,7,11.4,0,1.4,2000,4.5,0.46,0.0,0.0,Spring,No Holiday,Yes
4064,19/05/2018,6.642486801367256,8,13.7,57,1.4,2000,5.3,1.28,0.0,0.0,Spring,No Holiday,Yes
4065,19/05/2018,6.838405200847344,9,15.7,49,1.6,2000,5.0,2.0,0.0,0.0,Spring,No Holiday,Yes
4066,19/05/2018,6.9584483932976555,10,17.2,45,2.1,2000,5.1,2.61,0.0,0.0,Spring,No Holiday,Yes
4067,19/05/2018,7.1631723908466425,11,19.0,44,1.4,2000,6.4,3.12,0.0,0.0,Spring,No Holiday,Yes
4068,19/05/2018,7.3613754289773485,12,20.5,42,2.1,2000,7.1,3.42,0.0,0.0,Spring,No Holiday,Yes
4069,19/05/2018,7.531552381407289,13,21.9,39,2.0,2000,7.3,3.52,0.0,0.0,Spring,No Holiday,Yes
4070,19/05/2018,7.663407664893479,14,22.8,39,2.6,1983,8.1,3.39,0.0,0.0,Spring,No Holiday,Yes
4071,19/05/2018,7.727094484779841,15,23.9,37,1.6,2000,8.3,3.07,0.0,0.0,Spring,No Holiday,Yes
4072,19/05/2018,7.8160138391590275,16,24.5,34,1.5,2000,7.5,2.54,0.0,0.0,Spring,No Holiday,Yes
4073,19/05/2018,7.764720544771477,17,24.5,35,1.8,1927,8.0,1.93,0.0,0.0,Spring,No Holiday,Yes
4074,19/05/2018,7.799753318287247,18,24.0,34,1.7,2000,7.1,1.22,0.0,0.0,Spring,No Holiday,Yes
4075,19/05/2018,7.669028288589683,19,22.6,34,1.5,2000,5.9,0.51,0.0,0.0,Spring,No Holiday,Yes
4076,19/05/2018,7.5352967024440884,20,20.9,34,1.4,2000,4.4,0.03,0.0,0.0,Spring,No Holiday,Yes
4077,19/05/2018,7.484930283289661,21,19.5,34,1.3,2000,3.2,0.0,0.0,0.0,Spring,No Holiday,Yes
4078,19/05/2018,7.3752557780097545,22,18.4,34,1.2,2000,2.2,0.0,0.0,0.0,Spring,No Holiday,Yes
4079,19/05/2018,7.064759027791802,23,17.1,37,1.3,2000,2.2,0.0,0.0,0.0,Spring,No Holiday,Yes
4080,20/05/2018,6.894670039433482,0,15.8,41,1.2,2000,2.5,0.0,0.0,0.0,Spring,No Holiday,Yes
4081,20/05/2018,6.570882962339584,1,14.7,43,1.2,2000,2.2,0.0,0.0,0.0,Spring,No Holiday,Yes
4082,20/05/2018,6.161207321695077,2,13.9,43,0.9,2000,1.5,0.0,0.0,0.0,Spring,No Holiday,Yes
4083,20/05/2018,5.8522024797744745,3,13.5,41,1.0,2000,0.4,0.0,0.0,0.0,Spring,No Holiday,Yes
4084,20/05/2018,5.327876168789581,4,12.8,44,0.8,2000,0.8,0.0,0.0,0.0,Spring,No Holiday,Yes
4085,20/05/2018,5.081404364984463,5,12.1,47,1.6,2000,1.1,0.0,0.0,0.0,Spring,No Holiday,Yes
4086,20/05/2018,5.25227342804663,6,11.6,46,0.8,2000,0.3,0.05,0.0,0.0,Spring,No Holiday,Yes
4087,20/05/2018,5.834810737062605,7,12.3,43,0.6,2000,0.0,0.3,0.0,0.0,Spring,No Holiday,Yes
4088,20/05/2018,6.263398262591624,8,14.1,38,1.0,2000,0.0,0.72,0.0,0.0,Spring,No Holiday,Yes
4089,20/05/2018,6.517671272912275,9,16.0,34,1.3,2000,0.1,1.0,0.0,0.0,Spring,No Holiday,Yes
4090,20/05/2018,6.802394763324311,10,17.0,37,1.4,2000,2.1,0.94,0.0,0.0,Spring,No Holiday,Yes
4091,20/05/2018,6.921658184151129,11,18.7,30,1.9,2000,0.7,1.66,0.0,0.0,Spring,No Holiday,Yes
4092,20/05/2018,7.1808311990445555,12,18.8,31,1.2,2000,1.2,0.92,0.0,0.0,Spring,No Holiday,Yes
4093,20/05/2018,7.352441100243583,13,19.9,33,1.4,2000,3.1,1.28,0.0,0.0,Spring,No Holiday,Yes
4094,20/05/2018,7.427144133408616,14,20.3,30,1.8,2000,2.1,1.01,0.0,0.0,Spring,No Holiday,Yes
4095,20/05/2018,7.600902459542082,15,21.0,28,1.7,2000,1.7,1.16,0.0,0.0,Spring,No Holiday,Yes
4096,20/05/2018,7.670428522190693,16,22.2,23,2.2,2000,0.0,1.66,0.0,0.0,Spring,No Holiday,Yes
4097,20/05/2018,7.745435610274381,17,22.4,23,2.4,2000,0.2,1.89,0.0,0.0,Spring,No Holiday,Yes
4098,20/05/2018,7.784889295655098,18,22.2,22,1.8,2000,-0.5,1.25,0.0,0.0,Spring,No Holiday,Yes
4099,20/05/2018,7.671360923190644,19,20.8,24,2.0,2000,-0.5,0.56,0.0,0.0,Spring,No Holiday,Yes
4100,20/05/2018,7.52131798019924,20,19.0,26,1.5,2000,-0.9,0.02,0.0,0.0,Spring,No Holiday,Yes
4101,20/05/2018,7.400620577371135,21,17.8,26,1.3,2000,-1.9,0.0,0.0,0.0,Spring,No Holiday,Yes
4102,20/05/2018,7.189922170745808,22,16.8,29,1.2,2000,-1.3,0.0,0.0,0.0,Spring,No Holiday,Yes
4103,20/05/2018,6.8501261661455,23,15.8,30,1.1,2000,-1.7,0.0,0.0,0.0,Spring,No Holiday,Yes
4104,21/05/2018,6.502790045915623,0,15.3,29,1.3,2000,-2.6,0.0,0.0,0.0,Spring,No Holiday,Yes
4105,21/05/2018,6.042632833682381,1,14.5,31,1.1,2000,-2.4,0.0,0.0,0.0,Spring,No Holiday,Yes
4106,21/05/2018,5.572154032177765,2,13.9,0,0.9,2000,-2.1,0.0,0.0,0.0,Spring,No Holiday,Yes
4107,21/05/2018,5.111987788356544,3,13.0,0,0.8,2000,-2.5,0.0,0.0,0.0,Spring,No Holiday,Yes
4108,21/05/2018,4.736198448394496,4,12.4,0,0.8,2000,-3.4,0.0,0.0,0.0,Spring,No Holiday,Yes
4109,21/05/2018,5.303304908059076,5,11.9,0,1.3,2000,-2.7,0.0,0.0,0.0,Spring,No Holiday,Yes
4110,21/05/2018,6.148468295917647,6,11.4,0,0.9,2000,-2.0,0.03,0.0,0.0,Spring,No Holiday,Yes
4111,21/05/2018,7.035268599281097,7,12.3,0,0.9,1989,-2.7,0.48,0.0,0.0,Spring,No Holiday,Yes
4112,21/05/2018,7.487733761436444,8,15.3,30,1.3,2000,-2.2,1.3,0.0,0.0,Spring,No Holiday,Yes
4113,21/05/2018,7.020190708311925,9,17.7,27,1.3,2000,-1.5,2.02,0.0,0.0,Spring,No Holiday,Yes
4114,21/05/2018,6.870053411798126,10,19.3,27,1.4,2000,-0.1,2.63,0.0,0.0,Spring,No Holiday,Yes
4115,21/05/2018,7.029972911706386,11,20.9,27,1.7,2000,1.1,3.11,0.0,0.0,Spring,No Holiday,Yes
4116,21/05/2018,7.2254814727822945,12,21.8,31,2.1,2000,3.9,3.39,0.0,0.0,Spring,No Holiday,Yes
4117,21/05/2018,7.284134806195205,13,22.8,31,1.9,1923,4.7,3.49,0.0,0.0,Spring,No Holiday,Yes
4118,21/05/2018,7.302496423727326,14,23.4,36,2.8,1947,7.4,3.11,0.0,0.0,Spring,No Holiday,Yes
4119,21/05/2018,7.385851078125209,15,23.3,38,1.5,1963,8.1,2.13,0.0,0.0,Spring,No Holiday,Yes
4120,21/05/2018,7.507141079727608,16,22.7,42,1.9,2000,9.1,1.13,0.0,0.0,Spring,No Holiday,Yes
4121,21/05/2018,7.703007682479236,17,22.2,45,2.4,2000,9.6,0.83,0.0,0.0,Spring,No Holiday,Yes
4122,21/05/2018,8.029432840581244,18,21.6,48,2.5,1884,10.1,0.61,0.0,0.0,Spring,No Holiday,Yes
4123,21/05/2018,7.804251383528112,19,19.5,56,1.6,1600,10.4,0.29,0.0,0.0,Spring,No Holiday,Yes
4124,21/05/2018,7.681560362559537,20,18.4,59,2.6,1476,10.2,0.04,0.0,0.0,Spring,No Holiday,Yes
4125,21/05/2018,7.633369649679584,21,17.7,63,0.5,1324,10.5,0.0,0.0,0.0,Spring,No Holiday,Yes
4126,21/05/2018,7.513709247839705,22,16.9,65,0.3,1281,10.2,0.0,0.0,0.0,Spring,No Holiday,Yes
4127,21/05/2018,7.149916836132109,23,16.3,70,0.7,1293,10.8,0.0,0.0,0.0,Spring,No Holiday,Yes
4128,22/05/2018,6.86484777797086,0,16.0,71,0.5,1299,10.7,0.0,0.0,0.0,Spring,Holiday,Yes
4129,22/05/2018,6.698268054115413,1,15.9,71,1.1,1312,10.6,0.0,0.0,0.0,Spring,Holiday,Yes
4130,22/05/2018,6.3818160174060985,2,15.7,74,1.0,1313,11.0,0.0,0.0,0.0,Spring,Holiday,Yes
4131,22/05/2018,6.008813185442595,3,15.5,0,0.7,1420,10.4,0.0,0.0,0.0,Spring,Holiday,Yes
4132,22/05/2018,5.517452896464707,4,15.6,0,0.5,1502,10.5,0.0,0.0,0.0,Spring,Holiday,Yes
4133,22/05/2018,5.209486152841421,5,15.7,0,0.6,1610,10.6,0.0,0.0,0.0,Spring,Holiday,Yes
4134,22/05/2018,5.627621113690637,6,15.5,0,0.5,1691,10.4,0.06,0.0,0.0,Spring,Holiday,Yes
4135,22/05/2018,6.095824562432225,7,16.3,69,0.7,1750,10.5,0.34,0.0,0.0,Spring,Holiday,Yes
4136,22/05/2018,6.543911845564792,8,18.2,63,0.8,1731,11.0,1.0,0.0,0.0,Spring,Holiday,Yes
4137,22/05/2018,6.816735880594968,9,19.3,62,0.8,1894,11.8,1.14,0.0,0.0,Spring,Holiday,Yes
4138,22/05/2018,7.02108396428914,10,20.7,55,1.8,1698,11.3,1.43,0.0,0.0,Spring,Holiday,Yes
4139,22/05/2018,7.271703706887368,11,21.9,55,1.4,1820,12.4,1.87,0.0,0.0,Spring,Holiday,Yes
4140,22/05/2018,7.4949862339505335,12,22.9,51,1.1,1591,12.2,1.8,0.0,0.0,Spring,Holiday,Yes
4141,22/05/2018,7.601402334583733,13,22.7,52,1.0,1399,12.3,0.94,0.0,0.0,Spring,Holiday,Yes
4142,22/05/2018,7.249925536717988,14,22.8,53,1.4,1630,12.7,0.98,0.0,0.0,Spring,Holiday,Yes
4143,22/05/2018,5.099866427824199,15,21.1,72,2.7,663,15.8,0.31,0.1,0.0,Spring,Holiday,Yes
4144,22/05/2018,4.465908118654584,16,19.5,80,1.2,553,15.9,0.53,0.4,0.0,Spring,Holiday,Yes
4145,22/05/2018,3.9318256327243257,17,18.6,84,1.8,499,15.8,0.28,1.0,0.0,Spring,Holiday,Yes
4146,22/05/2018,3.4339872044851463,18,17.9,93,1.2,258,16.7,0.13,2.0,0.0,Spring,Holiday,Yes
4147,22/05/2018,3.828641396489095,19,17.6,93,0.3,331,16.4,0.06,1.5,0.0,Spring,Holiday,Yes
4148,22/05/2018,3.4339872044851463,20,17.2,85,1.4,467,14.6,0.0,0.5,0.0,Spring,Holiday,Yes
4149,22/05/2018,4.07753744390572,21,17.0,85,1.1,597,14.4,0.0,0.5,0.0,Spring,Holiday,Yes
4150,22/05/2018,3.4011973816621555,22,16.8,87,0.6,447,14.6,0.0,0.5,0.0,Spring,Holiday,Yes
4151,22/05/2018,2.9444389791664403,23,16.3,96,1.1,198,15.6,0.0,2.5,0.0,Spring,Holiday,Yes
4152,23/05/2018,3.4965075614664802,0,15.8,97,2.4,181,15.3,0.0,3.5,0.0,Spring,No Holiday,Yes
4153,23/05/2018,3.258096538021482,1,15.3,97,3.2,178,14.8,0.0,3.0,0.0,Spring,No Holiday,Yes
4154,23/05/2018,3.5553480614894135,2,15.0,97,2.5,236,14.5,0.0,3.0,0.0,Spring,No Holiday,Yes
4155,23/05/2018,3.784189633918261,3,14.9,96,2.2,636,14.2,0.0,0.5,0.0,Spring,No Holiday,Yes
4156,23/05/2018,4.0943445622221,4,15.0,97,1.4,1827,14.5,0.0,0.0,0.0,Spring,No Holiday,Yes
4157,23/05/2018,5.030437921392435,5,14.6,87,2.2,2000,12.4,0.0,0.0,0.0,Spring,No Holiday,Yes
4158,23/05/2018,6.07993319509559,6,13.9,83,3.2,2000,11.0,0.04,0.0,0.0,Spring,No Holiday,Yes
4159,23/05/2018,7.124478262493424,7,13.6,75,1.6,1987,9.2,0.47,0.0,0.0,Spring,No Holiday,Yes
4160,23/05/2018,7.618742377670413,8,14.6,70,3.1,2000,9.1,1.28,0.0,0.0,Spring,No Holiday,Yes
4161,23/05/2018,7.026426808699636,9,16.0,60,1.9,1992,8.2,1.98,0.0,0.0,Spring,No Holiday,Yes
4162,23/05/2018,6.77078942390898,10,17.9,56,3.3,1919,8.9,2.63,0.0,0.0,Spring,No Holiday,Yes
4163,23/05/2018,6.920671504248683,11,18.9,42,3.8,2000,5.6,3.13,0.0,0.0,Spring,No Holiday,Yes
4164,23/05/2018,7.104144092987527,12,20.1,37,4.0,1910,4.9,3.44,0.0,0.0,Spring,No Holiday,Yes
4165,23/05/2018,7.0630481633881725,13,20.9,33,3.9,1853,4.0,3.52,0.0,0.0,Spring,No Holiday,Yes
4166,23/05/2018,7.076653815443951,14,22.0,33,3.4,1966,4.9,3.41,0.0,0.0,Spring,No Holiday,Yes
4167,23/05/2018,7.195187320178709,15,23.0,29,2.9,1876,3.9,3.11,0.0,0.0,Spring,No Holiday,Yes
4168,23/05/2018,7.355001921105257,16,23.0,33,4.2,1880,5.8,2.57,0.0,0.0,Spring,No Holiday,Yes
4169,23/05/2018,7.635303886259415,17,22.4,39,3.2,1943,7.7,1.9,0.0,0.0,Spring,No Holiday,Yes
4170,23/05/2018,8.046869510959576,18,21.7,40,3.5,1987,7.4,1.18,0.0,0.0,Spring,No Holiday,Yes
4171,23/05/2018,7.805882040228621,19,18.8,52,3.4,2000,8.7,0.49,0.0,0.0,Spring,No Holiday,Yes
4172,23/05/2018,7.601901959875166,20,16.7,61,1.9,2000,9.1,0.05,0.0,0.0,Spring,No Holiday,Yes
4173,23/05/2018,7.51425465281641,21,15.4,61,1.1,1959,7.9,0.0,0.0,0.0,Spring,No Holiday,Yes
4174,23/05/2018,7.370860166536716,22,14.8,59,1.0,1740,6.8,0.0,0.0,0.0,Spring,No Holiday,Yes
4175,23/05/2018,6.985641817639208,23,14.6,54,1.5,1596,5.3,0.0,0.0,0.0,Spring,No Holiday,Yes
4176,24/05/2018,6.658011045870748,0,13.7,51,1.3,1651,3.7,0.0,0.0,0.0,Spring,No Holiday,Yes
4177,24/05/2018,6.361302477572996,1,12.9,62,0.6,1557,5.7,0.0,0.0,0.0,Spring,No Holiday,Yes
4178,24/05/2018,5.955837369464831,2,12.5,54,0.7,1500,3.4,0.0,0.0,0.0,Spring,No Holiday,Yes
4179,24/05/2018,5.583496308781699,3,12.1,64,0.8,1538,5.4,0.0,0.0,0.0,Spring,No Holiday,Yes
4180,24/05/2018,5.087596335232384,4,11.7,64,1.6,1578,5.1,0.0,0.0,0.0,Spring,No Holiday,Yes
4181,24/05/2018,5.327876168789581,5,11.3,64,1.2,1634,4.7,0.0,0.0,0.0,Spring,No Holiday,Yes
4182,24/05/2018,6.274762021241939,6,11.4,67,1.0,1600,5.4,0.04,0.0,0.0,Spring,No Holiday,Yes
4183,24/05/2018,7.237778191923443,7,12.5,61,1.3,1818,5.1,0.42,0.0,0.0,Spring,No Holiday,Yes
4184,24/05/2018,7.641084249174914,8,15.2,50,1.6,1530,4.8,1.1,0.0,0.0,Spring,No Holiday,Yes
4185,24/05/2018,7.112327444710911,9,17.6,30,1.1,1531,0.0,1.79,0.0,0.0,Spring,No Holiday,Yes
4186,24/05/2018,6.78105762593618,10,19.9,27,2.7,1775,0.3,2.44,0.0,0.0,Spring,No Holiday,Yes
4187,24/05/2018,6.827629234502852,11,21.5,30,2.9,1779,3.1,2.92,0.0,0.0,Spring,No Holiday,Yes
4188,24/05/2018,6.992096427415888,12,22.1,36,5.3,1696,6.3,3.2,0.0,0.0,Spring,No Holiday,Yes
4189,24/05/2018,6.983789965258135,13,23.3,35,3.7,1874,6.9,3.28,0.0,0.0,Spring,No Holiday,Yes
4190,24/05/2018,6.966024187106113,14,23.2,36,4.9,1597,7.2,3.18,0.0,0.0,Spring,No Holiday,Yes
4191,24/05/2018,7.069023426578259,15,23.5,36,3.2,1786,7.5,2.91,0.0,0.0,Spring,No Holiday,Yes
4192,24/05/2018,7.283448228756631,16,23.5,36,4.0,1763,7.5,2.42,0.0,0.0,Spring,No Holiday,Yes
4193,24/05/2018,7.530479995245536,17,23.4,38,2.7,1885,8.2,1.76,0.0,0.0,Spring,No Holiday,Yes
4194,24/05/2018,7.946617563244473,18,22.6,39,2.8,1655,7.9,1.1,0.0,0.0,Spring,No Holiday,Yes
4195,24/05/2018,7.755767170102998,19,21.1,44,2.6,1512,8.3,0.41,0.0,0.0,Spring,No Holiday,Yes
4196,24/05/2018,7.551186867296149,20,20.0,46,2.6,1414,8.0,0.05,0.0,0.0,Spring,No Holiday,Yes
4197,24/05/2018,7.516977224604321,21,19.3,50,1.7,1381,8.6,0.0,0.0,0.0,Spring,No Holiday,Yes
4198,24/05/2018,7.425953657077541,22,18.6,54,2.3,1328,9.0,0.0,0.0,0.0,Spring,No Holiday,Yes
4199,24/05/2018,6.992096427415888,23,18.1,56,1.6,1095,9.1,0.0,0.0,0.0,Spring,No Holiday,Yes
4200,25/05/2018,6.723832440821209,0,17.6,57,1.8,943,8.9,0.0,0.0,0.0,Spring,No Holiday,Yes
4201,25/05/2018,6.415096959171596,1,16.9,61,1.0,844,9.3,0.0,0.0,0.0,Spring,No Holiday,Yes
4202,25/05/2018,6.082218910376446,2,16.1,70,0.6,787,10.6,0.0,0.0,0.0,Spring,No Holiday,Yes
4203,25/05/2018,5.659482215759621,3,15.4,71,0.5,780,10.1,0.0,0.0,0.0,Spring,No Holiday,Yes
4204,25/05/2018,5.241747015059643,4,14.8,71,0.4,700,9.5,0.0,0.0,0.0,Spring,No Holiday,Yes
4205,25/05/2018,5.308267697401205,5,14.3,75,0.6,635,9.9,0.0,0.0,0.0,Spring,No Holiday,Yes
4206,25/05/2018,6.2766434893416445,6,13.8,74,0.7,644,9.2,0.05,0.0,0.0,Spring,No Holiday,Yes
4207,25/05/2018,7.1316985104669115,7,14.4,66,1.1,704,8.1,0.42,0.0,0.0,Spring,No Holiday,Yes
4208,25/05/2018,7.599401333415815,8,17.1,57,1.7,792,8.5,1.21,0.0,0.0,Spring,No Holiday,Yes
4209,25/05/2018,7.022868086082641,9,19.5,44,1.3,995,6.9,1.88,0.0,0.0,Spring,No Holiday,Yes
4210,25/05/2018,6.709304340258298,10,21.4,30,2.5,1730,3.0,2.53,0.0,0.0,Spring,No Holiday,Yes
4211,25/05/2018,6.866933284461882,11,23.1,30,2.5,1896,4.5,3.01,0.0,0.0,Spring,No Holiday,Yes
4212,25/05/2018,6.9874902470009905,12,24.4,24,2.9,1811,2.5,3.28,0.0,0.0,Spring,No Holiday,Yes
4213,25/05/2018,7.009408932708637,13,25.6,26,2.7,1747,4.6,3.36,0.0,0.0,Spring,No Holiday,Yes
4214,25/05/2018,7.057897937411856,14,26.0,23,2.3,1923,3.2,2.92,0.0,0.0,Spring,No Holiday,Yes
4215,25/05/2018,7.175489713624222,15,25.1,25,2.7,1959,3.6,2.2,0.0,0.0,Spring,No Holiday,Yes
4216,25/05/2018,7.335633981927201,16,24.3,27,4.1,1892,4.0,1.78,0.0,0.0,Spring,No Holiday,Yes
4217,25/05/2018,7.607878073278507,17,23.6,28,3.1,1844,4.0,1.26,0.0,0.0,Spring,No Holiday,Yes
4218,25/05/2018,7.978310969867722,18,23.3,32,2.6,1772,5.6,1.05,0.0,0.0,Spring,No Holiday,Yes
4219,25/05/2018,7.708859601047175,19,22.0,40,1.6,1658,7.7,0.47,0.0,0.0,Spring,No Holiday,Yes
4220,25/05/2018,7.552762084214147,20,20.4,45,2.0,1457,8.0,0.06,0.0,0.0,Spring,No Holiday,Yes
4221,25/05/2018,7.462214939768189,21,19.1,50,1.4,1378,8.4,0.0,0.0,0.0,Spring,No Holiday,Yes
4222,25/05/2018,7.396948602621014,22,18.3,54,1.7,1394,8.8,0.0,0.0,0.0,Spring,No Holiday,Yes
4223,25/05/2018,7.098375638590786,23,17.6,55,0.5,1362,8.4,0.0,0.0,0.0,Spring,No Holiday,Yes
4224,26/05/2018,6.895682697747868,0,17.0,59,1.1,1299,8.9,0.0,0.0,0.0,Spring,No Holiday,Yes
4225,26/05/2018,6.731018100482083,1,16.2,63,0.7,1328,9.1,0.0,0.0,0.0,Spring,No Holiday,Yes
4226,26/05/2018,6.35088571671474,2,15.8,66,0.6,1204,9.4,0.0,0.0,0.0,Spring,No Holiday,Yes
4227,26/05/2018,6.040254711277414,3,15.3,69,0.5,1103,9.6,0.0,0.0,0.0,Spring,No Holiday,Yes
4228,26/05/2018,5.4510384535657,4,14.8,73,0.5,994,9.9,0.0,0.0,0.0,Spring,No Holiday,Yes
4229,26/05/2018,5.293304824724492,5,14.4,73,0.4,978,9.6,0.0,0.0,0.0,Spring,No Holiday,Yes
4230,26/05/2018,5.703782474656201,6,14.2,72,0.6,947,9.2,0.04,0.0,0.0,Spring,No Holiday,Yes
4231,26/05/2018,6.222576268071369,7,15.0,64,0.6,902,8.2,0.46,0.0,0.0,Spring,No Holiday,Yes
4232,26/05/2018,6.638567789166521,8,17.8,52,0.6,1094,7.8,1.18,0.0,0.0,Spring,No Holiday,Yes
4233,26/05/2018,6.900730664045173,9,20.6,43,1.1,1104,7.5,1.84,0.0,0.0,Spring,No Holiday,Yes
4234,26/05/2018,6.918695219020472,10,23.2,41,1.1,1440,9.2,2.45,0.0,0.0,Spring,No Holiday,Yes
4235,26/05/2018,7.060476365999801,11,24.8,34,0.9,1439,7.8,2.92,0.0,0.0,Spring,No Holiday,Yes
4236,26/05/2018,7.1592919047975645,12,26.2,31,1.2,1161,7.7,3.18,0.0,0.0,Spring,No Holiday,Yes
4237,26/05/2018,7.273786317844895,13,27.8,31,2.0,1326,9.1,3.29,0.0,0.0,Spring,No Holiday,Yes
4238,26/05/2018,7.278628942320682,14,28.3,30,2.3,1025,9.0,3.14,0.0,0.0,Spring,No Holiday,Yes
4239,26/05/2018,7.362645270417825,15,29.4,30,2.0,882,10.0,2.82,0.0,0.0,Spring,No Holiday,Yes
4240,26/05/2018,7.43307534889858,16,29.0,31,2.9,889,10.1,2.26,0.0,0.0,Spring,No Holiday,Yes
4241,26/05/2018,7.54274354536855,17,27.9,34,3.8,1259,10.5,1.73,0.0,0.0,Spring,No Holiday,Yes
4242,26/05/2018,7.611347717403621,18,27.0,33,2.2,822,9.3,1.07,0.0,0.0,Spring,No Holiday,Yes
4243,26/05/2018,7.593877844605118,19,24.9,46,3.1,1341,12.4,0.43,0.0,0.0,Spring,No Holiday,Yes
4244,26/05/2018,7.554858521040676,20,22.3,50,2.7,1512,11.3,0.05,0.0,0.0,Spring,No Holiday,Yes
4245,26/05/2018,7.524021415206125,21,21.7,58,1.3,1173,13.0,0.0,0.0,0.0,Spring,No Holiday,Yes
4246,26/05/2018,7.428927194802272,22,21.2,60,1.0,1192,13.1,0.0,0.0,0.0,Spring,No Holiday,Yes
4247,26/05/2018,7.193685818395112,23,20.7,63,0.8,1130,13.3,0.0,0.0,0.0,Spring,No Holiday,Yes
4248,27/05/2018,6.993932975223189,0,20.1,65,1.6,1097,13.3,0.0,0.0,0.0,Spring,No Holiday,Yes
4249,27/05/2018,6.684611727667927,1,19.8,61,1.4,943,12.0,0.0,0.0,0.0,Spring,No Holiday,Yes
4250,27/05/2018,6.320768294250582,2,19.0,62,1.8,974,11.5,0.0,0.0,0.0,Spring,No Holiday,Yes
4251,27/05/2018,6.049733455231958,3,18.5,62,0.8,1073,11.0,0.0,0.0,0.0,Spring,No Holiday,Yes
4252,27/05/2018,5.342334251964811,4,17.9,59,1.3,1261,9.7,0.0,0.0,0.0,Spring,No Holiday,Yes
4253,27/05/2018,5.1647859739235145,5,17.6,0,0.8,1304,9.7,0.0,0.0,0.0,Spring,No Holiday,Yes
4254,27/05/2018,5.459585514144159,6,17.3,62,1.4,1293,9.9,0.03,0.0,0.0,Spring,No Holiday,Yes
4255,27/05/2018,5.834810737062605,7,17.6,0,1.4,1219,8.7,0.34,0.0,0.0,Spring,No Holiday,Yes
4256,27/05/2018,6.411818267709897,8,18.3,51,2.0,1366,7.9,0.7,0.0,0.0,Spring,No Holiday,Yes
4257,27/05/2018,6.637258031284457,9,19.5,43,1.5,1548,0.0,1.02,0.0,0.0,Spring,No Holiday,Yes
4258,27/05/2018,6.71174039505618,10,21.6,33,2.0,1697,0.0,1.86,0.0,0.0,Spring,No Holiday,Yes
4259,27/05/2018,6.912742820493176,11,22.3,33,1.8,1853,0.0,1.54,0.0,0.0,Spring,No Holiday,Yes
4260,27/05/2018,7.247792581767846,12,23.4,38,2.8,1756,8.2,1.87,0.0,0.0,Spring,No Holiday,Yes
4261,27/05/2018,7.365180126021013,13,24.3,37,2.3,1583,8.6,2.22,0.0,0.0,Spring,No Holiday,Yes
4262,27/05/2018,7.456454555176209,14,24.2,36,4.0,1907,8.1,2.16,0.0,0.0,Spring,No Holiday,Yes
4263,27/05/2018,7.61085279039525,15,23.9,37,2.6,1889,8.3,1.82,0.0,0.0,Spring,No Holiday,Yes
4264,27/05/2018,7.715569534520208,16,24.0,36,1.6,1811,7.9,1.34,0.0,0.0,Spring,No Holiday,Yes
4265,27/05/2018,7.744136627627991,17,23.5,32,3.2,1925,0.0,1.01,0.0,0.0,Spring,No Holiday,Yes
4266,27/05/2018,7.7266536648476425,18,23.0,36,2.8,1904,7.1,0.85,0.0,0.0,Spring,No Holiday,Yes
4267,27/05/2018,7.699842407396986,19,21.7,38,2.1,1857,6.7,0.27,0.0,0.0,Spring,No Holiday,Yes
4268,27/05/2018,7.623153068476902,20,20.6,41,2.3,1788,6.8,0.09,0.0,0.0,Spring,No Holiday,Yes
4269,27/05/2018,7.455876687491824,21,19.5,46,1.8,1734,7.5,0.0,0.0,0.0,Spring,No Holiday,Yes
4270,27/05/2018,7.226209010100671,22,18.6,50,1.0,1830,7.9,0.0,0.0,0.0,Spring,No Holiday,Yes
4271,27/05/2018,6.977281341630747,23,17.9,53,1.9,1774,8.1,0.0,0.0,0.0,Spring,No Holiday,Yes
4272,28/05/2018,6.647688373563329,0,17.3,55,0.7,1741,8.1,0.0,0.0,0.0,Spring,No Holiday,Yes
4273,28/05/2018,6.089044875446846,1,16.7,60,0.8,1806,8.8,0.0,0.0,0.0,Spring,No Holiday,Yes
4274,28/05/2018,5.817111159963204,2,16.5,58,0.3,1759,8.1,0.0,0.0,0.0,Spring,No Holiday,Yes
4275,28/05/2018,5.225746673713202,3,17.1,56,0.4,1583,8.2,0.0,0.0,0.0,Spring,No Holiday,Yes
4276,28/05/2018,4.90527477843843,4,17.2,0,0.4,1619,8.8,0.0,0.0,0.0,Spring,No Holiday,Yes
4277,28/05/2018,5.5134287461649825,5,16.6,0,0.9,1361,9.7,0.0,0.0,0.0,Spring,No Holiday,Yes
4278,28/05/2018,6.464588303689961,6,16.2,0,0.5,1588,9.3,0.05,0.0,0.0,Spring,No Holiday,Yes
4279,28/05/2018,7.315218389752975,7,16.8,0,0.8,1387,8.9,0.36,0.0,0.0,Spring,No Holiday,Yes
4280,28/05/2018,7.693937325509272,8,19.5,50,0.7,1329,8.7,1.19,0.0,0.0,Spring,No Holiday,Yes
4281,28/05/2018,7.0317412587631285,9,21.7,48,1.1,1806,10.2,1.92,0.0,0.0,Spring,No Holiday,Yes
4282,28/05/2018,6.720220155135295,10,23.3,49,1.1,1881,11.9,2.46,0.0,0.0,Spring,No Holiday,Yes
4283,28/05/2018,6.894670039433482,11,25.1,45,0.9,1982,12.3,2.9,0.0,0.0,Spring,No Holiday,Yes
4284,28/05/2018,7.038783541388542,12,26.3,44,1.8,2000,13.0,3.24,0.0,0.0,Spring,No Holiday,Yes
4285,28/05/2018,7.025538314638521,13,27.7,39,1.9,1882,12.4,3.33,0.0,0.0,Spring,No Holiday,Yes
4286,28/05/2018,7.029087564149662,14,28.7,36,2.6,1853,12.1,3.21,0.0,0.0,Spring,No Holiday,Yes
4287,28/05/2018,7.138073034044347,15,28.4,43,3.1,900,14.6,2.28,0.0,0.0,Spring,No Holiday,Yes
4288,28/05/2018,7.311886164077165,16,28.1,43,3.4,845,14.3,2.32,0.0,0.0,Spring,No Holiday,Yes
4289,28/05/2018,7.630946580890459,17,26.9,45,3.5,990,13.9,1.64,0.0,0.0,Spring,No Holiday,Yes
4290,28/05/2018,8.085178748074537,18,26.0,39,2.7,1950,10.9,1.07,0.0,0.0,Spring,No Holiday,Yes
4291,28/05/2018,7.884952945759814,19,24.4,44,2.8,1979,11.3,0.45,0.0,0.0,Spring,No Holiday,Yes
4292,28/05/2018,7.720017940432244,20,23.0,49,2.4,1905,11.7,0.07,0.0,0.0,Spring,No Holiday,Yes
4293,28/05/2018,7.669028288589683,21,21.8,50,2.1,1950,10.9,0.0,0.0,0.0,Spring,No Holiday,Yes
4294,28/05/2018,7.540090320145325,22,21.1,54,0.6,2000,11.4,0.0,0.0,0.0,Spring,No Holiday,Yes
4295,28/05/2018,7.129297548929373,23,20.9,53,1.6,1712,10.9,0.0,0.0,0.0,Spring,No Holiday,Yes
4296,29/05/2018,6.7357800142423265,0,20.6,54,2.6,1737,0.0,0.0,0.0,0.0,Spring,No Holiday,Yes
4297,29/05/2018,6.582025138892826,1,20.3,55,1.1,1756,0.0,0.0,0.0,0.0,Spring,No Holiday,Yes
4298,29/05/2018,6.1463292576688975,2,20.2,56,2.3,1498,0.0,0.0,0.0,0.0,Spring,No Holiday,Yes
4299,29/05/2018,5.655991810819852,3,20.0,58,1.8,1279,11.4,0.0,0.0,0.0,Spring,No Holiday,Yes
4300,29/05/2018,5.3230099791384085,4,19.8,60,1.9,1364,11.8,0.0,0.0,0.0,Spring,No Holiday,Yes
4301,29/05/2018,5.53338948872752,5,19.6,64,0.3,1483,12.5,0.0,0.0,0.0,Spring,No Holiday,Yes
4302,29/05/2018,6.439350371100098,6,19.5,64,0.4,1268,12.5,0.02,0.0,0.0,Spring,No Holiday,Yes
4303,29/05/2018,7.2640301428995295,7,19.9,63,1.1,934,12.6,0.24,0.0,0.0,Spring,No Holiday,Yes
4304,29/05/2018,7.711996507047669,8,20.5,66,1.7,1062,13.9,0.34,0.0,0.0,Spring,No Holiday,Yes
4305,29/05/2018,7.084226422097916,9,21.0,67,1.1,1012,14.6,0.54,0.0,0.0,Spring,No Holiday,Yes
4306,29/05/2018,6.795705775173514,10,21.6,68,1.6,980,15.4,0.83,0.0,0.0,Spring,No Holiday,Yes
4307,29/05/2018,6.856461984594587,11,23.1,63,2.6,949,15.6,1.68,0.0,0.0,Spring,No Holiday,Yes
4308,29/05/2018,7.077498053569231,12,23.1,64,2.6,1250,15.9,1.35,0.0,0.0,Spring,No Holiday,Yes
4309,29/05/2018,7.00669522683704,13,24.2,58,1.5,1030,15.4,1.66,0.0,0.0,Spring,No Holiday,Yes
4310,29/05/2018,7.069023426578259,14,25.5,53,2.0,981,15.2,2.5,0.0,0.0,Spring,No Holiday,Yes
4311,29/05/2018,7.118826249062078,15,25.7,56,1.8,1112,16.2,1.71,0.0,0.0,Spring,No Holiday,Yes
4312,29/05/2018,7.373374309910049,16,23.6,66,4.2,1208,16.8,0.89,0.0,0.0,Spring,No Holiday,Yes
4313,29/05/2018,7.612336837167746,17,23.9,65,1.9,1425,16.9,1.02,0.0,0.0,Spring,No Holiday,Yes
4314,29/05/2018,7.675546002537848,18,23.1,68,2.9,1506,16.8,0.42,0.0,0.0,Spring,No Holiday,Yes
4315,29/05/2018,6.169610732491456,19,22.3,71,2.5,1268,16.7,0.14,0.0,0.0,Spring,No Holiday,Yes
4316,29/05/2018,6.0473721790462776,20,20.1,88,2.2,572,18.0,0.0,1.0,0.0,Spring,No Holiday,Yes
4317,29/05/2018,6.948897222313312,21,19.9,93,1.4,416,18.7,0.0,0.0,0.0,Spring,No Holiday,Yes
4318,29/05/2018,7.022868086082641,22,19.9,85,1.7,559,17.2,0.0,0.0,0.0,Spring,No Holiday,Yes
4319,29/05/2018,6.610696044717759,23,19.5,89,1.7,304,17.6,0.0,0.0,0.0,Spring,No Holiday,Yes
4320,30/05/2018,6.230481447578482,0,19.1,84,1.6,540,16.3,0.0,0.0,0.0,Spring,No Holiday,Yes
4321,30/05/2018,6.3473892096560105,1,18.8,84,0.5,488,16.0,0.0,0.0,0.0,Spring,No Holiday,Yes
4322,30/05/2018,6.0473721790462776,2,18.7,83,0.6,469,15.7,0.0,0.0,0.0,Spring,No Holiday,Yes
4323,30/05/2018,5.476463551931511,3,18.4,86,0.6,360,16.0,0.0,0.0,0.0,Spring,No Holiday,Yes
4324,30/05/2018,5.123963979403259,4,18.3,84,0.9,409,15.5,0.0,0.0,0.0,Spring,No Holiday,Yes
4325,30/05/2018,5.480638923341991,5,18.4,84,0.6,352,15.6,0.0,0.0,0.0,Spring,No Holiday,Yes
4326,30/05/2018,6.226536669287466,6,18.6,84,0.7,316,15.8,0.01,0.0,0.0,Spring,No Holiday,Yes
4327,30/05/2018,7.048386408721883,7,18.9,85,0.6,289,16.3,0.12,0.0,0.0,Spring,No Holiday,Yes
4328,30/05/2018,7.569411792450712,8,19.3,83,0.6,394,16.3,0.23,0.0,0.0,Spring,No Holiday,Yes
4329,30/05/2018,7.0909098220799835,9,19.8,79,1.3,405,16.0,0.45,0.0,0.0,Spring,No Holiday,Yes
4330,30/05/2018,6.821107472256465,10,21.4,71,1.7,476,15.9,1.43,0.0,0.0,Spring,No Holiday,Yes
4331,30/05/2018,6.883462586413092,11,22.8,66,2.7,1270,16.1,2.76,0.0,0.0,Spring,No Holiday,Yes
4332,30/05/2018,7.080026499922591,12,23.2,64,3.0,1305,16.0,2.08,0.0,0.0,Spring,No Holiday,Yes
4333,30/05/2018,7.034387929915503,13,24.0,56,2.6,1282,14.6,2.94,0.0,0.0,Spring,No Holiday,Yes
4334,30/05/2018,7.02108396428914,14,24.3,58,2.9,1211,15.5,2.92,0.0,0.0,Spring,No Holiday,Yes
4335,30/05/2018,7.155396301896734,15,24.3,52,3.0,1447,13.8,2.55,0.0,0.0,Spring,No Holiday,Yes
4336,30/05/2018,7.360103972989152,16,24.7,47,3.0,1594,12.6,2.44,0.0,0.0,Spring,No Holiday,Yes
4337,30/05/2018,7.681099001536359,17,24.1,41,2.2,1980,10.0,1.9,0.0,0.0,Spring,No Holiday,Yes
4338,30/05/2018,8.087025470667701,18,23.6,42,2.1,2000,9.9,1.23,0.0,0.0,Spring,No Holiday,Yes
4339,30/05/2018,7.8826922062890254,19,21.2,52,3.6,1856,10.9,0.55,0.0,0.0,Spring,No Holiday,Yes
4340,30/05/2018,7.707512194600341,20,19.1,64,2.6,1530,12.1,0.06,0.0,0.0,Spring,No Holiday,Yes
4341,30/05/2018,7.637716432664798,21,18.2,69,2.0,1286,12.4,0.0,0.0,0.0,Spring,No Holiday,Yes
4342,30/05/2018,7.457609289715606,22,17.3,76,1.7,801,13.0,0.0,0.0,0.0,Spring,No Holiday,Yes
4343,30/05/2018,7.055312843339752,23,16.4,80,1.5,642,12.9,0.0,0.0,0.0,Spring,No Holiday,Yes
4344,31/05/2018,6.739336627357174,0,15.8,82,1.6,546,12.7,0.0,0.0,0.0,Spring,No Holiday,Yes
4345,31/05/2018,6.415096959171596,1,15.5,82,1.5,513,12.4,0.0,0.0,0.0,Spring,No Holiday,Yes
4346,31/05/2018,6.154858094016418,2,15.2,84,0.7,485,12.5,0.0,0.0,0.0,Spring,No Holiday,Yes
4347,31/05/2018,5.796057750765372,3,15.0,84,1.3,473,12.3,0.0,0.0,0.0,Spring,No Holiday,Yes
4348,31/05/2018,5.241747015059643,4,14.8,85,0.7,478,12.2,0.0,0.0,0.0,Spring,No Holiday,Yes
4349,31/05/2018,5.583496308781699,5,14.4,82,1.2,708,11.3,0.0,0.0,0.0,Spring,No Holiday,Yes
4350,31/05/2018,6.472346294500901,6,14.3,82,0.7,653,11.2,0.05,0.0,0.0,Spring,No Holiday,Yes
4351,31/05/2018,7.2456550675945355,7,14.9,71,0.9,651,9.6,0.47,0.0,0.0,Spring,No Holiday,Yes
4352,31/05/2018,7.732807530422021,8,16.9,65,1.6,896,10.2,1.21,0.0,0.0,Spring,No Holiday,Yes
4353,31/05/2018,7.15305163493748,9,18.8,59,1.6,1233,10.6,1.9,0.0,0.0,Spring,No Holiday,Yes
4354,31/05/2018,6.842683282238422,10,20.8,54,1.2,1129,11.1,2.45,0.0,0.0,Spring,No Holiday,Yes
4355,31/05/2018,6.887552571664617,11,22.0,54,2.7,1189,12.2,2.89,0.0,0.0,Spring,No Holiday,Yes
4356,31/05/2018,7.034387929915503,12,23.7,44,1.3,1624,10.7,3.2,0.0,0.0,Spring,No Holiday,Yes
4357,31/05/2018,7.049254841255837,13,25.0,47,2.5,1120,12.8,3.34,0.0,0.0,Spring,No Holiday,Yes
4358,31/05/2018,7.060476365999801,14,25.9,43,2.7,1493,12.3,2.97,0.0,0.0,Spring,No Holiday,Yes
4359,31/05/2018,7.155396301896734,15,26.9,37,2.7,1850,10.9,2.9,0.0,0.0,Spring,No Holiday,Yes
4360,31/05/2018,7.346655163176539,16,27.3,38,2.9,1784,11.7,2.41,0.0,0.0,Spring,No Holiday,Yes
4361,31/05/2018,7.6246189861593985,17,27.2,42,2.9,1828,13.1,1.79,0.0,0.0,Spring,No Holiday,Yes
4362,31/05/2018,8.045588280803528,18,26.4,42,3.1,1995,12.4,0.79,0.0,0.0,Spring,No Holiday,Yes
4363,31/05/2018,7.837948916025283,19,25.2,53,3.1,1983,0.0,0.51,0.0,0.0,Spring,No Holiday,Yes
4364,31/05/2018,7.68017564043659,20,23.1,58,2.9,1950,14.3,0.06,0.0,0.0,Spring,No Holiday,Yes
4365,31/05/2018,7.635786861395585,21,21.9,60,2.5,1551,13.7,0.0,0.0,0.0,Spring,No Holiday,Yes
4366,31/05/2018,7.550135342488429,22,21.1,59,2.1,1874,12.7,0.0,0.0,0.0,Spring,No Holiday,Yes
4367,31/05/2018,7.203405521083095,23,20.5,62,2.2,1903,12.9,0.0,0.0,0.0,Spring,No Holiday,Yes
4368,01/06/2018,6.871091294610546,0,20.1,63,1.1,1698,12.8,0.0,0.0,0.0,Summer,No Holiday,Yes
4369,01/06/2018,6.655440350367647,1,19.5,65,0.4,1662,12.7,0.0,0.0,0.0,Summer,No Holiday,Yes
4370,01/06/2018,6.318968113746434,2,19.0,72,1.4,1258,13.8,0.0,0.0,0.0,Summer,No Holiday,Yes
4371,01/06/2018,5.905361848054571,3,18.6,72,1.4,1340,13.4,0.0,0.0,0.0,Summer,No Holiday,Yes
4372,01/06/2018,5.583496308781699,4,18.1,76,1.8,561,13.7,0.0,0.0,0.0,Summer,No Holiday,Yes
4373,01/06/2018,5.726847747587197,5,17.8,75,1.0,1210,13.3,0.0,0.0,0.0,Summer,No Holiday,Yes
4374,01/06/2018,6.511745329644728,6,17.5,76,1.2,1161,13.2,0.05,0.0,0.0,Summer,No Holiday,Yes
4375,01/06/2018,7.259819610363186,7,18.1,64,0.6,923,11.1,0.47,0.0,0.0,Summer,No Holiday,Yes
4376,01/06/2018,7.673223121121708,8,20.6,55,0.7,1200,11.2,1.21,0.0,0.0,Summer,No Holiday,Yes
4377,01/06/2018,7.106606137727303,9,23.1,52,1.7,1012,12.6,1.88,0.0,0.0,Summer,No Holiday,Yes
4378,01/06/2018,6.760414691083428,10,25.3,45,1.3,1371,12.5,2.45,0.0,0.0,Summer,No Holiday,Yes
4379,01/06/2018,6.9440872082295275,11,26.8,38,2.6,1879,11.2,2.99,0.0,0.0,Summer,No Holiday,Yes
4380,01/06/2018,6.981934677156389,12,28.2,34,2.6,1867,10.8,3.26,0.0,0.0,Summer,No Holiday,Yes
4381,01/06/2018,6.9975959829819265,13,29.4,33,2.2,1535,11.4,3.3,0.0,0.0,Summer,No Holiday,Yes
4382,01/06/2018,6.977281341630747,14,29.6,31,3.7,1988,10.6,3.25,0.0,0.0,Summer,No Holiday,Yes
4383,01/06/2018,7.119635638017636,15,29.9,36,3.3,1866,13.2,2.94,0.0,0.0,Summer,No Holiday,Yes
4384,01/06/2018,7.305860032684009,16,29.9,34,3.2,1912,12.3,2.46,0.0,0.0,Summer,No Holiday,Yes
4385,01/06/2018,7.66105638236183,17,29.2,35,4.3,1967,12.1,1.87,0.0,0.0,Summer,No Holiday,Yes
4386,01/06/2018,8.035602692918582,18,28.5,36,3.0,1981,11.9,1.21,0.0,0.0,Summer,No Holiday,Yes
4387,01/06/2018,7.826443135456014,19,26.8,35,1.9,2000,10.0,0.54,0.0,0.0,Summer,No Holiday,Yes
4388,01/06/2018,7.679713639966372,20,25.0,39,2.8,2000,10.0,0.06,0.0,0.0,Summer,No Holiday,Yes
4389,01/06/2018,7.633853559681768,21,23.5,44,1.6,2000,10.5,0.0,0.0,0.0,Summer,No Holiday,Yes
4390,01/06/2018,7.596894438144544,22,22.7,44,1.5,2000,9.8,0.0,0.0,0.0,Summer,No Holiday,Yes
4391,01/06/2018,7.273092595999522,23,21.8,49,1.6,1965,10.6,0.0,0.0,0.0,Summer,No Holiday,Yes
4392,02/06/2018,7.061334366910438,0,20.9,53,1.4,1717,10.9,0.0,0.0,0.0,Summer,No Holiday,Yes
4393,02/06/2018,6.897704943128636,1,20.2,57,0.4,1428,11.4,0.0,0.0,0.0,Summer,No Holiday,Yes
4394,02/06/2018,6.519147287940395,2,19.6,60,1.9,1200,11.6,0.0,0.0,0.0,Summer,No Holiday,Yes
4395,02/06/2018,6.16541785423142,3,18.9,63,1.5,1007,11.6,0.0,0.0,0.0,Summer,No Holiday,Yes
4396,02/06/2018,5.746203190540153,4,18.3,66,1.3,929,11.8,0.0,0.0,0.0,Summer,No Holiday,Yes
4397,02/06/2018,5.579729825986222,5,17.8,69,1.1,951,12.0,0.0,0.0,0.0,Summer,No Holiday,Yes
4398,02/06/2018,5.8377304471659395,6,17.7,68,1.3,842,11.7,0.05,0.0,0.0,Summer,No Holiday,Yes
4399,02/06/2018,6.329720905522696,7,18.1,59,0.6,789,9.9,0.47,0.0,0.0,Summer,No Holiday,Yes
4400,02/06/2018,6.80128303447162,8,20.4,54,1.0,828,10.7,1.23,0.0,0.0,Summer,No Holiday,Yes
4401,02/06/2018,6.913737350659685,9,23.3,43,1.2,1257,10.0,1.91,0.0,0.0,Summer,No Holiday,Yes
4402,02/06/2018,6.951772164398911,10,25.5,33,1.1,1815,0.0,2.52,0.0,0.0,Summer,No Holiday,Yes
4403,02/06/2018,6.9985096422506015,11,27.3,35,2.3,1537,10.4,2.98,0.0,0.0,Summer,No Holiday,Yes
4404,02/06/2018,7.134093721192866,12,28.3,30,3.0,1675,9.0,3.29,0.0,0.0,Summer,No Holiday,Yes
4405,02/06/2018,7.19668657083435,13,29.6,24,2.4,1873,6.8,3.42,0.0,0.0,Summer,No Holiday,Yes
4406,02/06/2018,7.242082359256962,14,29.8,23,3.6,1945,6.4,3.32,0.0,0.0,Summer,No Holiday,Yes
4407,02/06/2018,7.336936913707618,15,29.8,24,2.9,1939,7.0,3.0,0.0,0.0,Summer,No Holiday,Yes
4408,02/06/2018,7.443078374348516,16,29.6,26,3.7,2000,8.0,2.58,0.0,0.0,Summer,No Holiday,Yes
4409,02/06/2018,7.613818684808629,17,28.9,22,2.7,1965,5.0,1.93,0.0,0.0,Summer,No Holiday,Yes
4410,02/06/2018,7.717351272185329,18,27.4,29,3.6,2000,7.7,1.19,0.0,0.0,Summer,No Holiday,Yes
4411,02/06/2018,7.757051142032013,19,25.4,33,2.7,2000,7.9,0.54,0.0,0.0,Summer,No Holiday,Yes
4412,02/06/2018,7.757478766584179,20,23.4,38,2.3,2000,8.2,0.06,0.0,0.0,Summer,No Holiday,Yes
4413,02/06/2018,7.713784616598755,21,22.1,44,2.5,2000,9.2,0.0,0.0,0.0,Summer,No Holiday,Yes
4414,02/06/2018,7.585788821732034,22,21.4,48,1.6,2000,9.9,0.0,0.0,0.0,Summer,No Holiday,Yes
4415,02/06/2018,7.307202314764738,23,20.6,52,0.5,2000,10.3,0.0,0.0,0.0,Summer,No Holiday,Yes
4416,03/06/2018,7.130098510125578,0,19.7,55,2.0,1986,10.3,0.0,0.0,0.0,Summer,No Holiday,Yes
4417,03/06/2018,6.805722553416985,1,19.2,57,0.8,1985,10.4,0.0,0.0,0.0,Summer,No Holiday,Yes
4418,03/06/2018,6.513230110912307,2,18.6,60,1.8,1841,10.6,0.0,0.0,0.0,Summer,No Holiday,Yes
4419,03/06/2018,6.082218910376446,3,18.0,64,1.3,1560,11.0,0.0,0.0,0.0,Summer,No Holiday,Yes
4420,03/06/2018,5.68697535633982,4,17.4,65,0.8,1093,10.7,0.0,0.0,0.0,Summer,No Holiday,Yes
4421,03/06/2018,5.267858159063328,5,17.1,66,0.3,1370,10.6,0.0,0.0,0.0,Summer,No Holiday,Yes
4422,03/06/2018,5.43372200355424,6,16.9,62,0.4,1768,9.5,0.06,0.0,0.0,Summer,No Holiday,Yes
4423,03/06/2018,6.049733455231958,7,18.0,54,0.7,1997,8.5,0.51,0.0,0.0,Summer,No Holiday,Yes
4424,03/06/2018,6.492239835020471,8,20.3,47,1.5,1785,8.6,1.05,0.0,0.0,Summer,No Holiday,Yes
4425,03/06/2018,6.723832440821209,9,22.7,39,0.7,1880,8.0,1.91,0.0,0.0,Summer,No Holiday,Yes
4426,03/06/2018,6.844815479208263,10,24.8,34,1.3,1869,7.8,2.09,0.0,0.0,Summer,No Holiday,Yes
4427,03/06/2018,6.885509670034818,11,26.7,30,1.1,1782,7.6,2.83,0.0,0.0,Summer,No Holiday,Yes
4428,03/06/2018,7.034387929915503,12,28.7,27,1.7,1843,7.8,3.29,0.0,0.0,Summer,No Holiday,Yes
4429,03/06/2018,7.2399325913204695,13,29.4,24,2.7,1905,6.7,3.18,0.0,0.0,Summer,No Holiday,Yes
4430,03/06/2018,7.24422751560335,14,29.8,26,2.2,1818,8.2,3.2,0.0,0.0,Summer,No Holiday,Yes
4431,03/06/2018,7.350516171833998,15,30.7,21,2.5,1876,5.8,2.95,0.0,0.0,Summer,No Holiday,Yes
4432,03/06/2018,7.51479976048867,16,30.4,28,3.6,1790,9.8,2.48,0.0,0.0,Summer,No Holiday,Yes
4433,03/06/2018,7.664815785285735,17,29.5,29,4.1,1944,9.5,1.84,0.0,0.0,Summer,No Holiday,Yes
4434,03/06/2018,7.762170607138205,18,29.3,25,2.4,1973,7.2,1.23,0.0,0.0,Summer,No Holiday,Yes
4435,03/06/2018,7.83002808253384,19,27.4,29,2.4,2000,7.7,0.5,0.0,0.0,Summer,No Holiday,Yes
4436,03/06/2018,7.8083230503910555,20,25.3,32,2.2,1997,7.4,0.06,0.0,0.0,Summer,No Holiday,Yes
4437,03/06/2018,7.684324067681155,21,24.2,32,2.1,2000,6.4,0.0,0.0,0.0,Summer,No Holiday,Yes
4438,03/06/2018,7.462789157412448,22,23.0,38,1.2,1996,7.9,0.0,0.0,0.0,Summer,No Holiday,Yes
4439,03/06/2018,7.150701457592526,23,22.0,44,0.8,1978,9.1,0.0,0.0,0.0,Summer,No Holiday,Yes
4440,04/06/2018,6.844815479208263,0,21.4,45,1.4,1964,8.9,0.0,0.0,0.0,Summer,No Holiday,Yes
4441,04/06/2018,6.391917113392602,1,20.7,47,0.9,1987,8.9,0.0,0.0,0.0,Summer,No Holiday,Yes
4442,04/06/2018,5.863631175598097,2,20.1,49,0.8,1978,9.0,0.0,0.0,0.0,Summer,No Holiday,Yes
4443,04/06/2018,5.501258210544727,3,19.6,51,1.0,1923,9.1,0.0,0.0,0.0,Summer,No Holiday,Yes
4444,04/06/2018,5.153291594497779,4,19.4,56,1.2,1752,10.3,0.0,0.0,0.0,Summer,No Holiday,Yes
4445,04/06/2018,5.703782474656201,5,19.2,56,0.9,1772,10.2,0.0,0.0,0.0,Summer,No Holiday,Yes
4446,04/06/2018,6.610696044717759,6,18.9,53,0.3,1871,9.1,0.04,0.0,0.0,Summer,No Holiday,Yes
4447,04/06/2018,7.317212408359839,7,19.5,52,0.8,1818,9.3,0.46,0.0,0.0,Summer,No Holiday,Yes
4448,04/06/2018,7.7354333524996886,8,22.1,44,1.4,1435,9.2,1.16,0.0,0.0,Summer,No Holiday,Yes
4449,04/06/2018,7.126087273299125,9,23.3,37,0.4,1336,7.7,1.28,0.0,0.0,Summer,No Holiday,Yes
4450,04/06/2018,6.878326468291325,10,25.1,40,2.7,1076,10.5,2.37,0.0,0.0,Summer,No Holiday,Yes
4451,04/06/2018,6.9167150203536085,11,26.1,37,2.4,1079,10.2,2.79,0.0,0.0,Summer,No Holiday,Yes
4452,04/06/2018,7.050122520269059,12,26.3,36,3.1,1377,10.0,2.61,0.0,0.0,Summer,No Holiday,Yes
4453,04/06/2018,6.990256500493881,13,27.4,30,2.0,1768,8.2,3.03,0.0,0.0,Summer,No Holiday,Yes
4454,04/06/2018,7.046647277848756,14,26.5,43,3.9,1671,12.8,2.36,0.0,0.0,Summer,No Holiday,Yes
4455,04/06/2018,7.1308988302963465,15,25.5,43,2.9,1996,11.9,1.71,0.0,0.0,Summer,No Holiday,Yes
4456,04/06/2018,7.421775793644647,16,25.5,43,3.2,1892,11.9,1.72,0.0,0.0,Summer,No Holiday,Yes
4457,04/06/2018,7.692113339595466,17,24.9,46,2.0,1855,12.4,0.91,0.0,0.0,Summer,No Holiday,Yes
4458,04/06/2018,8.125926802707886,18,24.4,48,1.9,1998,12.6,0.56,0.0,0.0,Summer,No Holiday,Yes
4459,04/06/2018,7.933438387627489,19,23.9,51,2.3,2000,13.1,0.12,0.0,0.0,Summer,No Holiday,Yes
4460,04/06/2018,7.827639546366422,20,23.4,43,1.1,2000,10.0,0.01,0.0,0.0,Summer,No Holiday,Yes
4461,04/06/2018,7.774015077250727,21,22.6,62,1.1,1363,14.9,0.0,0.0,0.0,Summer,No Holiday,Yes
4462,04/06/2018,7.601402334583733,22,22.0,64,1.8,1211,14.8,0.0,0.0,0.0,Summer,No Holiday,Yes
4463,04/06/2018,7.2115567333138015,23,21.4,68,2.7,972,15.2,0.0,0.0,0.0,Summer,No Holiday,Yes
4464,05/06/2018,6.833031732786201,0,20.5,71,2.8,1204,15.0,0.0,0.0,0.0,Summer,No Holiday,Yes
4465,05/06/2018,6.610696044717759,1,20.0,67,0.7,1426,13.6,0.0,0.0,0.0,Summer,No Holiday,Yes
4466,05/06/2018,6.1070228877422545,2,19.7,66,0.5,1591,13.1,0.0,0.0,0.0,Summer,No Holiday,Yes
4467,05/06/2018,5.752572638825633,3,19.1,72,0.6,1370,13.9,0.0,0.0,0.0,Summer,No Holiday,Yes
4468,05/06/2018,5.3706380281276624,4,18.5,72,0.6,1168,13.3,0.0,0.0,0.0,Summer,No Holiday,Yes
4469,05/06/2018,5.645446897643238,5,18.1,73,0.5,1182,13.1,0.0,0.0,0.0,Summer,No Holiday,Yes
4470,05/06/2018,6.598509028614515,6,17.8,73,0.4,1188,12.8,0.04,0.0,0.0,Summer,No Holiday,Yes
4471,05/06/2018,7.3796321526095525,7,18.8,64,0.7,1099,11.8,0.48,0.0,0.0,Summer,No Holiday,Yes
4472,05/06/2018,7.750614732770409,8,21.5,58,1.1,1021,12.8,1.21,0.0,0.0,Summer,No Holiday,Yes
4473,05/06/2018,7.20414929203594,9,23.5,51,1.4,1169,12.7,1.82,0.0,0.0,Summer,No Holiday,Yes
4474,05/06/2018,6.866933284461882,10,25.5,43,1.0,1568,11.9,2.49,0.0,0.0,Summer,No Holiday,Yes
4475,05/06/2018,6.882437470997847,11,26.8,37,1.6,1639,10.8,2.91,0.0,0.0,Summer,No Holiday,Yes
4476,05/06/2018,7.013915474810528,12,28.2,35,1.2,1411,11.2,3.23,0.0,0.0,Summer,No Holiday,Yes
4477,05/06/2018,6.9650803456014065,13,28.6,34,2.0,1274,11.1,2.82,0.0,0.0,Summer,No Holiday,Yes
4478,05/06/2018,7.02197642307216,14,28.9,34,2.7,1328,11.4,2.06,0.0,0.0,Summer,No Holiday,Yes
4479,05/06/2018,7.1316985104669115,15,29.0,38,3.4,749,13.2,2.12,0.0,0.0,Summer,No Holiday,Yes
4480,05/06/2018,7.268920128193722,16,28.8,38,3.1,1027,13.0,2.14,0.0,0.0,Summer,No Holiday,Yes
4481,05/06/2018,7.65728279297819,17,28.1,37,3.6,1346,12.0,1.56,0.0,0.0,Summer,No Holiday,Yes
4482,05/06/2018,8.07961802938984,18,27.1,40,2.8,1811,12.3,1.0,0.0,0.0,Summer,No Holiday,Yes
4483,05/06/2018,7.86940171257709,19,25.5,43,3.1,1760,11.9,0.41,0.0,0.0,Summer,No Holiday,Yes
4484,05/06/2018,7.760893195851024,20,24.0,46,2.8,1896,11.6,0.06,0.0,0.0,Summer,No Holiday,Yes
4485,05/06/2018,7.785305182539862,21,23.3,51,1.7,1654,12.5,0.0,0.0,0.0,Summer,No Holiday,Yes
4486,05/06/2018,7.71333788887187,22,22.4,54,2.5,1778,12.6,0.0,0.0,0.0,Summer,No Holiday,Yes
4487,05/06/2018,7.4067107301776405,23,21.9,56,0.7,1898,12.7,0.0,0.0,0.0,Summer,No Holiday,Yes
4488,06/06/2018,7.1459844677143876,0,21.2,60,0.9,1789,13.1,0.0,0.0,0.0,Summer,Holiday,Yes
4489,06/06/2018,6.939253946041508,1,20.6,63,0.6,1670,13.3,0.0,0.0,0.0,Summer,Holiday,Yes
4490,06/06/2018,6.675823221634848,2,20.1,65,1.0,1435,13.3,0.0,0.0,0.0,Summer,Holiday,Yes
4491,06/06/2018,6.333279628139691,3,19.6,68,1.7,1260,13.5,0.0,0.0,0.0,Summer,Holiday,Yes
4492,06/06/2018,5.808142489980444,4,19.2,68,0.8,1181,13.1,0.0,0.0,0.0,Summer,Holiday,Yes
4493,06/06/2018,5.389071729816501,5,18.7,73,1.4,1065,13.7,0.0,0.0,0.0,Summer,Holiday,Yes
4494,06/06/2018,5.863631175598097,6,18.5,73,1.1,1028,13.5,0.06,0.0,0.0,Summer,Holiday,Yes
4495,06/06/2018,6.285998094508865,7,19.3,63,0.7,916,12.0,0.46,0.0,0.0,Summer,Holiday,Yes
4496,06/06/2018,6.684611727667927,8,21.2,59,1.2,794,12.8,1.13,0.0,0.0,Summer,Holiday,Yes
4497,06/06/2018,6.8308742346461795,9,22.9,56,2.3,763,13.6,1.74,0.0,0.0,Summer,Holiday,Yes
4498,06/06/2018,6.992096427415888,10,24.3,53,2.9,949,14.1,2.37,0.0,0.0,Summer,Holiday,Yes
4499,06/06/2018,7.050122520269059,11,25.8,52,2.1,905,15.1,2.84,0.0,0.0,Summer,Holiday,Yes
4500,06/06/2018,7.244941546337007,12,27.3,51,2.8,703,16.2,3.16,0.0,0.0,Summer,Holiday,Yes
4501,06/06/2018,7.275864600546533,13,27.3,52,3.1,613,16.5,3.21,0.0,0.0,Summer,Holiday,Yes
4502,06/06/2018,7.38025578842646,14,27.4,50,3.5,615,16.0,3.01,0.0,0.0,Summer,Holiday,Yes
4503,06/06/2018,7.423568444259167,15,27.6,49,3.7,656,15.9,2.79,0.0,0.0,Summer,Holiday,Yes
4504,06/06/2018,7.57095858316901,16,27.9,47,2.8,824,15.5,2.36,0.0,0.0,Summer,Holiday,Yes
4505,06/06/2018,7.652070746116482,17,27.4,48,2.7,1084,15.4,1.8,0.0,0.0,Summer,Holiday,Yes
4506,06/06/2018,7.679251425953058,18,26.6,52,2.5,1368,15.9,1.09,0.0,0.0,Summer,Holiday,Yes
4507,06/06/2018,7.679713639966372,19,24.9,56,3.1,1469,15.5,0.51,0.0,0.0,Summer,Holiday,Yes
4508,06/06/2018,7.671360923190644,20,23.4,64,1.8,1144,16.1,0.07,0.0,0.0,Summer,Holiday,Yes
4509,06/06/2018,7.568379267836522,21,22.1,72,2.5,923,16.8,0.0,0.0,0.0,Summer,Holiday,Yes
4510,06/06/2018,7.393263094763838,22,20.8,78,1.8,763,16.8,0.0,0.0,0.0,Summer,Holiday,Yes
4511,06/06/2018,7.132497551660044,23,20.1,77,3.1,797,15.9,0.0,0.0,0.0,Summer,Holiday,Yes
4512,07/06/2018,6.88653164253051,0,19.6,82,1.7,628,16.4,0.0,0.0,0.0,Summer,No Holiday,Yes
4513,07/06/2018,6.408528791059498,1,19.1,86,1.8,522,16.6,0.0,0.0,0.0,Summer,No Holiday,Yes
4514,07/06/2018,6.037870919922137,2,18.8,88,0.3,500,16.7,0.0,0.0,0.0,Summer,No Holiday,Yes
4515,07/06/2018,5.62040086571715,3,18.4,88,1.6,465,16.3,0.0,0.0,0.0,Summer,No Holiday,Yes
4516,07/06/2018,5.2574953720277815,4,18.1,88,1.8,458,16.0,0.0,0.0,0.0,Summer,No Holiday,Yes
4517,07/06/2018,5.666426688112432,5,17.8,91,2.2,393,16.3,0.0,0.0,0.0,Summer,No Holiday,Yes
4518,07/06/2018,6.57507584059962,6,18.1,88,1.1,272,16.0,0.03,0.0,0.0,Summer,No Holiday,Yes
4519,07/06/2018,7.347299700743164,7,18.6,85,2.0,307,16.0,0.16,0.0,0.0,Summer,No Holiday,Yes
4520,07/06/2018,7.748460023899697,8,18.9,82,2.3,326,15.7,0.44,0.0,0.0,Summer,No Holiday,Yes
4521,07/06/2018,7.202661196523238,9,20.5,73,1.6,364,15.4,1.23,0.0,0.0,Summer,No Holiday,Yes
4522,07/06/2018,6.818924065275521,10,22.0,69,2.0,488,16.0,2.04,0.0,0.0,Summer,No Holiday,Yes
4523,07/06/2018,6.875232087276577,11,23.4,62,1.8,603,15.6,2.87,0.0,0.0,Summer,No Holiday,Yes
4524,07/06/2018,7.003065458786462,12,25.0,56,3.0,715,15.6,3.19,0.0,0.0,Summer,No Holiday,Yes
4525,07/06/2018,6.977281341630747,13,26.7,47,2.4,806,14.4,3.26,0.0,0.0,Summer,No Holiday,Yes
4526,07/06/2018,7.018401799069201,14,28.2,44,1.7,644,14.7,3.11,0.0,0.0,Summer,No Holiday,Yes
4527,07/06/2018,7.066466970136958,15,29.3,41,2.0,609,14.6,2.63,0.0,0.0,Summer,No Holiday,Yes
4528,07/06/2018,7.274479558773871,16,29.3,41,2.0,905,14.6,1.95,0.0,0.0,Summer,No Holiday,Yes
4529,07/06/2018,7.602401335665818,17,28.2,51,3.3,879,17.0,1.73,0.0,0.0,Summer,No Holiday,Yes
4530,07/06/2018,8.07775756373692,18,25.6,57,2.7,1217,16.4,0.96,0.0,0.0,Summer,No Holiday,Yes
4531,07/06/2018,7.882314918980268,19,24.0,60,2.8,1379,15.7,0.38,0.0,0.0,Summer,No Holiday,Yes
4532,07/06/2018,7.731492029245684,20,22.8,67,1.6,1219,16.3,0.06,0.0,0.0,Summer,No Holiday,Yes
4533,07/06/2018,7.6787889981991535,21,21.5,69,2.6,942,15.5,0.0,0.0,0.0,Summer,No Holiday,Yes
4534,07/06/2018,7.570443252057374,22,20.9,71,1.0,763,15.4,0.0,0.0,0.0,Summer,No Holiday,Yes
4535,07/06/2018,7.1631723908466425,23,20.3,77,1.3,770,16.1,0.0,0.0,0.0,Summer,No Holiday,Yes
4536,08/06/2018,6.831953565565855,0,19.1,82,2.2,874,15.9,0.0,0.0,0.0,Summer,No Holiday,Yes
4537,08/06/2018,6.646390514847729,1,18.8,84,1.7,658,16.0,0.0,0.0,0.0,Summer,No Holiday,Yes
4538,08/06/2018,6.26530121273771,2,18.6,84,2.5,619,15.8,0.0,0.0,0.0,Summer,No Holiday,Yes
4539,08/06/2018,5.902633333401366,3,18.6,83,2.9,889,15.6,0.0,0.0,0.0,Summer,No Holiday,Yes
4540,08/06/2018,5.545177444479562,4,18.5,82,2.0,1072,15.3,0.0,0.0,0.0,Summer,No Holiday,Yes
4541,08/06/2018,5.703782474656201,5,18.6,81,0.8,1205,15.2,0.0,0.0,0.0,Summer,No Holiday,Yes
4542,08/06/2018,6.61338421837956,6,18.8,78,2.0,1259,14.8,0.01,0.0,0.0,Summer,No Holiday,Yes
4543,08/06/2018,7.3427791893318455,7,19.1,73,2.0,1300,14.1,0.3,0.0,0.0,Summer,No Holiday,Yes
4544,08/06/2018,7.761744984658913,8,19.7,69,2.0,1448,13.8,0.54,0.0,0.0,Summer,No Holiday,Yes
4545,08/06/2018,7.157735484249907,9,21.2,62,1.7,1384,13.6,1.45,0.0,0.0,Summer,No Holiday,Yes
4546,08/06/2018,6.910750787961936,10,21.9,62,1.7,1664,14.2,1.36,0.0,0.0,Summer,No Holiday,Yes
4547,08/06/2018,6.999422467507961,11,21.9,64,2.4,1359,14.7,1.03,0.0,0.0,Summer,No Holiday,Yes
4548,08/06/2018,7.136483208590247,12,23.1,56,1.6,1222,13.8,1.71,0.0,0.0,Summer,No Holiday,Yes
4549,08/06/2018,7.181591944611865,13,24.2,58,1.9,1015,15.4,1.87,0.0,0.0,Summer,No Holiday,Yes
4550,08/06/2018,7.1308988302963465,14,25.0,54,2.2,1146,15.0,1.86,0.0,0.0,Summer,No Holiday,Yes
4551,08/06/2018,7.256297239690681,15,26.2,51,3.3,1104,15.2,2.87,0.0,0.0,Summer,No Holiday,Yes
4552,08/06/2018,7.419979923661835,16,26.6,49,3.2,1200,15.0,2.35,0.0,0.0,Summer,No Holiday,Yes
4553,08/06/2018,7.747164966520335,17,26.9,49,2.3,1210,15.2,1.72,0.0,0.0,Summer,No Holiday,Yes
4554,08/06/2018,8.104703468371108,18,26.2,54,2.2,1183,16.1,0.88,0.0,0.0,Summer,No Holiday,Yes
4555,08/06/2018,7.936660155225426,19,24.5,63,3.1,970,16.9,0.46,0.0,0.0,Summer,No Holiday,Yes
4556,08/06/2018,7.814803429489359,20,22.6,71,1.8,856,17.0,0.11,0.0,0.0,Summer,No Holiday,Yes
4557,08/06/2018,7.757051142032013,21,21.2,77,1.7,638,16.9,0.0,0.0,0.0,Summer,No Holiday,Yes
4558,08/06/2018,7.669028288589683,22,20.5,78,0.9,550,16.5,0.0,0.0,0.0,Summer,No Holiday,Yes
4559,08/06/2018,7.422373700986824,23,20.0,79,1.4,510,16.2,0.0,0.0,0.0,Summer,No Holiday,Yes
4560,09/06/2018,7.129297548929373,0,19.7,83,1.5,390,16.7,0.0,0.0,0.0,Summer,No Holiday,Yes
4561,09/06/2018,6.937314081223682,1,19.7,81,0.6,419,16.3,0.0,0.0,0.0,Summer,No Holiday,Yes
4562,09/06/2018,6.597145701886651,2,19.4,84,0.7,382,16.6,0.0,0.0,0.0,Summer,No Holiday,Yes
4563,09/06/2018,6.284134161070802,3,19.1,84,0.6,421,16.3,0.0,0.0,0.0,Summer,No Holiday,Yes
4564,09/06/2018,5.8664680569332965,4,19.0,83,0.4,473,16.0,0.0,0.0,0.0,Summer,No Holiday,Yes
4565,09/06/2018,5.572154032177765,5,19.0,85,0.4,467,16.4,0.0,0.0,0.0,Summer,No Holiday,Yes
4566,09/06/2018,5.945420608606575,6,19.0,84,0.5,440,16.2,0.05,0.0,0.0,Summer,No Holiday,Yes
4567,09/06/2018,6.424869023905388,7,20.2,73,1.1,708,15.1,0.41,0.0,0.0,Summer,No Holiday,Yes
4568,09/06/2018,6.871091294610546,8,21.9,62,0.9,1071,14.2,1.03,0.0,0.0,Summer,No Holiday,Yes
4569,09/06/2018,7.005789019253503,9,24.0,55,1.8,1411,14.3,1.81,0.0,0.0,Summer,No Holiday,Yes
4570,09/06/2018,7.053585727193677,10,25.8,49,1.3,1442,14.2,2.42,0.0,0.0,Summer,No Holiday,Yes
4571,09/06/2018,7.0909098220799835,11,27.2,46,1.7,1301,14.5,2.88,0.0,0.0,Summer,No Holiday,Yes
4572,09/06/2018,7.288244401020124,12,28.2,42,1.4,1563,14.0,2.84,0.0,0.0,Summer,No Holiday,Yes
4573,09/06/2018,7.367708572374371,13,28.8,42,2.0,1438,14.6,2.38,0.0,0.0,Summer,No Holiday,Yes
4574,09/06/2018,7.4645098346365275,14,30.1,35,1.4,1583,12.9,2.53,0.0,0.0,Summer,No Holiday,Yes
4575,09/06/2018,7.544861068658458,15,29.6,40,2.5,1546,14.5,1.96,0.0,0.0,Summer,No Holiday,Yes
4576,09/06/2018,7.739794458408701,16,28.7,40,2.5,1474,13.7,1.0,0.0,0.0,Summer,No Holiday,Yes
4577,09/06/2018,7.764720544771477,17,28.2,39,2.9,1653,12.9,0.7,0.0,0.0,Summer,No Holiday,Yes
4578,09/06/2018,7.5678626054638825,18,27.3,42,1.2,2000,13.2,0.19,0.0,0.0,Summer,No Holiday,Yes
4579,09/06/2018,6.9650803456014065,19,25.7,47,1.8,2000,13.5,0.04,0.0,0.0,Summer,No Holiday,Yes
4580,09/06/2018,5.5093883366279774,20,23.7,62,1.6,1402,15.9,0.0,0.4,0.0,Summer,No Holiday,Yes
4581,09/06/2018,5.420534999272286,21,22.4,72,1.5,1816,17.0,0.0,0.1,0.0,Summer,No Holiday,Yes
4582,09/06/2018,6.655440350367647,22,21.0,75,1.3,2000,16.3,0.0,0.0,0.0,Summer,No Holiday,Yes
4583,09/06/2018,6.642486801367256,23,20.7,66,1.6,2000,14.1,0.0,0.0,0.0,Summer,No Holiday,Yes
4584,10/06/2018,6.182084906716632,0,20.2,66,1.5,2000,13.6,0.0,0.0,0.0,Summer,No Holiday,Yes
4585,10/06/2018,5.929589143389895,1,19.7,71,1.2,1986,14.2,0.0,0.5,0.0,Summer,No Holiday,Yes
4586,10/06/2018,5.093750200806762,2,19.2,69,1.3,2000,13.3,0.0,0.0,0.0,Summer,No Holiday,Yes
4587,10/06/2018,5.017279836814924,3,18.6,78,0.8,1997,14.6,0.0,0.0,0.0,Summer,No Holiday,Yes
4588,10/06/2018,5.1647859739235145,4,18.3,72,1.7,2000,13.1,0.0,0.0,0.0,Summer,No Holiday,Yes
4589,10/06/2018,4.9344739331306915,5,18.4,70,1.4,2000,12.8,0.0,0.0,0.0,Summer,No Holiday,Yes
4590,10/06/2018,5.37989735354046,6,18.3,71,0.9,2000,12.9,0.0,0.0,0.0,Summer,No Holiday,Yes
4591,10/06/2018,5.749392985908253,7,18.4,68,0.6,2000,12.3,0.04,0.0,0.0,Summer,No Holiday,Yes
4592,10/06/2018,6.429719478039138,8,19.0,65,2.0,2000,12.2,0.28,0.0,0.0,Summer,No Holiday,Yes
4593,10/06/2018,6.668228248417403,9,19.2,65,1.4,2000,12.4,0.34,0.0,0.0,Summer,No Holiday,Yes
4594,10/06/2018,6.849066282633458,10,20.2,62,1.8,2000,12.6,0.82,0.0,0.0,Summer,No Holiday,Yes
4595,10/06/2018,6.980075940561763,11,21.3,56,1.5,1989,12.1,1.18,0.0,0.0,Summer,No Holiday,Yes
4596,10/06/2018,7.274479558773871,12,23.2,50,2.2,1988,12.1,2.45,0.0,0.0,Summer,No Holiday,Yes
4597,10/06/2018,7.469083884921234,13,24.2,48,1.2,1968,12.4,2.19,0.0,0.0,Summer,No Holiday,Yes
4598,10/06/2018,7.593877844605118,14,24.1,51,1.1,2000,13.3,1.58,0.0,0.0,Summer,No Holiday,Yes
4599,10/06/2018,7.688455356549944,15,24.8,49,1.2,2000,13.3,1.34,0.0,0.0,Summer,No Holiday,Yes
4600,10/06/2018,7.755338812846501,16,24.8,51,1.6,2000,13.9,1.17,0.0,0.0,Summer,No Holiday,Yes
4601,10/06/2018,7.796469243086058,17,24.6,52,1.3,2000,14.0,0.82,0.0,0.0,Summer,No Holiday,Yes
4602,10/06/2018,7.769800996003896,18,24.1,53,1.3,2000,13.9,0.48,0.0,0.0,Summer,No Holiday,Yes
4603,10/06/2018,7.7266536648476425,19,23.4,55,1.0,2000,13.8,0.12,0.0,0.0,Summer,No Holiday,Yes
4604,10/06/2018,7.741099090035366,20,22.8,55,1.3,2000,13.2,0.01,0.0,0.0,Summer,No Holiday,Yes
4605,10/06/2018,7.614312146452,21,22.1,55,1.5,2000,12.6,0.0,0.0,0.0,Summer,No Holiday,Yes
4606,10/06/2018,7.399398083331354,22,21.5,55,1.8,2000,12.0,0.0,0.0,0.0,Summer,No Holiday,Yes
4607,10/06/2018,7.083387847625295,23,20.9,56,1.5,2000,11.7,0.0,0.0,0.0,Summer,No Holiday,Yes
4608,11/06/2018,6.823286122355687,0,20.3,58,1.4,2000,11.7,0.0,0.0,0.0,Summer,No Holiday,Yes
4609,11/06/2018,6.320768294250582,1,19.8,59,1.3,2000,11.5,0.0,0.0,0.0,Summer,No Holiday,Yes
4610,11/06/2018,5.869296913133774,2,19.2,60,1.5,2000,11.2,0.0,0.0,0.0,Summer,No Holiday,Yes
4611,11/06/2018,5.4510384535657,3,18.8,61,1.3,2000,11.1,0.0,0.0,0.0,Summer,No Holiday,Yes
4612,11/06/2018,5.272999558563747,4,18.8,60,1.0,2000,10.8,0.0,0.0,0.0,Summer,No Holiday,Yes
4613,11/06/2018,5.783825182329737,5,18.8,61,1.2,2000,11.1,0.0,0.0,0.0,Summer,No Holiday,Yes
4614,11/06/2018,6.694562058521095,6,18.6,61,0.8,2000,10.9,0.03,0.0,0.0,Summer,No Holiday,Yes
4615,11/06/2018,7.396335293800808,7,19.1,59,1.1,2000,10.8,0.38,0.0,0.0,Summer,No Holiday,Yes
4616,11/06/2018,7.773173680482536,8,20.7,55,1.5,2000,11.3,1.23,0.0,0.0,Summer,No Holiday,Yes
4617,11/06/2018,7.176254532017144,9,22.2,48,1.7,1889,10.6,1.77,0.0,0.0,Summer,No Holiday,Yes
4618,11/06/2018,6.900730664045173,10,23.7,47,1.3,2000,11.7,2.67,0.0,0.0,Summer,No Holiday,Yes
4619,11/06/2018,7.010311867307229,11,23.2,52,1.4,2000,12.7,1.53,0.0,0.0,Summer,No Holiday,Yes
4620,11/06/2018,7.094234845924755,12,23.2,52,1.2,2000,12.7,0.82,0.0,0.0,Summer,No Holiday,Yes
4621,11/06/2018,6.9411900550683745,13,23.7,49,1.2,2000,12.3,1.04,0.0,0.0,Summer,No Holiday,Yes
4622,11/06/2018,6.98100574072173,14,23.9,47,1.0,2000,11.8,0.97,0.0,0.0,Summer,No Holiday,Yes
4623,11/06/2018,7.123672785204607,15,22.2,60,1.3,1907,14.0,0.34,0.0,0.0,Summer,No Holiday,Yes
4624,11/06/2018,7.107425474110705,16,22.0,60,1.8,2000,13.8,0.14,0.0,0.0,Summer,No Holiday,Yes
4625,11/06/2018,7.297091005160418,17,20.7,72,3.4,2000,15.4,0.11,0.0,0.0,Summer,No Holiday,Yes
4626,11/06/2018,7.307872780763706,18,19.8,80,3.9,2000,16.2,0.12,0.0,0.0,Summer,No Holiday,Yes
4627,11/06/2018,6.773080375655535,19,19.4,85,1.2,1651,16.8,0.08,0.5,0.0,Summer,No Holiday,Yes
4628,11/06/2018,7.155396301896734,20,19.1,84,1.7,2000,16.3,0.04,0.0,0.0,Summer,No Holiday,Yes
4629,11/06/2018,7.4073177104694174,21,19.0,82,1.0,2000,15.8,0.0,0.0,0.0,Summer,No Holiday,Yes
4630,11/06/2018,7.0192966537150445,22,19.0,76,0.1,2000,14.6,0.0,0.0,0.0,Summer,No Holiday,Yes
4631,11/06/2018,5.953243334287785,23,18.2,93,0.8,460,17.0,0.0,3.5,0.0,Summer,No Holiday,Yes
4632,12/06/2018,6.154858094016418,0,18.0,94,0.7,1906,17.0,0.0,1.0,0.0,Summer,No Holiday,Yes
4633,12/06/2018,6.12029741895095,1,17.7,92,0.9,1958,16.3,0.0,0.0,0.0,Summer,No Holiday,Yes
4634,12/06/2018,5.955837369464831,2,17.7,87,1.2,2000,15.5,0.0,0.0,0.0,Summer,No Holiday,Yes
4635,12/06/2018,5.332718793265369,3,17.5,87,0.5,1995,15.3,0.0,0.0,0.0,Summer,No Holiday,Yes
4636,12/06/2018,4.976733742420574,4,17.5,84,0.8,2000,14.7,0.0,0.0,0.0,Summer,No Holiday,Yes
4637,12/06/2018,5.6937321388027,5,17.2,87,0.6,2000,15.0,0.0,0.0,0.0,Summer,No Holiday,Yes
4638,12/06/2018,6.608000625296087,6,16.7,85,1.0,2000,14.1,0.03,0.0,0.0,Summer,No Holiday,Yes
4639,12/06/2018,7.3613754289773485,7,17.1,77,1.5,1748,13.0,0.49,0.0,0.0,Summer,No Holiday,Yes
4640,12/06/2018,7.822444729489319,8,19.0,67,1.1,1976,12.7,1.29,0.0,0.0,Summer,No Holiday,Yes
4641,12/06/2018,7.183870715062453,9,21.1,60,0.9,1998,13.0,2.18,0.0,0.0,Summer,No Holiday,Yes
4642,12/06/2018,6.879355804460439,10,22.1,53,1.1,1999,12.0,2.28,0.0,0.0,Summer,No Holiday,Yes
4643,12/06/2018,6.996681488176539,11,22.9,54,2.6,1959,13.0,2.56,0.0,0.0,Summer,No Holiday,Yes
4644,12/06/2018,7.0925737159746784,12,24.0,51,1.8,2000,13.2,2.29,0.0,0.0,Summer,No Holiday,Yes
4645,12/06/2018,7.103322062526113,13,25.7,46,0.8,2000,13.2,3.18,0.0,0.0,Summer,No Holiday,Yes
4646,12/06/2018,7.1284959456800365,14,25.6,45,2.2,1961,12.7,1.39,0.0,0.0,Summer,No Holiday,Yes
4647,12/06/2018,7.2640301428995295,15,26.2,42,2.7,1977,12.2,1.59,0.0,0.0,Summer,No Holiday,Yes
4648,12/06/2018,7.44716835960004,16,26.2,47,3.8,1996,13.9,2.45,0.0,0.0,Summer,No Holiday,Yes
4649,12/06/2018,7.7279755421055585,17,26.4,47,3.0,1976,14.1,1.76,0.0,0.0,Summer,No Holiday,Yes
4650,12/06/2018,8.133000218583613,18,24.9,53,3.6,2000,14.6,1.28,0.0,0.0,Summer,No Holiday,Yes
4651,12/06/2018,7.96346006663897,19,23.1,58,2.4,1997,14.3,0.59,0.0,0.0,Summer,No Holiday,Yes
4652,12/06/2018,7.855544677915663,20,21.6,62,3.3,2000,13.9,0.09,0.0,0.0,Summer,No Holiday,Yes
4653,12/06/2018,7.826443135456014,21,20.6,70,1.8,1986,14.9,0.0,0.0,0.0,Summer,No Holiday,Yes
4654,12/06/2018,7.745002803515839,22,20.0,70,1.0,2000,14.3,0.0,0.0,0.0,Summer,No Holiday,Yes
4655,12/06/2018,7.4133673356952405,23,19.5,72,0.6,1989,14.3,0.0,0.0,0.0,Summer,No Holiday,Yes
4656,13/06/2018,7.150701457592526,0,19.3,76,1.2,1968,14.9,0.0,0.0,0.0,Summer,No Holiday,Yes
4657,13/06/2018,6.9930151229329605,1,18.9,77,0.7,1987,14.7,0.0,0.0,0.0,Summer,No Holiday,Yes
4658,13/06/2018,6.742880635791903,2,18.4,75,0.6,1986,13.8,0.0,0.0,0.0,Summer,No Holiday,Yes
4659,13/06/2018,6.3835066348840055,3,18.5,73,1.0,1951,13.5,0.0,0.0,0.0,Summer,No Holiday,Yes
4660,13/06/2018,6.045005314036012,4,18.7,74,0.9,1933,13.9,0.0,0.0,0.0,Summer,No Holiday,Yes
4661,13/06/2018,5.673323267171493,5,18.6,76,0.4,1957,14.2,0.0,0.0,0.0,Summer,No Holiday,Yes
4662,13/06/2018,6.0330862217988015,6,18.7,75,0.9,1923,14.1,0.06,0.0,0.0,Summer,No Holiday,Yes
4663,13/06/2018,6.489204931325317,7,19.4,69,0.3,1277,13.5,0.42,0.0,0.0,Summer,No Holiday,Yes
4664,13/06/2018,6.866933284461882,8,20.7,65,1.5,1004,13.8,0.97,0.0,0.0,Summer,No Holiday,Yes
4665,13/06/2018,7.013915474810528,9,22.6,59,1.6,1030,14.1,1.8,0.0,0.0,Summer,No Holiday,Yes
4666,13/06/2018,7.146772179452637,10,23.0,57,2.2,1145,14.0,1.1,0.0,0.0,Summer,No Holiday,Yes
4667,13/06/2018,7.2991214627108,11,24.5,51,1.5,1333,13.6,1.97,0.0,0.0,Summer,No Holiday,Yes
4668,13/06/2018,7.466227556215481,12,24.5,56,2.3,1094,15.1,1.74,0.0,0.0,Summer,No Holiday,Yes
4669,13/06/2018,7.51479976048867,13,24.9,52,1.8,1554,14.3,1.7,0.0,0.0,Summer,No Holiday,Yes
4670,13/06/2018,7.644440761556566,14,26.6,50,2.4,1119,15.3,2.95,0.0,0.0,Summer,No Holiday,Yes
4671,13/06/2018,7.735870319952567,15,25.5,50,2.2,1025,14.3,0.47,0.0,0.0,Summer,No Holiday,Yes
4672,13/06/2018,7.813995675002791,16,25.8,50,1.7,1152,14.5,0.66,0.0,0.0,Summer,No Holiday,Yes
4673,13/06/2018,7.887959336599945,17,25.6,57,3.3,919,16.4,0.87,0.0,0.0,Summer,No Holiday,Yes
4674,13/06/2018,7.8160138391590275,18,23.4,63,3.6,1245,15.9,0.5,0.0,0.0,Summer,No Holiday,Yes
4675,13/06/2018,7.785305182539862,19,22.8,64,2.3,1444,15.6,0.45,0.0,0.0,Summer,No Holiday,Yes
4676,13/06/2018,7.7306140660637395,20,22.1,65,1.3,1611,15.2,0.09,0.0,0.0,Summer,No Holiday,Yes
4677,13/06/2018,7.681099001536359,21,21.8,67,0.0,1485,15.3,0.0,0.0,0.0,Summer,No Holiday,Yes
4678,13/06/2018,7.5678626054638825,22,21.6,66,1.2,1438,14.9,0.0,0.0,0.0,Summer,No Holiday,Yes
4679,13/06/2018,7.240649694255466,23,21.5,62,0.1,1827,13.9,0.0,0.0,0.0,Summer,No Holiday,Yes
4680,14/06/2018,6.954638864880987,0,21.1,69,0.5,1086,15.1,0.0,0.0,0.0,Summer,No Holiday,Yes
4681,14/06/2018,6.573680166960646,1,20.8,72,1.0,912,15.5,0.0,0.0,0.0,Summer,No Holiday,Yes
4682,14/06/2018,6.118097198041348,2,20.8,73,0.8,829,15.7,0.0,0.0,0.0,Summer,No Holiday,Yes
4683,14/06/2018,5.66988092298052,3,20.8,73,0.7,756,15.7,0.0,0.0,0.0,Summer,No Holiday,Yes
4684,14/06/2018,5.267858159063328,4,21.0,72,0.8,677,15.7,0.0,0.0,0.0,Summer,No Holiday,Yes
4685,14/06/2018,5.043425116919247,5,20.3,84,3.2,518,17.5,0.0,0.0,0.0,Summer,No Holiday,Yes
4686,14/06/2018,4.61512051684126,6,19.5,95,1.4,179,18.6,0.0,1.5,0.0,Summer,No Holiday,Yes
4687,14/06/2018,4.553876891600541,7,19.4,97,0.9,272,18.9,0.0,13.5,0.0,Summer,No Holiday,Yes
4688,14/06/2018,5.236441962829949,8,18.9,97,1.2,492,18.4,0.06,11.5,0.0,Summer,No Holiday,Yes
4689,14/06/2018,5.170483995038151,9,19.1,96,0.6,273,18.4,0.17,1.5,0.0,Summer,No Holiday,Yes
4690,14/06/2018,6.278521424165844,10,19.7,94,1.1,497,18.7,0.61,1.0,0.0,Summer,No Holiday,Yes
4691,14/06/2018,6.601230118728877,11,20.5,79,1.7,770,16.7,1.25,0.0,0.0,Summer,No Holiday,Yes
4692,14/06/2018,6.852242569051878,12,21.2,75,0.7,876,16.5,1.07,0.0,0.0,Summer,No Holiday,Yes
4693,14/06/2018,6.963189985870238,13,22.8,67,1.2,930,16.3,1.55,0.0,0.0,Summer,No Holiday,Yes
4694,14/06/2018,7.050989447068045,14,23.8,62,1.2,1282,16.0,1.91,0.0,0.0,Summer,No Holiday,Yes
4695,14/06/2018,7.164720378771857,15,24.6,57,1.8,1664,15.5,1.54,0.0,0.0,Summer,No Holiday,Yes
4696,14/06/2018,7.346655163176539,16,25.0,56,0.7,1723,15.6,1.27,0.0,0.0,Summer,No Holiday,Yes
4697,14/06/2018,7.5678626054638825,17,24.6,57,1.0,1866,15.5,0.45,0.0,0.0,Summer,No Holiday,Yes
4698,14/06/2018,7.993957547573565,18,24.0,61,1.5,1935,16.0,0.26,0.0,0.0,Summer,No Holiday,Yes
4699,14/06/2018,7.526717561352706,19,23.6,63,0.6,1956,16.1,0.19,0.0,0.0,Summer,No Holiday,Yes
4700,14/06/2018,7.351158226430694,20,22.6,74,1.2,1594,17.7,0.01,0.0,0.0,Summer,No Holiday,Yes
4701,14/06/2018,7.4999765409521215,21,22.2,72,1.0,1786,16.9,0.0,0.0,0.0,Summer,No Holiday,Yes
4702,14/06/2018,7.460490305825338,22,21.8,72,1.0,1952,16.5,0.0,0.0,0.0,Summer,No Holiday,Yes
4703,14/06/2018,7.16703787691222,23,21.6,68,0.8,2000,15.4,0.0,0.0,0.0,Summer,No Holiday,Yes
4704,15/06/2018,6.894670039433482,0,21.0,70,0.9,2000,15.3,0.0,0.0,0.0,Summer,No Holiday,Yes
4705,15/06/2018,6.576469569048224,1,20.6,65,1.2,2000,13.7,0.0,0.0,0.0,Summer,No Holiday,Yes
4706,15/06/2018,6.0014148779611505,2,20.1,67,1.1,2000,13.7,0.0,0.1,0.0,Summer,No Holiday,Yes
4707,15/06/2018,5.043425116919247,3,18.8,93,1.0,419,17.6,0.0,5.4,0.0,Summer,No Holiday,Yes
4708,15/06/2018,4.290459441148391,4,18.0,93,1.6,627,16.8,0.0,10.5,0.0,Summer,No Holiday,Yes
4709,15/06/2018,5.087596335232384,5,17.4,86,1.1,1820,15.0,0.0,0.5,0.0,Summer,No Holiday,Yes
4710,15/06/2018,6.413458957167357,6,17.2,83,1.3,2000,14.2,0.07,0.0,0.0,Summer,No Holiday,Yes
4711,15/06/2018,7.291656209174461,7,18.2,75,1.4,2000,13.6,0.56,0.0,0.0,Summer,No Holiday,Yes
4712,15/06/2018,7.753194269884341,8,18.7,71,1.1,1992,13.3,0.61,0.0,0.0,Summer,No Holiday,Yes
4713,15/06/2018,7.065613363597717,9,20.1,65,1.4,2000,13.3,0.93,0.0,0.0,Summer,No Holiday,Yes
4714,15/06/2018,6.912742820493176,10,22.0,56,1.5,1989,12.8,1.91,0.0,0.0,Summer,No Holiday,Yes
4715,15/06/2018,7.020190708311925,11,22.9,57,1.4,1918,13.9,2.24,0.0,0.0,Summer,No Holiday,Yes
4716,15/06/2018,7.085064293952548,12,24.4,50,1.6,2000,13.2,3.07,0.0,0.0,Summer,No Holiday,Yes
4717,15/06/2018,6.943122422819428,13,25.3,48,1.8,1935,13.4,3.42,0.0,0.0,Summer,No Holiday,Yes
4718,15/06/2018,6.93537044601511,14,26.4,43,2.1,1944,12.8,3.23,0.0,0.0,Summer,No Holiday,Yes
4719,15/06/2018,7.2875606403097235,15,26.7,40,1.6,1995,11.9,2.42,0.0,0.0,Summer,No Holiday,Yes
4720,15/06/2018,7.454141078146678,16,26.5,45,1.6,2000,13.5,1.91,0.0,0.0,Summer,No Holiday,Yes
4721,15/06/2018,7.8083230503910555,17,26.1,45,1.4,2000,13.2,1.26,0.0,0.0,Summer,No Holiday,Yes
4722,15/06/2018,7.969703583278656,18,25.9,44,1.5,2000,12.7,1.36,0.0,0.0,Summer,No Holiday,Yes
4723,15/06/2018,8.001355025826703,19,24.3,48,1.5,2000,12.5,0.59,0.0,0.0,Summer,No Holiday,Yes
4724,15/06/2018,7.80057265467065,20,22.6,51,1.3,2000,11.9,0.06,0.0,0.0,Summer,No Holiday,Yes
4725,15/06/2018,7.757051142032013,21,21.4,54,1.5,2000,11.6,0.0,0.0,0.0,Summer,No Holiday,Yes
4726,15/06/2018,7.6760099320288875,22,20.4,54,1.4,2000,10.7,0.0,0.0,0.0,Summer,No Holiday,Yes
4727,15/06/2018,7.374001859350161,23,19.6,55,1.4,2000,10.3,0.0,0.0,0.0,Summer,No Holiday,Yes
4728,16/06/2018,7.1049654482698426,0,19.0,57,1.6,2000,10.2,0.0,0.0,0.0,Summer,No Holiday,Yes
4729,16/06/2018,6.963189985870238,1,18.4,59,1.3,2000,10.2,0.0,0.0,0.0,Summer,No Holiday,Yes
4730,16/06/2018,6.639875833826536,2,17.9,60,0.8,2000,10.0,0.0,0.0,0.0,Summer,No Holiday,Yes
4731,16/06/2018,6.251903883165888,3,17.4,61,1.2,2000,9.7,0.0,0.0,0.0,Summer,No Holiday,Yes
4732,16/06/2018,5.762051382780177,4,16.9,63,1.0,2000,9.8,0.0,0.0,0.0,Summer,No Holiday,Yes
4733,16/06/2018,5.627621113690637,5,16.6,65,1.2,2000,9.9,0.0,0.0,0.0,Summer,No Holiday,Yes
4734,16/06/2018,5.945420608606575,6,16.3,66,0.7,2000,9.9,0.05,0.0,0.0,Summer,No Holiday,Yes
4735,16/06/2018,6.369900982828227,7,17.0,60,1.1,1993,9.1,0.47,0.0,0.0,Summer,No Holiday,Yes
4736,16/06/2018,6.794586580876499,8,18.7,57,1.0,1956,9.9,1.05,0.0,0.0,Summer,No Holiday,Yes
4737,16/06/2018,7.0431599159883405,9,20.4,54,1.5,2000,10.7,1.88,0.0,0.0,Summer,No Holiday,Yes
4738,16/06/2018,7.062191632286556,10,21.8,46,0.9,1927,9.6,2.46,0.0,0.0,Summer,No Holiday,Yes
4739,16/06/2018,7.193685818395112,11,23.4,46,1.6,1954,11.1,2.96,0.0,0.0,Summer,No Holiday,Yes
4740,16/06/2018,7.330405211844402,12,24.8,43,1.2,1943,11.3,3.27,0.0,0.0,Summer,No Holiday,Yes
4741,16/06/2018,7.4413203897176174,13,26.2,37,1.2,1936,10.3,3.36,0.0,0.0,Summer,No Holiday,Yes
4742,16/06/2018,7.486613313139955,14,27.1,40,1.8,1779,12.3,3.26,0.0,0.0,Summer,No Holiday,Yes
4743,16/06/2018,7.529406457837013,15,27.8,41,1.6,1851,13.3,2.89,0.0,0.0,Summer,No Holiday,Yes
4744,16/06/2018,7.596894438144544,16,28.3,41,2.6,1852,13.7,2.58,0.0,0.0,Summer,No Holiday,Yes
4745,16/06/2018,7.776535028185241,17,28.4,43,2.0,1806,14.6,1.93,0.0,0.0,Summer,No Holiday,Yes
4746,16/06/2018,7.804659297056102,18,28.0,46,2.3,1833,15.2,1.23,0.0,0.0,Summer,No Holiday,Yes
4747,16/06/2018,7.814399633804487,19,27.2,48,1.4,1994,15.2,0.57,0.0,0.0,Summer,No Holiday,Yes
4748,16/06/2018,7.823245690685523,20,25.0,60,2.4,1773,16.6,0.1,0.0,0.0,Summer,No Holiday,Yes
4749,16/06/2018,7.798112628829788,21,23.7,64,1.7,1707,16.4,0.0,0.0,0.0,Summer,No Holiday,Yes
4750,16/06/2018,7.59890045687141,22,22.8,69,1.7,1656,16.8,0.0,0.0,0.0,Summer,No Holiday,Yes
4751,16/06/2018,7.38770923908104,23,22.1,73,1.6,1180,17.0,0.0,0.0,0.0,Summer,No Holiday,Yes
4752,17/06/2018,7.240649694255466,0,21.5,76,1.4,1015,17.0,0.0,0.0,0.0,Summer,No Holiday,Yes
4753,17/06/2018,6.835184586147301,1,20.9,79,2.0,932,17.1,0.0,0.0,0.0,Summer,No Holiday,Yes
4754,17/06/2018,6.628041376179533,2,20.5,76,1.1,994,16.1,0.0,0.0,0.0,Summer,No Holiday,Yes
4755,17/06/2018,6.198478716492308,3,19.9,80,1.6,741,16.3,0.0,0.0,0.0,Summer,No Holiday,Yes
4756,17/06/2018,5.720311776607412,4,19.4,82,0.9,531,16.2,0.0,0.0,0.0,Summer,No Holiday,Yes
4757,17/06/2018,5.476463551931511,5,19.0,85,0.8,567,16.4,0.0,0.0,0.0,Summer,No Holiday,Yes
4758,17/06/2018,5.783825182329737,6,18.9,83,0.3,576,15.9,0.05,0.0,0.0,Summer,No Holiday,Yes
4759,17/06/2018,6.16541785423142,7,19.6,75,0.9,884,15.0,0.42,0.0,0.0,Summer,No Holiday,Yes
4760,17/06/2018,6.573680166960646,8,21.1,70,0.3,766,15.4,0.9,0.0,0.0,Summer,No Holiday,Yes
4761,17/06/2018,6.851184927493743,9,22.5,66,1.2,605,15.8,0.97,0.0,0.0,Summer,No Holiday,Yes
4762,17/06/2018,6.860663671448287,10,23.0,66,1.1,516,16.2,0.83,0.0,0.0,Summer,No Holiday,Yes
4763,17/06/2018,7.044905117129371,11,23.6,63,0.7,523,16.1,0.93,0.0,0.0,Summer,No Holiday,Yes
4764,17/06/2018,7.260522598089852,12,24.8,56,0.9,530,15.4,1.57,0.0,0.0,Summer,No Holiday,Yes
4765,17/06/2018,7.355001921105257,13,25.7,52,1.1,639,15.0,1.81,0.0,0.0,Summer,No Holiday,Yes
4766,17/06/2018,7.444248649496705,14,26.8,44,1.6,760,13.5,2.01,0.0,0.0,Summer,No Holiday,Yes
4767,17/06/2018,7.590852123688581,15,27.3,51,2.6,598,16.2,2.4,0.0,0.0,Summer,No Holiday,Yes
4768,17/06/2018,7.71244383427499,16,26.6,51,2.2,809,15.6,1.27,0.0,0.0,Summer,No Holiday,Yes
4769,17/06/2018,7.754052639035757,17,25.6,58,3.3,865,16.7,0.66,0.0,0.0,Summer,No Holiday,Yes
4770,17/06/2018,7.813995675002791,18,25.0,59,3.4,1324,16.4,0.54,0.0,0.0,Summer,No Holiday,Yes
4771,17/06/2018,7.8168199657645525,19,24.2,62,1.9,1225,16.4,0.39,0.0,0.0,Summer,No Holiday,Yes
4772,17/06/2018,7.795646536334594,20,23.1,67,2.1,1060,16.6,0.03,0.0,0.0,Summer,No Holiday,Yes
4773,17/06/2018,7.628517626575055,21,22.7,66,0.9,1069,16.0,0.0,0.0,0.0,Summer,No Holiday,Yes
4774,17/06/2018,7.506591780070841,22,22.2,70,0.5,1056,16.4,0.0,0.0,0.0,Summer,No Holiday,Yes
4775,17/06/2018,7.188412736496954,23,21.7,74,1.4,920,16.8,0.0,0.0,0.0,Summer,No Holiday,Yes
4776,18/06/2018,6.822197390620491,0,21.3,74,1.4,963,16.4,0.0,0.0,0.0,Summer,No Holiday,Yes
4777,18/06/2018,6.306275286948016,1,21.0,74,0.5,990,16.1,0.0,0.0,0.0,Summer,No Holiday,Yes
4778,18/06/2018,6.07993319509559,2,20.7,76,0.3,920,16.3,0.0,0.0,0.0,Summer,No Holiday,Yes
4779,18/06/2018,5.313205979041787,3,20.5,77,0.5,865,16.3,0.0,0.0,0.0,Summer,No Holiday,Yes
4780,18/06/2018,5.10594547390058,4,20.2,78,0.7,884,16.2,0.0,0.0,0.0,Summer,No Holiday,Yes
4781,18/06/2018,5.950642552587727,5,20.0,80,0.3,824,16.4,0.0,0.0,0.0,Summer,No Holiday,Yes
4782,18/06/2018,6.659293919683638,6,20.0,78,0.4,752,16.0,0.05,0.0,0.0,Summer,No Holiday,Yes
4783,18/06/2018,7.372118028337787,7,20.6,76,0.5,786,16.2,0.3,0.0,0.0,Summer,No Holiday,Yes
4784,18/06/2018,7.765569081097317,8,22.7,65,0.7,759,15.7,1.05,0.0,0.0,Summer,No Holiday,Yes
4785,18/06/2018,7.142036574706803,9,24.7,59,1.1,616,16.1,1.8,0.0,0.0,Summer,No Holiday,Yes
4786,18/06/2018,6.71295620067707,10,26.1,53,0.9,554,15.7,2.14,0.0,0.0,Summer,No Holiday,Yes
4787,18/06/2018,6.82001636467413,11,27.3,45,2.4,846,14.3,2.84,0.0,0.0,Summer,No Holiday,Yes
4788,18/06/2018,6.8966943316227125,12,28.4,45,2.2,649,15.3,2.92,0.0,0.0,Summer,No Holiday,Yes
4789,18/06/2018,6.844815479208263,13,29.4,42,1.7,689,15.1,3.1,0.0,0.0,Summer,No Holiday,Yes
4790,18/06/2018,6.905753276311464,14,29.8,36,2.0,1382,13.1,2.63,0.0,0.0,Summer,No Holiday,Yes
4791,18/06/2018,7.071573364211532,15,30.5,34,2.8,1590,12.8,2.87,0.0,0.0,Summer,No Holiday,Yes
4792,18/06/2018,7.2456550675945355,16,30.5,34,2.9,1830,12.8,2.51,0.0,0.0,Summer,No Holiday,Yes
4793,18/06/2018,7.621195162809845,17,29.5,36,3.7,1786,12.8,1.94,0.0,0.0,Summer,No Holiday,Yes
4794,18/06/2018,6.616065185132817,18,29.2,35,2.7,1900,12.1,1.27,0.0,0.0,Summer,No Holiday,Yes
4795,18/06/2018,7.351158226430694,19,28.1,38,2.6,2000,12.4,0.63,0.0,0.0,Summer,No Holiday,Yes
4796,18/06/2018,7.830425617820331,20,25.7,43,2.1,2000,12.1,0.12,0.0,0.0,Summer,No Holiday,Yes
4797,18/06/2018,7.440146680662688,21,23.8,48,2.0,2000,12.1,0.0,0.0,0.0,Summer,No Holiday,Yes
4798,18/06/2018,7.2254814727822945,22,22.9,56,1.3,1927,13.6,0.0,0.0,0.0,Summer,No Holiday,Yes
4799,18/06/2018,7.457609289715606,23,22.3,59,1.1,1892,13.8,0.0,0.0,0.0,Summer,No Holiday,Yes
4800,19/06/2018,6.962243464266207,0,21.5,63,1.0,1740,14.1,0.0,0.0,0.0,Summer,No Holiday,Yes
4801,19/06/2018,6.642486801367256,1,20.9,66,0.8,1528,14.3,0.0,0.0,0.0,Summer,No Holiday,Yes
4802,19/06/2018,6.269096283706261,2,20.2,71,1.2,1414,14.7,0.0,0.0,0.0,Summer,No Holiday,Yes
4803,19/06/2018,5.91350300563827,3,19.9,69,1.4,1179,14.0,0.0,0.0,0.0,Summer,No Holiday,Yes
4804,19/06/2018,5.594711379601839,4,19.7,73,1.6,848,14.7,0.0,0.0,0.0,Summer,No Holiday,Yes
4805,19/06/2018,5.762051382780177,5,19.4,77,0.8,831,15.2,0.0,0.0,0.0,Summer,No Holiday,Yes
4806,19/06/2018,6.616065185132817,6,19.1,75,0.4,1039,14.5,0.08,0.0,0.0,Summer,No Holiday,Yes
4807,19/06/2018,7.388327859577107,7,19.9,72,0.6,840,14.6,0.32,0.0,0.0,Summer,No Holiday,Yes
4808,19/06/2018,7.796057974316123,8,21.1,66,1.0,797,14.4,0.62,0.0,0.0,Summer,No Holiday,Yes
4809,19/06/2018,7.231287004327616,9,22.4,62,0.9,761,14.7,0.93,0.0,0.0,Summer,No Holiday,Yes
4810,19/06/2018,6.843749949006225,10,23.7,56,1.6,1074,14.3,1.34,0.0,0.0,Summer,No Holiday,Yes
4811,19/06/2018,6.922643891475888,11,24.6,53,1.4,1472,14.3,1.67,0.0,0.0,Summer,No Holiday,Yes
4812,19/06/2018,7.110696122978827,12,25.8,48,1.5,1487,13.9,2.31,0.0,0.0,Summer,No Holiday,Yes
4813,19/06/2018,7.115582126184454,13,26.6,46,2.9,1482,14.0,2.31,0.0,0.0,Summer,No Holiday,Yes
4814,19/06/2018,7.138073034044347,14,27.2,44,2.9,1377,13.8,2.59,0.0,0.0,Summer,No Holiday,Yes
4815,19/06/2018,7.218176838403408,15,26.7,42,2.6,1634,12.7,1.89,0.0,0.0,Summer,No Holiday,Yes
4816,19/06/2018,7.438971592395862,16,26.1,46,3.0,1728,13.5,1.55,0.0,0.0,Summer,No Holiday,Yes
4817,19/06/2018,7.753194269884341,17,25.1,51,2.4,1714,14.2,1.15,0.0,0.0,Summer,No Holiday,Yes
4818,19/06/2018,8.176672771948455,18,24.1,57,2.9,1301,15.0,0.56,0.0,0.0,Summer,No Holiday,Yes
4819,19/06/2018,7.940939762327791,19,23.3,59,2.6,1214,14.8,0.28,0.0,0.0,Summer,No Holiday,Yes
4820,19/06/2018,7.8343923029104365,20,22.4,62,2.2,1041,14.7,0.05,0.0,0.0,Summer,No Holiday,Yes
4821,19/06/2018,7.774435510302958,21,21.6,66,2.4,962,14.9,0.0,0.0,0.0,Summer,No Holiday,Yes
4822,19/06/2018,7.64826303090192,22,20.8,71,2.1,800,15.3,0.0,0.0,0.0,Summer,No Holiday,Yes
4823,19/06/2018,7.284134806195205,23,20.1,73,1.9,771,15.1,0.0,0.0,0.0,Summer,No Holiday,Yes
4824,20/06/2018,6.93828448401696,0,19.7,71,2.0,1330,14.2,0.0,0.0,0.0,Summer,No Holiday,Yes
4825,20/06/2018,6.6895992691789665,1,19.6,73,1.4,958,14.6,0.0,0.0,0.0,Summer,No Holiday,Yes
4826,20/06/2018,6.3578422665081,2,19.6,78,0.8,662,15.6,0.0,0.0,0.0,Summer,No Holiday,Yes
4827,20/06/2018,5.831882477283517,3,19.4,79,0.8,563,15.6,0.0,0.0,0.0,Summer,No Holiday,Yes
4828,20/06/2018,5.521460917862246,4,19.1,82,1.5,471,15.9,0.0,0.0,0.0,Summer,No Holiday,Yes
4829,20/06/2018,5.820082930352362,5,19.1,83,2.0,457,16.1,0.0,0.0,0.0,Summer,No Holiday,Yes
4830,20/06/2018,6.5722825426940075,6,19.4,83,1.6,448,16.4,0.03,0.0,0.0,Summer,No Holiday,Yes
4831,20/06/2018,7.396335293800808,7,20.0,77,1.7,595,15.8,0.29,0.0,0.0,Summer,No Holiday,Yes
4832,20/06/2018,7.80016307039296,8,20.6,77,1.2,566,16.4,0.53,0.0,0.0,Summer,No Holiday,Yes
4833,20/06/2018,7.2456550675945355,9,21.1,73,2.0,623,16.0,0.43,0.0,0.0,Summer,No Holiday,Yes
4834,20/06/2018,6.910750787961936,10,22.2,70,3.1,740,16.4,1.44,0.0,0.0,Summer,No Holiday,Yes
4835,20/06/2018,7.00397413672268,11,23.7,56,2.4,1070,14.3,2.33,0.0,0.0,Summer,No Holiday,Yes
4836,20/06/2018,7.133295954896068,12,25.2,53,3.3,976,14.9,3.38,0.0,0.0,Summer,No Holiday,Yes
4837,20/06/2018,7.077498053569231,13,26.2,51,3.2,1078,15.2,3.36,0.0,0.0,Summer,No Holiday,Yes
4838,20/06/2018,7.055312843339752,14,27.5,47,2.7,990,15.1,3.24,0.0,0.0,Summer,No Holiday,Yes
4839,20/06/2018,7.144407180321139,15,27.9,45,3.6,1558,14.8,3.04,0.0,0.0,Summer,No Holiday,Yes
4840,20/06/2018,7.3783837129967145,16,28.2,48,3.9,1103,16.1,2.55,0.0,0.0,Summer,No Holiday,Yes
4841,20/06/2018,7.736307096548285,17,28.0,50,3.2,1137,16.6,1.93,0.0,0.0,Summer,No Holiday,Yes
4842,20/06/2018,8.127109185346375,18,27.0,55,3.1,1246,17.1,1.26,0.0,0.0,Summer,No Holiday,Yes
4843,20/06/2018,7.91644286012226,19,25.6,61,2.7,1236,17.5,0.6,0.0,0.0,Summer,No Holiday,Yes
4844,20/06/2018,7.832014180505469,20,23.3,68,3.6,895,17.0,0.11,0.0,0.0,Summer,No Holiday,Yes
4845,20/06/2018,7.717351272185329,21,21.6,74,3.3,758,16.7,0.0,0.0,0.0,Summer,No Holiday,Yes
4846,20/06/2018,7.590852123688581,22,20.6,78,3.0,684,16.6,0.0,0.0,0.0,Summer,No Holiday,Yes
4847,20/06/2018,7.2456550675945355,23,20.1,82,3.6,494,16.9,0.0,0.0,0.0,Summer,No Holiday,Yes
4848,21/06/2018,6.988413181999592,0,20.0,83,2.6,547,17.0,0.0,0.0,0.0,Summer,No Holiday,Yes
4849,21/06/2018,6.678342114654332,1,20.1,82,1.2,582,16.9,0.0,0.0,0.0,Summer,No Holiday,Yes
4850,21/06/2018,6.29156913955832,2,20.2,82,0.9,575,17.0,0.0,0.0,0.0,Summer,No Holiday,Yes
4851,21/06/2018,5.978885764901122,3,20.0,83,1.7,607,17.0,0.0,0.0,0.0,Summer,No Holiday,Yes
4852,21/06/2018,5.375278407684165,4,19.6,87,1.2,465,17.3,0.0,0.0,0.0,Summer,No Holiday,Yes
4853,21/06/2018,5.733341276897746,5,19.4,82,2.1,677,16.2,0.0,0.0,0.0,Summer,No Holiday,Yes
4854,21/06/2018,6.565264970035361,6,19.5,80,1.6,709,15.9,0.04,0.0,0.0,Summer,No Holiday,Yes
4855,21/06/2018,7.342131730584722,7,19.9,74,1.7,683,15.1,0.21,0.0,0.0,Summer,No Holiday,Yes
4856,21/06/2018,7.771067086065406,8,21.4,65,1.9,821,14.5,1.15,0.0,0.0,Summer,No Holiday,Yes
4857,21/06/2018,7.215975002651466,9,22.7,59,2.0,940,14.2,1.77,0.0,0.0,Summer,No Holiday,Yes
4858,21/06/2018,6.827629234502852,10,23.9,57,2.1,977,14.8,2.54,0.0,0.0,Summer,No Holiday,Yes
4859,21/06/2018,6.9726062513017535,11,25.5,57,1.8,943,16.3,3.01,0.0,0.0,Summer,No Holiday,Yes
4860,21/06/2018,7.088408778675395,12,26.4,46,1.4,1103,13.8,3.26,0.0,0.0,Summer,No Holiday,Yes
4861,21/06/2018,7.045776576879511,13,27.3,33,3.4,1921,9.6,3.42,0.0,0.0,Summer,No Holiday,Yes
4862,21/06/2018,7.050122520269059,14,28.0,39,2.6,1833,12.7,3.14,0.0,0.0,Summer,No Holiday,Yes
4863,21/06/2018,7.152268856032539,15,28.3,40,3.2,1619,13.4,2.96,0.0,0.0,Summer,No Holiday,Yes
4864,21/06/2018,7.295735072749282,16,28.5,42,3.1,1622,14.3,2.62,0.0,0.0,Summer,No Holiday,Yes
4865,21/06/2018,7.685703061234547,17,28.4,43,3.3,1715,14.6,2.04,0.0,0.0,Summer,No Holiday,Yes
4866,21/06/2018,8.137103389639302,18,27.8,43,3.0,1933,14.0,1.35,0.0,0.0,Summer,No Holiday,Yes
4867,21/06/2018,7.941651252930556,19,26.9,42,2.4,2000,12.8,0.62,0.0,0.0,Summer,No Holiday,Yes
4868,21/06/2018,7.846589975291186,20,25.1,55,2.3,1779,15.4,0.08,0.0,0.0,Summer,No Holiday,Yes
4869,21/06/2018,7.798523053625206,21,23.8,63,1.5,1455,16.3,0.0,0.0,0.0,Summer,No Holiday,Yes
4870,21/06/2018,7.687080155783135,22,22.8,67,2.1,1042,16.3,0.0,0.0,0.0,Summer,No Holiday,Yes
4871,21/06/2018,7.311886164077165,23,21.9,59,2.6,1188,13.5,0.0,0.0,0.0,Summer,No Holiday,Yes
4872,22/06/2018,7.037027614686276,0,20.7,67,1.9,885,14.3,0.0,0.0,0.0,Summer,No Holiday,Yes
4873,22/06/2018,6.816735880594968,1,20.2,75,1.4,525,15.6,0.0,0.0,0.0,Summer,No Holiday,Yes
4874,22/06/2018,6.401917196727186,2,19.8,80,1.5,370,16.2,0.0,0.0,0.0,Summer,No Holiday,Yes
4875,22/06/2018,6.025865973825314,3,19.3,85,1.6,345,16.7,0.0,0.0,0.0,Summer,No Holiday,Yes
4876,22/06/2018,5.594711379601839,4,19.1,86,1.4,322,16.6,0.0,0.0,0.0,Summer,No Holiday,Yes
4877,22/06/2018,5.820082930352362,5,18.6,85,1.0,384,16.0,0.0,0.0,0.0,Summer,No Holiday,Yes
4878,22/06/2018,6.566672429803241,6,18.2,83,0.6,448,15.2,0.06,0.0,0.0,Summer,No Holiday,Yes
4879,22/06/2018,7.333023014386481,7,18.8,66,1.1,814,12.3,0.46,0.0,0.0,Summer,No Holiday,Yes
4880,22/06/2018,7.7336835707759,8,21.9,58,1.2,771,13.2,1.29,0.0,0.0,Summer,No Holiday,Yes
4881,22/06/2018,7.158513997329321,9,24.2,47,1.2,822,12.1,1.94,0.0,0.0,Summer,No Holiday,Yes
4882,22/06/2018,6.805722553416985,10,26.3,34,0.9,1792,9.1,2.57,0.0,0.0,Summer,No Holiday,Yes
4883,22/06/2018,6.928537818164665,11,28.1,35,1.3,1608,11.1,3.02,0.0,0.0,Summer,No Holiday,Yes
4884,22/06/2018,7.018401799069201,12,29.8,28,1.3,1777,9.3,3.21,0.0,0.0,Summer,No Holiday,Yes
4885,22/06/2018,6.97914527506881,13,30.6,26,1.2,1792,8.9,3.17,0.0,0.0,Summer,No Holiday,Yes
4886,22/06/2018,6.992096427415888,14,31.6,25,2.3,1780,9.1,3.21,0.0,0.0,Summer,No Holiday,Yes
4887,22/06/2018,7.093404625868766,15,31.9,23,1.8,1977,8.1,2.57,0.0,0.0,Summer,No Holiday,Yes
4888,22/06/2018,7.2909747781429814,16,30.8,31,3.8,1246,11.7,2.17,0.0,0.0,Summer,No Holiday,Yes
4889,22/06/2018,7.671826797878781,17,30.4,28,2.9,1834,9.8,1.9,0.0,0.0,Summer,No Holiday,Yes
4890,22/06/2018,8.121480374750751,18,29.3,27,3.4,1977,8.3,1.24,0.0,0.0,Summer,No Holiday,Yes
4891,22/06/2018,7.913155185928068,19,27.1,32,3.5,2000,8.9,0.52,0.0,0.0,Summer,No Holiday,Yes
4892,22/06/2018,7.821643126239982,20,25.4,31,2.5,2000,7.0,0.07,0.0,0.0,Summer,No Holiday,Yes
4893,22/06/2018,7.719573989259581,21,24.2,32,1.5,2000,6.4,0.0,0.0,0.0,Summer,No Holiday,Yes
4894,22/06/2018,7.651595573857601,22,23.3,32,1.1,2000,5.6,0.0,0.0,0.0,Summer,No Holiday,Yes
4895,22/06/2018,7.407924322559599,23,22.9,34,1.1,1810,6.1,0.0,0.0,0.0,Summer,No Holiday,Yes
4896,23/06/2018,7.187657164114956,0,22.7,36,1.5,2000,6.8,0.0,0.0,0.0,Summer,No Holiday,Yes
4897,23/06/2018,6.97914527506881,1,22.5,39,1.1,2000,7.8,0.0,0.0,0.0,Summer,No Holiday,Yes
4898,23/06/2018,6.70808408385307,2,22.3,37,1.8,2000,6.8,0.0,0.0,0.0,Summer,No Holiday,Yes
4899,23/06/2018,6.293419278846481,3,22.0,42,0.2,1891,8.4,0.0,0.0,0.0,Summer,No Holiday,Yes
4900,23/06/2018,5.929589143389895,4,21.6,47,0.4,1985,9.7,0.0,0.0,0.0,Summer,No Holiday,Yes
4901,23/06/2018,5.8289456176102075,5,21.1,48,0.3,2000,9.6,0.0,0.0,0.0,Summer,No Holiday,Yes
4902,23/06/2018,6.035481432524756,6,21.0,48,0.6,2000,9.5,0.01,0.0,0.0,Summer,No Holiday,Yes
4903,23/06/2018,6.434546518787453,7,21.3,44,0.5,1911,8.5,0.2,0.0,0.0,Summer,No Holiday,Yes
4904,23/06/2018,6.840546529288687,8,22.6,42,0.7,1887,9.0,0.62,0.0,0.0,Summer,No Holiday,Yes
4905,23/06/2018,6.9782137426306985,9,24.3,37,1.1,1939,8.6,1.31,0.0,0.0,Summer,No Holiday,Yes
4906,23/06/2018,6.970730078143525,10,25.8,35,1.5,1900,9.1,1.66,0.0,0.0,Summer,No Holiday,Yes
4907,23/06/2018,7.114769448366463,11,27.5,31,1.9,1841,8.8,2.7,0.0,0.0,Summer,No Holiday,Yes
4908,23/06/2018,7.226209010100671,12,28.4,31,2.7,1849,9.6,2.93,0.0,0.0,Summer,No Holiday,Yes
4909,23/06/2018,7.302496423727326,13,27.9,41,3.9,1649,13.4,2.08,0.0,0.0,Summer,No Holiday,Yes
4910,23/06/2018,7.27655640271871,14,28.0,46,3.6,1401,15.2,2.88,0.0,0.0,Summer,No Holiday,Yes
4911,23/06/2018,7.371489295214277,15,28.4,43,3.1,1337,14.6,2.65,0.0,0.0,Summer,No Holiday,Yes
4912,23/06/2018,7.516433302915632,16,28.3,48,3.1,1232,16.2,2.41,0.0,0.0,Summer,No Holiday,Yes
4913,23/06/2018,7.650644551436897,17,28.1,49,3.2,1117,16.3,1.62,0.0,0.0,Summer,No Holiday,Yes
4914,23/06/2018,7.721791776817535,18,26.3,55,3.2,1119,16.5,0.64,0.0,0.0,Summer,No Holiday,Yes
4915,23/06/2018,7.735870319952567,19,25.7,59,2.8,1083,17.0,0.38,0.0,0.0,Summer,No Holiday,Yes
4916,23/06/2018,7.724446645633537,20,24.6,65,2.1,1018,17.5,0.1,0.0,0.0,Summer,No Holiday,Yes
4917,23/06/2018,7.685243607975833,21,23.8,68,2.2,694,17.5,0.0,0.0,0.0,Summer,No Holiday,Yes
4918,23/06/2018,7.566828479208331,22,23.0,74,2.4,473,18.1,0.0,0.0,0.0,Summer,No Holiday,Yes
4919,23/06/2018,7.246368080102461,23,22.5,77,2.7,396,18.2,0.0,0.0,0.0,Summer,No Holiday,Yes
4920,24/06/2018,6.745236349484363,0,22.0,81,1.6,374,18.5,0.0,0.0,0.0,Summer,No Holiday,Yes
4921,24/06/2018,6.302618975744905,1,21.5,83,1.3,345,18.4,0.0,0.0,0.0,Summer,No Holiday,Yes
4922,24/06/2018,7.134890851565884,2,20.9,87,1.8,222,18.6,0.0,0.0,0.0,Summer,No Holiday,Yes
4923,24/06/2018,6.4692503167957724,3,20.6,91,0.8,194,19.0,0.0,0.0,0.0,Summer,No Holiday,Yes
4924,24/06/2018,5.659482215759621,4,20.5,90,0.8,223,18.7,0.0,0.0,0.0,Summer,No Holiday,Yes
4925,24/06/2018,5.4638318050256105,5,20.3,87,1.0,251,18.0,0.0,0.0,0.0,Summer,No Holiday,Yes
4926,24/06/2018,5.556828061699537,6,20.2,87,2.0,255,17.9,0.01,0.0,0.0,Summer,No Holiday,Yes
4927,24/06/2018,5.91350300563827,7,20.5,82,0.8,338,17.3,0.16,0.0,0.0,Summer,No Holiday,Yes
4928,24/06/2018,6.331501849893691,8,21.3,78,0.7,351,17.3,0.51,0.0,0.0,Summer,No Holiday,Yes
4929,24/06/2018,6.5998704992128365,9,23.1,68,1.9,482,16.8,1.64,0.0,0.0,Summer,No Holiday,Yes
4930,24/06/2018,6.638567789166521,10,25.0,60,1.5,570,16.6,2.33,0.0,0.0,Summer,No Holiday,Yes
4931,24/06/2018,6.769641976852503,11,27.1,52,2.1,557,16.3,2.82,0.0,0.0,Summer,No Holiday,Yes
4932,24/06/2018,6.949856455000773,12,28.9,40,2.3,809,13.9,3.15,0.0,0.0,Summer,No Holiday,Yes
4933,24/06/2018,6.968850378341948,13,30.6,31,2.7,1240,11.5,3.24,0.0,0.0,Summer,No Holiday,Yes
4934,24/06/2018,6.970730078143525,14,31.6,34,2.9,1050,13.8,3.12,0.0,0.0,Summer,No Holiday,Yes
4935,24/06/2018,7.101675971619444,15,31.8,31,3.4,1400,12.5,2.85,0.0,0.0,Summer,No Holiday,Yes
4936,24/06/2018,7.294377299288821,16,31.3,32,3.2,1427,12.6,2.38,0.0,0.0,Summer,No Holiday,Yes
4937,24/06/2018,7.470224135899966,17,30.9,34,2.5,1640,13.2,1.79,0.0,0.0,Summer,No Holiday,Yes
4938,24/06/2018,7.647308832356238,18,29.8,35,3.3,1805,12.6,1.15,0.0,0.0,Summer,No Holiday,Yes
4939,24/06/2018,7.736743682453495,19,27.8,41,2.7,1990,13.3,0.45,0.0,0.0,Summer,No Holiday,Yes
4940,24/06/2018,7.778211474512493,20,26.1,49,1.9,1960,14.5,0.1,0.0,0.0,Summer,No Holiday,Yes
4941,24/06/2018,7.675081857716334,21,24.5,71,1.7,1295,18.8,0.0,0.0,0.0,Summer,No Holiday,Yes
4942,24/06/2018,7.496652438168283,22,23.9,72,0.8,1098,18.5,0.0,0.0,0.0,Summer,No Holiday,Yes
4943,24/06/2018,7.1929342212158,23,23.3,75,2.0,890,18.6,0.0,0.0,0.0,Summer,No Holiday,Yes
4944,25/06/2018,6.870053411798126,0,22.9,79,0.6,715,19.0,0.0,0.0,0.0,Summer,No Holiday,Yes
4945,25/06/2018,6.373319789577012,1,22.5,80,1.1,619,18.8,0.0,0.0,0.0,Summer,No Holiday,Yes
4946,25/06/2018,6.052089168924417,2,22.3,80,0.8,709,18.6,0.0,0.0,0.0,Summer,No Holiday,Yes
4947,25/06/2018,5.579729825986222,3,22.0,83,0.5,684,18.9,0.0,0.0,0.0,Summer,No Holiday,Yes
4948,25/06/2018,5.298317366548036,4,21.8,82,0.7,702,18.5,0.0,0.0,0.0,Summer,No Holiday,Yes
4949,25/06/2018,5.82600010738045,5,21.5,84,0.3,569,18.6,0.0,0.0,0.0,Summer,No Holiday,Yes
4950,25/06/2018,6.666956792429207,6,21.3,81,0.7,604,17.8,0.05,0.0,0.0,Summer,No Holiday,Yes
4951,25/06/2018,7.390798521735676,7,22.1,74,0.3,830,17.2,0.37,0.0,0.0,Summer,No Holiday,Yes
4952,25/06/2018,7.754481547470383,8,23.8,66,0.9,960,17.0,0.74,0.0,0.0,Summer,No Holiday,Yes
4953,25/06/2018,7.165493475060845,9,25.4,61,1.0,1079,17.3,1.28,0.0,0.0,Summer,No Holiday,Yes
4954,25/06/2018,6.778784897685177,10,26.4,55,0.9,901,16.6,1.16,0.0,0.0,Summer,No Holiday,Yes
4955,25/06/2018,6.876264611890766,11,27.8,46,1.3,912,15.1,1.77,0.0,0.0,Summer,No Holiday,Yes
4956,25/06/2018,6.946975992135418,12,29.8,42,2.1,1220,15.5,2.9,0.0,0.0,Summer,No Holiday,Yes
4957,25/06/2018,6.97914527506881,13,31.2,36,2.0,1022,14.3,2.91,0.0,0.0,Summer,No Holiday,Yes
4958,25/06/2018,6.92461239604856,14,32.3,35,1.8,982,14.8,2.71,0.0,0.0,Summer,No Holiday,Yes
4959,25/06/2018,7.077498053569231,15,32.7,31,1.7,1243,13.3,2.3,0.0,0.0,Summer,No Holiday,Yes
4960,25/06/2018,7.249925536717988,16,32.2,39,2.8,928,16.4,1.74,0.0,0.0,Summer,No Holiday,Yes
4961,25/06/2018,7.605392364814935,17,31.5,42,2.3,990,17.0,1.36,0.0,0.0,Summer,No Holiday,Yes
4962,25/06/2018,8.08301991917133,18,30.7,43,1.6,931,16.6,0.74,0.0,0.0,Summer,No Holiday,Yes
4963,25/06/2018,7.930206206684683,19,29.8,45,1.5,956,16.5,0.32,0.0,0.0,Summer,No Holiday,Yes
4964,25/06/2018,7.806696372521179,20,28.8,54,1.1,964,18.5,0.09,0.0,0.0,Summer,No Holiday,Yes
4965,25/06/2018,7.771910256435763,21,27.9,55,0.5,1083,18.0,0.0,0.0,0.0,Summer,No Holiday,Yes
4966,25/06/2018,7.624130585661289,22,27.4,55,0.3,1001,17.5,0.0,0.0,0.0,Summer,No Holiday,Yes
4967,25/06/2018,7.271008538280992,23,27.2,55,0.7,920,17.3,0.0,0.0,0.0,Summer,No Holiday,Yes
4968,26/06/2018,6.959398512133975,0,26.9,61,1.5,805,18.7,0.0,0.0,0.0,Summer,No Holiday,Yes
4969,26/06/2018,6.664409020350408,1,26.7,50,1.8,884,15.4,0.0,0.0,0.0,Summer,No Holiday,Yes
4970,26/06/2018,6.263398262591624,2,26.1,51,1.7,760,15.1,0.0,0.0,0.0,Summer,No Holiday,Yes
4971,26/06/2018,5.869296913133774,3,25.4,50,1.1,870,14.2,0.0,0.0,0.0,Summer,No Holiday,Yes
4972,26/06/2018,4.969813299576001,4,24.7,49,1.0,1293,13.2,0.0,0.0,0.0,Summer,No Holiday,Yes
4973,26/06/2018,3.828641396489095,5,23.7,64,0.9,876,16.4,0.0,0.1,0.0,Summer,No Holiday,Yes
4974,26/06/2018,3.6375861597263857,6,22.5,83,0.8,537,19.4,0.0,0.4,0.0,Summer,No Holiday,Yes
4975,26/06/2018,3.912023005428146,7,21.2,87,0.8,376,18.9,0.03,1.5,0.0,Summer,No Holiday,Yes
4976,26/06/2018,3.9889840465642745,8,20.8,94,1.0,159,19.7,0.05,3.5,0.0,Summer,No Holiday,Yes
4977,26/06/2018,2.995732273553991,9,20.3,96,1.1,143,19.6,0.06,6.5,0.0,Summer,No Holiday,Yes
4978,26/06/2018,2.302585092994046,10,20.3,97,1.0,103,19.8,0.12,9.5,0.0,Summer,No Holiday,Yes
4979,26/06/2018,2.4849066497880004,11,20.4,97,1.4,129,19.9,0.09,16.0,0.0,Summer,No Holiday,Yes
4980,26/06/2018,2.3978952727983707,12,20.5,97,1.8,257,20.0,0.15,5.0,0.0,Summer,No Holiday,Yes
4981,26/06/2018,3.2188758248682006,13,20.5,97,1.2,338,20.0,0.11,14.5,0.0,Summer,No Holiday,Yes
4982,26/06/2018,3.295836866004329,14,21.0,97,0.7,381,20.4,0.26,2.5,0.0,Summer,No Holiday,Yes
4983,26/06/2018,4.189654742026425,15,21.5,97,0.6,311,20.9,0.21,4.5,0.0,Summer,No Holiday,Yes
4984,26/06/2018,4.04305126783455,16,23.3,96,3.4,441,22.6,0.08,1.0,0.0,Summer,No Holiday,Yes
4985,26/06/2018,4.736198448394496,17,24.0,95,5.0,362,23.1,0.07,2.0,0.0,Summer,No Holiday,Yes
4986,26/06/2018,5.056245805348308,18,24.1,95,4.4,261,23.2,0.03,1.0,0.0,Summer,No Holiday,Yes
4987,26/06/2018,5.318119993844216,19,24.2,94,4.7,242,23.1,0.03,1.5,0.0,Summer,No Holiday,Yes
4988,26/06/2018,5.298317366548036,20,24.1,94,4.5,214,23.0,0.0,0.5,0.0,Summer,No Holiday,Yes
4989,26/06/2018,5.62040086571715,21,23.5,94,4.6,227,22.4,0.0,1.5,0.0,Summer,No Holiday,Yes
4990,26/06/2018,6.095824562432225,22,22.4,95,4.1,222,21.5,0.0,0.0,0.0,Summer,No Holiday,Yes
4991,26/06/2018,6.315358001522335,23,21.6,89,4.3,698,19.7,0.0,0.0,0.0,Summer,No Holiday,Yes
4992,27/06/2018,6.2422232654551655,0,20.5,94,3.7,896,19.4,0.0,0.0,0.0,Summer,No Holiday,Yes
4993,27/06/2018,5.541263545158426,1,20.0,96,3.0,182,19.3,0.0,0.1,0.0,Summer,No Holiday,Yes
4994,27/06/2018,5.10594547390058,2,19.6,97,2.6,201,19.1,0.0,0.4,0.0,Summer,No Holiday,Yes
4995,27/06/2018,5.030437921392435,3,19.4,97,2.9,282,18.9,0.0,0.0,0.0,Summer,No Holiday,Yes
4996,27/06/2018,4.709530201312334,4,19.2,97,1.0,217,18.7,0.0,0.5,0.0,Summer,No Holiday,Yes
4997,27/06/2018,5.093750200806762,5,19.1,97,1.2,402,18.6,0.0,0.0,0.0,Summer,No Holiday,Yes
4998,27/06/2018,6.035481432524756,6,19.2,97,1.5,157,18.7,0.0,0.0,0.0,Summer,No Holiday,Yes
4999,27/06/2018,6.98933526597456,7,19.3,98,1.0,188,18.9,0.06,0.0,0.0,Summer,No Holiday,Yes
5000,27/06/2018,7.59890045687141,8,19.7,97,1.5,200,19.2,0.25,0.0,0.0,Summer,No Holiday,Yes
5001,27/06/2018,7.122059881629142,9,20.0,96,1.6,287,19.3,0.39,0.0,0.0,Summer,No Holiday,Yes
5002,27/06/2018,6.760414691083428,10,21.4,85,1.1,596,18.7,1.34,0.0,0.0,Summer,No Holiday,Yes
5003,27/06/2018,6.923628628138427,11,23.4,73,1.3,827,18.2,2.38,0.0,0.0,Summer,No Holiday,Yes
5004,27/06/2018,7.044032897274685,12,24.1,73,2.2,992,18.9,2.15,0.0,0.0,Summer,No Holiday,Yes
5005,27/06/2018,7.118826249062078,13,24.9,69,2.2,850,18.8,2.14,0.0,0.0,Summer,No Holiday,Yes
5006,27/06/2018,7.126087273299125,14,24.7,72,2.9,720,19.3,1.45,0.0,0.0,Summer,No Holiday,Yes
5007,27/06/2018,7.217443431696533,15,25.5,68,2.4,638,19.1,1.61,0.0,0.0,Summer,No Holiday,Yes
5008,27/06/2018,7.389563953677635,16,25.0,74,2.2,578,20.0,0.52,0.0,0.0,Summer,No Holiday,Yes
5009,27/06/2018,7.65728279297819,17,25.1,70,2.2,796,19.2,0.48,0.0,0.0,Summer,No Holiday,Yes
5010,27/06/2018,8.062432791583195,18,25.0,69,1.5,1125,18.9,0.52,0.0,0.0,Summer,No Holiday,Yes
5011,27/06/2018,7.81923445385907,19,24.9,70,1.8,1131,19.0,0.24,0.0,0.0,Summer,No Holiday,Yes
5012,27/06/2018,7.729735331385051,20,24.2,72,1.4,833,18.8,0.03,0.0,0.0,Summer,No Holiday,Yes
5013,27/06/2018,7.696667081526462,21,23.3,71,1.3,1145,17.7,0.0,0.0,0.0,Summer,No Holiday,Yes
5014,27/06/2018,7.580699752224563,22,22.7,77,2.0,1099,18.4,0.0,0.0,0.0,Summer,No Holiday,Yes
5015,27/06/2018,6.8885724595653635,23,22.3,83,2.6,490,19.2,0.0,0.0,0.0,Summer,No Holiday,Yes
5016,28/06/2018,6.331501849893691,0,22.2,84,1.1,482,19.3,0.0,0.0,0.0,Summer,No Holiday,Yes
5017,28/06/2018,6.974478911025045,1,22.2,84,0.3,610,19.3,0.0,0.0,0.0,Summer,No Holiday,Yes
5018,28/06/2018,6.481577129276431,2,22.4,84,0.6,667,19.5,0.0,0.0,0.0,Summer,No Holiday,Yes
5019,28/06/2018,5.84354441703136,3,22.4,86,0.6,618,19.9,0.0,0.0,0.0,Summer,No Holiday,Yes
5020,28/06/2018,5.455321115357702,4,22.3,88,0.9,298,20.2,0.0,0.0,0.0,Summer,No Holiday,Yes
5021,28/06/2018,5.58724865840025,5,22.1,93,0.4,333,20.9,0.0,0.0,0.0,Summer,No Holiday,Yes
5022,28/06/2018,6.38856140554563,6,22.0,90,0.4,373,20.2,0.04,0.1,0.0,Summer,No Holiday,Yes
5023,28/06/2018,7.238496840894365,7,22.7,81,0.4,866,19.2,0.4,0.0,0.0,Summer,No Holiday,Yes
5024,28/06/2018,7.735870319952567,8,24.2,73,1.0,1581,19.0,0.96,0.0,0.0,Summer,No Holiday,Yes
5025,28/06/2018,7.1284959456800365,9,24.8,75,1.1,1418,20.0,0.63,0.0,0.0,Summer,No Holiday,Yes
5026,28/06/2018,6.717804695023691,10,25.3,70,0.6,1386,19.4,0.7,0.0,0.0,Summer,No Holiday,Yes
5027,28/06/2018,6.844815479208263,11,26.5,64,1.8,1806,19.1,1.3,0.0,0.0,Summer,No Holiday,Yes
5028,28/06/2018,7.055312843339752,12,27.0,68,2.0,1863,20.5,1.3,0.0,0.0,Summer,No Holiday,Yes
5029,28/06/2018,6.947937068614969,13,27.2,68,1.8,1575,20.7,1.1,0.0,0.0,Summer,No Holiday,Yes
5030,28/06/2018,6.93828448401696,14,27.1,72,3.0,1126,21.6,0.91,0.0,0.0,Summer,No Holiday,Yes
5031,28/06/2018,7.098375638590786,15,26.4,76,3.7,1370,21.8,1.01,0.0,0.0,Summer,No Holiday,Yes
5032,28/06/2018,6.642486801367256,16,25.2,81,3.6,961,21.6,0.5,0.0,0.0,Summer,No Holiday,Yes
5033,28/06/2018,4.189654742026425,17,22.2,92,1.2,254,20.8,0.11,4.9,0.0,Summer,No Holiday,Yes
5034,28/06/2018,6.391917113392602,18,20.6,97,0.7,222,20.1,0.14,21.5,0.0,Summer,No Holiday,Yes
5035,28/06/2018,6.851184927493743,19,20.9,97,1.0,1747,20.3,0.19,0.0,0.0,Summer,No Holiday,Yes
5036,28/06/2018,6.946975992135418,20,21.0,96,0.1,1431,20.3,0.02,0.0,0.0,Summer,No Holiday,Yes
5037,28/06/2018,7.1098794630722715,21,21.3,94,0.3,1314,20.2,0.0,0.0,0.0,Summer,No Holiday,Yes
5038,28/06/2018,7.122866658599083,22,21.6,94,1.1,766,20.5,0.0,0.0,0.0,Summer,No Holiday,Yes
5039,28/06/2018,6.837332814685591,23,21.7,96,0.3,293,21.0,0.0,0.0,0.0,Summer,No Holiday,Yes
5040,29/06/2018,6.154858094016418,0,21.9,95,1.9,357,21.0,0.0,0.0,0.0,Summer,No Holiday,Yes
5041,29/06/2018,6.133398042996649,1,22.0,96,0.1,387,21.3,0.0,0.1,0.0,Summer,No Holiday,Yes
5042,29/06/2018,5.846438775057725,2,22.2,96,0.8,269,21.5,0.0,0.2,0.0,Summer,No Holiday,Yes
5043,29/06/2018,5.429345628954441,3,22.3,96,1.2,290,21.6,0.0,0.1,0.0,Summer,No Holiday,Yes
5044,29/06/2018,4.820281565605037,4,22.3,96,0.0,278,21.6,0.0,0.1,0.0,Summer,No Holiday,Yes
5045,29/06/2018,4.897839799950911,5,22.1,97,0.5,152,21.5,0.0,1.5,0.0,Summer,No Holiday,Yes
5046,29/06/2018,5.733341276897746,6,21.9,97,0.2,190,21.3,0.0,4.5,0.0,Summer,No Holiday,Yes
5047,29/06/2018,6.784457062637643,7,22.0,97,0.9,269,21.4,0.03,0.0,0.0,Summer,No Holiday,Yes
5048,29/06/2018,7.615298339825815,8,22.2,95,1.6,389,21.3,0.26,0.0,0.0,Summer,No Holiday,Yes
5049,29/06/2018,7.086737934510577,9,22.9,86,1.7,538,20.4,0.76,0.0,0.0,Summer,No Holiday,Yes
5050,29/06/2018,6.81783057145415,10,24.4,76,2.1,617,19.8,1.58,0.0,0.0,Summer,No Holiday,Yes
5051,29/06/2018,6.863803391452954,11,24.8,74,1.8,644,19.8,1.41,0.0,0.0,Summer,No Holiday,Yes
5052,29/06/2018,7.063903961472068,12,26.1,67,2.2,758,19.4,2.15,0.0,0.0,Summer,No Holiday,Yes
5053,29/06/2018,7.0192966537150445,13,26.8,65,2.0,732,19.6,2.37,0.0,0.0,Summer,No Holiday,Yes
5054,29/06/2018,7.069874128458572,14,27.8,57,2.1,760,18.4,2.62,0.0,0.0,Summer,No Holiday,Yes
5055,29/06/2018,7.098375638590786,15,28.4,63,2.8,742,20.6,2.47,0.0,0.0,Summer,No Holiday,Yes
5056,29/06/2018,7.349230824613334,16,29.0,57,2.3,987,19.6,2.36,0.0,0.0,Summer,No Holiday,Yes
5057,29/06/2018,7.649692623711514,17,28.5,60,2.6,1014,19.9,1.33,0.0,0.0,Summer,No Holiday,Yes
5058,29/06/2018,8.043663352393944,18,28.1,60,1.9,959,19.5,1.05,0.0,0.0,Summer,No Holiday,Yes
5059,29/06/2018,7.864419904994565,19,27.1,64,1.1,829,19.6,0.28,0.0,0.0,Summer,No Holiday,Yes
5060,29/06/2018,7.757906208351747,20,26.2,70,1.5,792,20.2,0.12,0.0,0.0,Summer,No Holiday,Yes
5061,29/06/2018,7.70796153183549,21,25.2,75,1.4,644,20.4,0.0,0.0,0.0,Summer,No Holiday,Yes
5062,29/06/2018,7.651595573857601,22,24.2,80,1.3,500,20.5,0.0,0.0,0.0,Summer,No Holiday,Yes
5063,29/06/2018,7.347943823148687,23,23.5,83,1.4,436,20.4,0.0,0.0,0.0,Summer,No Holiday,Yes
5064,30/06/2018,7.151485463904735,0,23.0,84,1.9,375,20.1,0.0,0.0,0.0,Summer,No Holiday,Yes
5065,30/06/2018,6.976348070447749,1,22.6,85,0.3,323,19.9,0.0,0.0,0.0,Summer,No Holiday,Yes
5066,30/06/2018,6.756932389247553,2,22.2,88,1.0,295,20.1,0.0,0.0,0.0,Summer,No Holiday,Yes
5067,30/06/2018,6.439350371100098,3,21.9,88,0.9,274,19.8,0.0,0.0,0.0,Summer,No Holiday,Yes
5068,30/06/2018,5.948034989180646,4,21.7,93,0.1,244,20.5,0.0,0.0,0.0,Summer,No Holiday,Yes
5069,30/06/2018,5.5134287461649825,5,21.7,88,0.6,289,19.6,0.0,0.0,0.0,Summer,No Holiday,Yes
5070,30/06/2018,5.739792912179234,6,22.1,85,0.5,303,19.4,0.01,0.1,0.0,Summer,No Holiday,Yes
5071,30/06/2018,6.150602768446279,7,22.5,86,0.6,299,20.0,0.07,0.0,0.0,Summer,No Holiday,Yes
5072,30/06/2018,6.716594773520978,8,23.4,81,0.5,313,19.9,0.37,0.0,0.0,Summer,No Holiday,Yes
5073,30/06/2018,6.760414691083428,9,24.2,81,0.9,295,20.7,0.53,0.0,0.0,Summer,No Holiday,Yes
5074,30/06/2018,6.839476438228843,10,25.1,73,0.9,358,19.9,0.66,0.0,0.0,Summer,No Holiday,Yes
5075,30/06/2018,6.77078942390898,11,26.4,71,1.0,430,20.7,1.36,0.0,0.0,Summer,No Holiday,Yes
5076,30/06/2018,6.755768921984255,12,25.2,94,2.8,166,24.1,0.39,6.4,0.0,Summer,No Holiday,Yes
5077,30/06/2018,7.0431599159883405,13,25.6,87,1.7,390,23.2,0.71,3.5,0.0,Summer,No Holiday,Yes
5078,30/06/2018,7.119635638017636,14,27.5,69,0.5,736,21.2,1.84,0.0,0.0,Summer,No Holiday,Yes
5079,30/06/2018,7.179307969504034,15,27.8,71,0.9,733,22.0,0.93,0.0,0.0,Summer,No Holiday,Yes
5080,30/06/2018,7.183870715062453,16,27.9,69,0.5,880,21.6,0.61,0.0,0.0,Summer,No Holiday,Yes
5081,30/06/2018,7.163946684342547,17,27.4,75,2.3,616,22.5,0.46,0.0,0.0,Summer,No Holiday,Yes
5082,30/06/2018,5.726847747587197,18,27.5,79,0.5,1237,23.5,0.65,0.5,0.0,Summer,No Holiday,Yes
5083,30/06/2018,6.1779441140506,19,24.3,95,0.5,958,23.4,0.11,4.0,0.0,Summer,No Holiday,Yes
5084,30/06/2018,6.658011045870748,20,24.2,88,0.8,1276,22.0,0.06,0.0,0.0,Summer,No Holiday,Yes
5085,30/06/2018,6.913737350659685,21,23.9,84,0.7,1552,21.0,0.0,0.0,0.0,Summer,No Holiday,Yes
5086,30/06/2018,7.010311867307229,22,23.4,88,0.9,1153,21.2,0.0,0.0,0.0,Summer,No Holiday,Yes
5087,30/06/2018,6.824373670043086,23,22.9,92,0.6,989,21.5,0.0,0.0,0.0,Summer,No Holiday,Yes
5088,01/07/2018,6.763884908562435,0,22.6,88,0.2,1259,20.5,0.0,0.0,0.0,Summer,No Holiday,Yes
5089,01/07/2018,6.608000625296087,1,22.7,87,0.5,1072,20.4,0.0,0.0,0.0,Summer,No Holiday,Yes
5090,01/07/2018,6.375024819828097,2,22.7,87,0.5,1187,20.4,0.0,0.0,0.0,Summer,No Holiday,Yes
5091,01/07/2018,5.910796644040527,3,22.7,86,0.7,1455,20.2,0.0,0.0,0.0,Summer,No Holiday,Yes
5092,01/07/2018,5.356586274672012,4,22.7,85,0.7,1547,20.0,0.0,0.0,0.0,Summer,No Holiday,Yes
5093,01/07/2018,4.007333185232471,5,22.6,86,0.5,1076,20.1,0.0,0.1,0.0,Summer,No Holiday,Yes
5094,01/07/2018,4.110873864173311,6,22.3,93,0.6,1262,21.1,0.01,0.4,0.0,Summer,No Holiday,Yes
5095,01/07/2018,3.258096538021482,7,22.1,89,0.5,1617,20.1,0.08,0.5,0.0,Summer,No Holiday,Yes
5096,01/07/2018,3.044522437723423,8,22.1,93,0.5,805,20.9,0.14,1.0,0.0,Summer,No Holiday,Yes
5097,01/07/2018,2.302585092994046,9,22.1,94,0.9,624,21.0,0.22,1.5,0.0,Summer,No Holiday,Yes
5098,01/07/2018,2.6390573296152584,10,21.6,97,0.5,266,21.0,0.13,12.0,0.0,Summer,No Holiday,Yes
5099,01/07/2018,2.4849066497880004,11,21.2,97,1.2,105,20.6,0.15,18.5,0.0,Summer,No Holiday,Yes
5100,01/07/2018,2.302585092994046,12,21.1,97,1.2,653,20.5,0.17,7.5,0.0,Summer,No Holiday,Yes
5101,01/07/2018,3.4339872044851463,13,21.2,97,1.1,760,20.6,0.2,3.5,0.0,Summer,No Holiday,Yes
5102,01/07/2018,2.70805020110221,14,21.5,97,0.7,1522,20.9,0.29,1.0,0.0,Summer,No Holiday,Yes
5103,01/07/2018,3.9512437185814275,15,21.8,97,0.7,324,21.2,0.14,5.5,0.0,Summer,No Holiday,Yes
5104,01/07/2018,3.7376696182833684,16,22.2,97,1.1,1745,21.6,0.25,1.0,0.0,Summer,No Holiday,Yes
5105,01/07/2018,3.258096538021482,17,22.4,96,0.4,1661,21.7,0.21,1.5,0.0,Summer,No Holiday,Yes
5106,01/07/2018,2.8903717578961645,18,22.2,96,1.2,673,21.5,0.09,3.5,0.0,Summer,No Holiday,Yes
5107,01/07/2018,2.9444389791664403,19,21.9,96,1.2,509,21.2,0.01,5.5,0.0,Summer,No Holiday,Yes
5108,01/07/2018,2.833213344056216,20,21.9,97,1.1,534,21.3,0.0,6.0,0.0,Summer,No Holiday,Yes
5109,01/07/2018,2.8903717578961645,21,21.8,97,0.6,692,21.2,0.0,3.5,0.0,Summer,No Holiday,Yes
5110,01/07/2018,2.833213344056216,22,21.7,97,0.7,540,21.1,0.0,3.5,0.0,Summer,No Holiday,Yes
5111,01/07/2018,2.772588722239781,23,21.5,97,1.5,523,20.9,0.0,5.0,0.0,Summer,No Holiday,Yes
5112,02/07/2018,3.295836866004329,0,21.4,97,0.6,680,20.8,0.0,2.5,0.0,Summer,No Holiday,Yes
5113,02/07/2018,3.367295829986474,1,21.3,97,1.0,1451,20.7,0.0,3.0,0.0,Summer,No Holiday,Yes
5114,02/07/2018,2.8903717578961645,2,21.2,97,0.8,1018,20.6,0.0,2.0,0.0,Summer,No Holiday,Yes
5115,02/07/2018,3.1780538303479458,3,21.1,96,2.4,866,20.4,0.0,4.5,0.0,Summer,No Holiday,Yes
5116,02/07/2018,4.07753744390572,4,20.8,97,1.0,2000,20.3,0.0,4.0,0.0,Summer,No Holiday,Yes
5117,02/07/2018,3.367295829986474,5,20.7,97,0.3,2000,20.2,0.0,0.5,0.0,Summer,No Holiday,Yes
5118,02/07/2018,3.713572066704308,6,20.7,97,0.3,1262,20.2,0.0,1.0,0.0,Summer,No Holiday,Yes
5119,02/07/2018,4.844187086458591,7,20.7,97,0.4,1801,20.2,0.0,0.5,0.0,Summer,No Holiday,Yes
5120,02/07/2018,4.653960350157523,8,20.8,96,0.4,1627,20.1,0.11,1.5,0.0,Summer,No Holiday,Yes
5121,02/07/2018,4.859812404361672,9,21.0,97,1.3,825,20.4,0.14,3.0,0.0,Summer,No Holiday,Yes
5122,02/07/2018,3.332204510175204,10,21.4,97,0.6,563,20.8,0.27,1.0,0.0,Summer,No Holiday,Yes
5123,02/07/2018,5.0369526024136295,11,21.7,97,0.5,591,21.1,0.25,8.0,0.0,Summer,No Holiday,Yes
5124,02/07/2018,5.389071729816501,12,22.4,97,1.0,945,21.8,0.46,0.0,0.0,Summer,No Holiday,Yes
5125,02/07/2018,5.720311776607412,13,22.6,97,0.6,367,22.0,0.3,0.5,0.0,Summer,No Holiday,Yes
5126,02/07/2018,5.945420608606575,14,23.3,96,0.3,434,22.6,0.53,0.0,0.0,Summer,No Holiday,Yes
5127,02/07/2018,6.429719478039138,15,24.2,93,1.0,590,22.9,0.78,0.0,0.0,Summer,No Holiday,Yes
5128,02/07/2018,6.733401891837359,16,25.2,87,0.9,601,22.8,0.88,0.0,0.0,Summer,No Holiday,Yes
5129,02/07/2018,6.759255270663693,17,25.3,87,0.6,751,22.9,0.49,0.0,0.0,Summer,No Holiday,Yes
5130,02/07/2018,6.725033642166843,18,24.9,87,1.9,1742,22.5,0.25,0.0,0.0,Summer,No Holiday,Yes
5131,02/07/2018,3.8066624897703196,19,24.1,93,2.1,1118,22.8,0.23,1.5,0.0,Summer,No Holiday,Yes
5132,02/07/2018,4.127134385045092,20,23.5,97,0.1,1814,22.9,0.04,24.0,0.0,Summer,No Holiday,Yes
5133,02/07/2018,4.290459441148391,21,23.4,98,0.4,1038,23.0,0.0,1.0,0.0,Summer,No Holiday,Yes
5134,02/07/2018,4.430816798843313,22,23.4,98,0.3,585,23.0,0.0,2.5,0.0,Summer,No Holiday,Yes
5135,02/07/2018,5.1298987149230735,23,23.4,98,0.3,662,23.0,0.0,0.5,0.0,Summer,No Holiday,Yes
5136,03/07/2018,5.857933154483459,0,23.2,98,0.2,927,22.8,0.0,0.5,0.0,Summer,No Holiday,Yes
5137,03/07/2018,6.0112671744041615,1,23.1,98,0.0,958,22.7,0.0,0.0,0.0,Summer,No Holiday,Yes
5138,03/07/2018,5.872117789475416,2,23.0,98,0.1,1026,22.6,0.0,0.0,0.0,Summer,No Holiday,Yes
5139,03/07/2018,5.455321115357702,3,22.8,98,0.0,1734,22.4,0.0,0.0,0.0,Summer,No Holiday,Yes
5140,03/07/2018,5.0106352940962555,4,22.7,97,0.2,1808,22.1,0.0,0.0,0.0,Summer,No Holiday,Yes
5141,03/07/2018,5.41610040220442,5,22.6,97,0.0,1383,22.0,0.0,0.0,0.0,Summer,No Holiday,Yes
5142,03/07/2018,6.398594934535208,6,22.6,95,0.1,1937,21.7,0.05,0.0,0.0,Summer,No Holiday,Yes
5143,03/07/2018,7.1770187659099,7,23.5,86,0.2,1908,21.0,0.38,0.0,0.0,Summer,No Holiday,Yes
5144,03/07/2018,7.666690200080086,8,24.3,83,0.5,1986,21.2,0.53,0.0,0.0,Summer,No Holiday,Yes
5145,03/07/2018,7.053585727193677,9,25.7,76,0.8,1920,21.1,1.11,0.0,0.0,Summer,No Holiday,Yes
5146,03/07/2018,6.70808408385307,10,27.6,71,1.6,1870,21.8,2.14,0.0,0.0,Summer,No Holiday,Yes
5147,03/07/2018,6.810142450115136,11,29.2,66,1.4,1953,22.1,2.72,0.0,0.0,Summer,No Holiday,Yes
5148,03/07/2018,6.851184927493743,12,30.1,64,1.2,2000,22.5,2.54,0.0,0.0,Summer,No Holiday,Yes
5149,03/07/2018,6.902742737158593,13,31.2,54,1.3,1961,20.7,3.11,0.0,0.0,Summer,No Holiday,Yes
5150,03/07/2018,6.90975328164481,14,31.0,56,1.5,2000,21.1,1.47,0.0,0.0,Summer,No Holiday,Yes
5151,03/07/2018,6.975413927455952,15,32.0,54,1.2,1962,21.5,2.99,0.0,0.0,Summer,No Holiday,Yes
5152,03/07/2018,7.189922170745808,16,31.3,52,1.2,2000,20.2,1.63,0.0,0.0,Summer,No Holiday,Yes
5153,03/07/2018,7.486613313139955,17,32.4,50,2.2,2000,20.6,1.92,0.0,0.0,Summer,No Holiday,Yes
5154,03/07/2018,7.994969522697877,18,32.2,57,1.8,1880,22.5,1.53,0.0,0.0,Summer,No Holiday,Yes
5155,03/07/2018,7.8628820346414905,19,30.4,62,0.9,2000,22.2,0.65,0.1,0.0,Summer,No Holiday,Yes
5156,03/07/2018,7.782807262839695,20,28.8,72,0.9,2000,23.2,0.11,0.0,0.0,Summer,No Holiday,Yes
5157,03/07/2018,7.725330037917135,21,27.8,72,0.6,2000,22.2,0.0,0.0,0.0,Summer,No Holiday,Yes
5158,03/07/2018,7.575071699507561,22,26.9,78,0.6,1806,22.7,0.0,0.0,0.0,Summer,No Holiday,Yes
5159,03/07/2018,7.2196420401307355,23,26.4,78,0.3,2000,22.2,0.0,0.0,0.0,Summer,No Holiday,Yes
5160,04/07/2018,6.879355804460439,0,25.9,79,0.3,2000,21.9,0.0,0.0,0.0,Summer,No Holiday,Yes
5161,04/07/2018,6.680854678790215,1,25.4,79,1.0,2000,21.4,0.0,0.0,0.0,Summer,No Holiday,Yes
5162,04/07/2018,6.320768294250582,2,25.1,82,0.2,2000,21.8,0.0,0.0,0.0,Summer,No Holiday,Yes
5163,04/07/2018,5.921578419643816,3,24.9,83,0.2,1857,21.8,0.0,0.0,0.0,Summer,No Holiday,Yes
5164,04/07/2018,5.459585514144159,4,24.7,82,0.3,2000,21.4,0.0,0.0,0.0,Summer,No Holiday,Yes
5165,04/07/2018,5.75890177387728,5,24.2,86,0.2,2000,21.7,0.0,0.0,0.0,Summer,No Holiday,Yes
5166,04/07/2018,6.617402977974478,6,24.0,84,0.1,1969,21.1,0.05,0.0,0.0,Summer,No Holiday,Yes
5167,04/07/2018,7.280008252884188,7,24.6,78,0.5,2000,20.5,0.33,0.0,0.0,Summer,No Holiday,Yes
5168,04/07/2018,7.703459047867175,8,26.4,64,0.5,1909,19.0,1.33,0.0,0.0,Summer,No Holiday,Yes
5169,04/07/2018,7.083387847625295,9,27.4,68,0.5,1941,20.9,1.31,0.0,0.0,Summer,No Holiday,Yes
5170,04/07/2018,6.723832440821209,10,28.5,65,1.5,1519,21.2,1.74,0.0,0.0,Summer,No Holiday,Yes
5171,04/07/2018,6.848005274576363,11,30.0,60,2.3,1861,21.3,2.61,0.0,0.0,Summer,No Holiday,Yes
5172,04/07/2018,6.92951677076365,12,30.5,58,2.5,1741,21.2,2.26,0.0,0.0,Summer,No Holiday,Yes
5173,04/07/2018,6.915723448631314,13,31.0,60,2.6,1657,22.3,2.75,0.0,0.0,Summer,No Holiday,Yes
5174,04/07/2018,6.913737350659685,14,31.3,58,3.0,1479,22.0,2.46,0.0,0.0,Summer,No Holiday,Yes
5175,04/07/2018,6.946013991099227,15,31.1,57,3.7,1912,21.5,2.03,0.0,0.0,Summer,No Holiday,Yes
5176,04/07/2018,7.175489713624222,16,31.6,57,2.7,1882,22.0,2.19,0.0,0.0,Summer,No Holiday,Yes
5177,04/07/2018,7.526717561352706,17,31.2,56,3.4,1943,21.3,1.82,0.0,0.0,Summer,No Holiday,Yes
5178,04/07/2018,8.033009498596668,18,30.0,60,2.5,1933,21.3,0.99,0.0,0.0,Summer,No Holiday,Yes
5179,04/07/2018,7.87777633327726,19,28.2,64,2.8,1978,20.7,0.5,0.0,0.0,Summer,No Holiday,Yes
5180,04/07/2018,7.789868559054706,20,27.1,67,2.9,1949,20.4,0.06,0.0,0.0,Summer,No Holiday,Yes
5181,04/07/2018,7.729735331385051,21,26.2,70,2.2,1908,20.2,0.0,0.0,0.0,Summer,No Holiday,Yes
5182,04/07/2018,7.645875825184813,22,25.1,73,2.5,1808,19.9,0.0,0.0,0.0,Summer,No Holiday,Yes
5183,04/07/2018,7.267525427828172,23,24.7,74,1.4,1596,19.7,0.0,0.0,0.0,Summer,No Holiday,Yes
5184,05/07/2018,6.983789965258135,0,24.2,77,1.8,1365,19.9,0.0,0.0,0.0,Summer,No Holiday,Yes
5185,05/07/2018,6.741700694652055,1,23.9,79,1.7,1121,20.0,0.0,0.0,0.0,Summer,No Holiday,Yes
5186,05/07/2018,6.343880434126331,2,23.6,80,1.5,879,19.9,0.0,0.0,0.0,Summer,No Holiday,Yes
5187,05/07/2018,5.932245187448011,3,23.5,81,0.9,878,20.0,0.0,0.0,0.0,Summer,No Holiday,Yes
5188,05/07/2018,5.5909869805108565,4,23.5,80,0.4,924,19.8,0.0,0.0,0.0,Summer,No Holiday,Yes
5189,05/07/2018,5.7899601708972535,5,23.5,80,0.3,838,19.8,0.0,0.0,0.0,Summer,No Holiday,Yes
5190,05/07/2018,6.0844994130751715,6,23.5,80,0.3,768,19.8,0.0,0.0,0.0,Summer,No Holiday,Yes
5191,05/07/2018,6.720220155135295,7,23.5,90,0.5,445,21.7,0.05,0.5,0.0,Summer,No Holiday,Yes
5192,05/07/2018,7.515889085215125,8,23.6,93,0.9,308,22.3,0.21,0.0,0.0,Summer,No Holiday,Yes
5193,05/07/2018,7.014814351275545,9,24.2,84,0.9,632,21.3,0.49,0.0,0.0,Summer,No Holiday,Yes
5194,05/07/2018,6.71901315438526,10,25.6,75,1.1,1028,20.8,1.22,0.0,0.0,Summer,No Holiday,Yes
5195,05/07/2018,6.792344427470809,11,26.3,71,1.1,1340,20.6,0.86,0.0,0.0,Summer,No Holiday,Yes
5196,05/07/2018,6.904750769961838,12,27.0,68,1.1,1744,20.5,1.2,0.0,0.0,Summer,No Holiday,Yes
5197,05/07/2018,6.835184586147301,13,28.1,67,1.1,1772,21.3,1.43,0.0,0.0,Summer,No Holiday,Yes
5198,05/07/2018,6.839476438228843,14,28.3,67,3.0,1242,21.5,1.73,0.0,0.0,Summer,No Holiday,Yes
5199,05/07/2018,6.919683849847411,15,28.8,66,0.9,1806,21.8,1.55,0.0,0.0,Summer,No Holiday,Yes
5200,05/07/2018,7.00850518208228,16,28.2,71,1.7,2000,22.4,0.96,0.0,0.0,Summer,No Holiday,Yes
5201,05/07/2018,7.231287004327616,17,27.3,76,0.9,1971,22.6,0.52,0.0,0.0,Summer,No Holiday,Yes
5202,05/07/2018,7.861341795599989,18,26.8,71,1.2,2000,21.0,0.21,0.0,0.0,Summer,No Holiday,Yes
5203,05/07/2018,7.745002803515839,19,26.7,69,1.4,2000,20.5,0.36,0.0,0.0,Summer,No Holiday,Yes
5204,05/07/2018,7.660585461703256,20,25.8,68,1.4,2000,19.4,0.09,0.0,0.0,Summer,No Holiday,Yes
5205,05/07/2018,7.6324011266014535,21,25.2,67,1.5,2000,18.6,0.0,0.0,0.0,Summer,No Holiday,Yes
5206,05/07/2018,7.571473648851271,22,24.4,67,1.6,2000,17.8,0.0,0.0,0.0,Summer,No Holiday,Yes
5207,05/07/2018,7.249215057114389,23,23.9,66,1.5,2000,17.1,0.0,0.0,0.0,Summer,No Holiday,Yes
5208,06/07/2018,6.98100574072173,0,23.5,65,1.9,2000,16.5,0.0,0.0,0.0,Summer,No Holiday,Yes
5209,06/07/2018,6.733401891837359,1,23.1,66,1.6,2000,16.3,0.0,0.0,0.0,Summer,No Holiday,Yes
5210,06/07/2018,6.326149473155099,2,22.8,65,1.8,2000,15.8,0.0,0.0,0.0,Summer,No Holiday,Yes
5211,06/07/2018,6.0014148779611505,3,22.6,66,1.5,2000,15.9,0.0,0.0,0.0,Summer,No Holiday,Yes
5212,06/07/2018,5.6131281063880705,4,22.6,66,0.9,2000,15.9,0.0,0.0,0.0,Summer,No Holiday,Yes
5213,06/07/2018,5.7430031878094825,5,22.5,66,1.5,2000,15.8,0.0,0.0,0.0,Summer,No Holiday,Yes
5214,06/07/2018,6.584791392385716,6,22.4,65,1.6,2000,15.4,0.01,0.0,0.0,Summer,No Holiday,Yes
5215,06/07/2018,7.27931883541462,7,22.6,63,1.3,2000,15.1,0.21,0.0,0.0,Summer,No Holiday,Yes
5216,06/07/2018,7.729295674310482,8,23.2,60,1.7,2000,14.9,0.58,0.0,0.0,Summer,No Holiday,Yes
5217,06/07/2018,7.1846291527173145,9,23.3,61,1.7,2000,15.3,0.8,0.0,0.0,Summer,No Holiday,Yes
5218,06/07/2018,6.906754778648554,10,23.7,59,1.7,2000,15.2,0.89,0.0,0.0,Summer,No Holiday,Yes
5219,06/07/2018,6.932447891572509,11,23.9,59,2.1,2000,15.3,1.08,0.0,0.0,Summer,No Holiday,Yes
5220,06/07/2018,7.104144092987527,12,25.7,57,1.9,2000,16.5,2.32,0.0,0.0,Summer,No Holiday,Yes
5221,06/07/2018,7.099201743553092,13,26.2,53,2.1,2000,15.8,2.23,0.0,0.0,Summer,No Holiday,Yes
5222,06/07/2018,7.098375638590786,14,27.0,52,2.1,2000,16.2,2.51,0.0,0.0,Summer,No Holiday,Yes
5223,06/07/2018,7.205635176410364,15,26.9,51,2.0,2000,15.9,1.95,0.0,0.0,Summer,No Holiday,Yes
5224,06/07/2018,7.400009517162692,16,26.6,54,2.3,2000,16.5,1.24,0.0,0.0,Summer,No Holiday,Yes
5225,06/07/2018,7.733245646529795,17,26.6,52,2.2,2000,15.9,1.02,0.0,0.0,Summer,No Holiday,Yes
5226,06/07/2018,8.069968149059841,18,25.9,52,2.1,2000,15.2,0.57,0.0,0.0,Summer,No Holiday,Yes
5227,06/07/2018,7.846980982138788,19,25.0,52,2.2,2000,14.4,0.37,0.0,0.0,Summer,No Holiday,Yes
5228,06/07/2018,7.707062655370473,20,23.8,55,2.3,2000,14.2,0.05,0.0,0.0,Summer,No Holiday,Yes
5229,06/07/2018,7.688913336864796,21,23.1,54,2.1,2000,13.2,0.0,0.0,0.0,Summer,No Holiday,Yes
5230,06/07/2018,7.559038255443384,22,22.5,54,2.1,2000,12.7,0.0,0.0,0.0,Summer,No Holiday,Yes
5231,06/07/2018,7.285506548522785,23,22.0,55,1.7,2000,12.5,0.0,0.0,0.0,Summer,No Holiday,Yes
5232,07/07/2018,7.083387847625295,0,21.5,56,1.8,2000,12.3,0.0,0.0,0.0,Summer,No Holiday,Yes
5233,07/07/2018,6.984716320118266,1,21.1,57,2.0,2000,12.2,0.0,0.0,0.0,Summer,No Holiday,Yes
5234,07/07/2018,6.634633357861686,2,20.7,58,1.5,2000,12.1,0.0,0.0,0.0,Summer,No Holiday,Yes
5235,07/07/2018,6.302618975744905,3,20.4,59,1.0,2000,12.1,0.0,0.0,0.0,Summer,No Holiday,Yes
5236,07/07/2018,5.805134968916488,4,20.0,63,1.8,2000,12.7,0.0,0.0,0.0,Summer,No Holiday,Yes
5237,07/07/2018,5.6131281063880705,5,19.8,63,1.4,2000,12.5,0.0,0.0,0.0,Summer,No Holiday,Yes
5238,07/07/2018,5.983936280687191,6,19.5,61,1.5,2000,11.7,0.03,0.0,0.0,Summer,No Holiday,Yes
5239,07/07/2018,6.342121418721152,7,19.6,57,1.6,2000,10.8,0.42,0.0,0.0,Summer,No Holiday,Yes
5240,07/07/2018,6.725033642166843,8,21.2,52,1.6,1998,10.9,1.2,0.0,0.0,Summer,No Holiday,Yes
5241,07/07/2018,6.917705609835305,9,22.6,51,1.7,2000,11.9,1.87,0.0,0.0,Summer,No Holiday,Yes
5242,07/07/2018,6.957497370876951,10,24.0,49,1.7,2000,12.6,2.48,0.0,0.0,Summer,No Holiday,Yes
5243,07/07/2018,7.029972911706386,11,25.0,48,1.5,1986,13.2,2.95,0.0,0.0,Summer,No Holiday,Yes
5244,07/07/2018,7.192182058713246,12,26.4,47,1.7,2000,14.1,3.26,0.0,0.0,Summer,No Holiday,Yes
5245,07/07/2018,7.24422751560335,13,27.5,43,2.0,2000,13.7,3.41,0.0,0.0,Summer,No Holiday,Yes
5246,07/07/2018,7.266128779556451,14,28.3,43,1.6,1941,14.5,3.33,0.0,0.0,Summer,No Holiday,Yes
5247,07/07/2018,7.365180126021013,15,28.7,42,1.3,2000,14.5,2.98,0.0,0.0,Summer,No Holiday,Yes
5248,07/07/2018,7.475905969367397,16,28.9,44,1.6,1998,15.4,2.2,0.0,0.0,Summer,No Holiday,Yes
5249,07/07/2018,7.611347717403621,17,28.9,45,1.4,2000,15.7,1.89,0.0,0.0,Summer,No Holiday,Yes
5250,07/07/2018,7.713784616598755,18,27.8,48,1.2,2000,15.7,0.91,0.0,0.0,Summer,No Holiday,Yes
5251,07/07/2018,7.763446388727362,19,26.1,51,1.4,2000,15.1,0.32,0.0,0.0,Summer,No Holiday,Yes
5252,07/07/2018,7.711101251840158,20,24.6,51,1.7,2000,13.7,0.07,0.0,0.0,Summer,No Holiday,Yes
5253,07/07/2018,7.71244383427499,21,23.4,52,1.4,2000,12.9,0.0,0.0,0.0,Summer,No Holiday,Yes
5254,07/07/2018,7.561121589530238,22,22.6,51,1.7,2000,11.9,0.0,0.0,0.0,Summer,No Holiday,Yes
5255,07/07/2018,7.256297239690681,23,21.7,51,1.7,2000,11.1,0.0,0.0,0.0,Summer,No Holiday,Yes
5256,08/07/2018,7.097548850614793,0,20.7,51,1.7,2000,10.1,0.0,0.0,0.0,Summer,No Holiday,Yes
5257,08/07/2018,6.853299093186078,1,19.9,52,1.6,2000,9.7,0.0,0.0,0.0,Summer,No Holiday,Yes
5258,08/07/2018,6.47543271670409,2,19.3,54,1.4,2000,9.7,0.0,0.0,0.0,Summer,No Holiday,Yes
5259,08/07/2018,6.133398042996649,3,18.8,56,1.2,2000,9.8,0.0,0.0,0.0,Summer,No Holiday,Yes
5260,08/07/2018,5.627621113690637,4,18.4,57,1.1,2000,9.7,0.0,0.0,0.0,Summer,No Holiday,Yes
5261,08/07/2018,5.537334267018537,5,18.1,57,1.4,2000,9.4,0.0,0.0,0.0,Summer,No Holiday,Yes
5262,08/07/2018,5.5909869805108565,6,17.8,58,1.1,2000,9.4,0.04,0.0,0.0,Summer,No Holiday,Yes
5263,08/07/2018,6.018593214496234,7,18.2,54,1.2,2000,8.7,0.42,0.0,0.0,Summer,No Holiday,Yes
5264,08/07/2018,6.529418838262226,8,19.1,53,1.7,1952,9.2,0.8,0.0,0.0,Summer,No Holiday,Yes
5265,08/07/2018,6.669498089857879,9,20.8,51,1.5,1973,10.2,1.65,0.0,0.0,Summer,No Holiday,Yes
5266,08/07/2018,6.7661917146603505,10,22.5,48,1.6,1940,10.9,2.33,0.0,0.0,Summer,No Holiday,Yes
5267,08/07/2018,6.960347729101308,11,23.8,47,2.1,2000,11.8,2.59,0.0,0.0,Summer,No Holiday,Yes
5268,08/07/2018,7.121252453244542,12,25.0,46,1.9,1943,12.5,2.93,0.0,0.0,Summer,No Holiday,Yes
5269,08/07/2018,7.274479558773871,13,26.1,45,1.8,2000,13.2,3.33,0.0,0.0,Summer,No Holiday,Yes
5270,08/07/2018,7.325148957955575,14,27.1,41,1.4,1941,12.7,3.24,0.0,0.0,Summer,No Holiday,Yes
5271,08/07/2018,7.434847875211999,15,27.6,37,1.9,2000,11.5,2.58,0.0,0.0,Summer,No Holiday,Yes
5272,08/07/2018,7.635786861395585,16,27.9,39,1.2,2000,12.6,2.16,0.0,0.0,Summer,No Holiday,Yes
5273,08/07/2018,7.726212650507529,17,27.4,44,1.7,2000,14.0,1.17,0.0,0.0,Summer,No Holiday,Yes
5274,08/07/2018,7.763021309018518,18,26.7,48,1.0,2000,14.7,0.53,0.0,0.0,Summer,No Holiday,Yes
5275,08/07/2018,7.728855823852543,19,26.3,51,1.7,2000,15.3,0.18,0.0,0.0,Summer,No Holiday,Yes
5276,08/07/2018,7.761744984658913,20,25.7,53,1.3,2000,15.3,0.03,0.0,0.0,Summer,No Holiday,Yes
5277,08/07/2018,7.628517626575055,21,25.3,55,1.4,2000,15.6,0.0,0.0,0.0,Summer,No Holiday,Yes
5278,08/07/2018,7.4489161025442,22,25.0,57,1.0,2000,15.8,0.0,0.0,0.0,Summer,No Holiday,Yes
5279,08/07/2018,7.133295954896068,23,24.6,60,2.6,2000,16.3,0.0,0.0,0.0,Summer,No Holiday,Yes
5280,09/07/2018,6.803505257608338,0,24.2,61,1.7,2000,16.1,0.0,0.0,0.0,Summer,No Holiday,Yes
5281,09/07/2018,6.318968113746434,1,23.7,64,0.8,2000,16.4,0.0,0.0,0.0,Summer,No Holiday,Yes
5282,09/07/2018,5.961005339623274,2,22.7,63,0.9,2000,15.2,0.0,0.0,0.0,Summer,No Holiday,Yes
5283,09/07/2018,5.655991810819852,3,21.9,63,1.3,2000,14.5,0.0,0.0,0.0,Summer,No Holiday,Yes
5284,09/07/2018,5.332718793265369,4,21.4,63,1.5,2000,14.0,0.0,0.0,0.0,Summer,No Holiday,Yes
5285,09/07/2018,5.71042701737487,5,21.1,64,1.5,2000,14.0,0.0,0.0,0.0,Summer,No Holiday,Yes
5286,09/07/2018,6.18826412308259,6,21.0,64,1.0,2000,13.9,0.03,0.0,0.0,Summer,No Holiday,Yes
5287,09/07/2018,6.113682179832232,7,20.9,66,1.4,2000,14.3,0.1,0.0,0.0,Summer,No Holiday,Yes
5288,09/07/2018,6.508769136971682,8,20.7,73,0.8,2000,15.6,0.3,0.2,0.0,Summer,No Holiday,Yes
5289,09/07/2018,6.3561076606958915,9,21.1,72,1.0,1982,15.8,0.52,0.0,0.0,Summer,No Holiday,Yes
5290,09/07/2018,5.384495062789089,10,21.1,73,1.2,1957,16.0,0.4,0.0,0.0,Summer,No Holiday,Yes
5291,09/07/2018,5.231108616854587,11,20.6,82,1.0,2000,17.4,0.29,0.3,0.0,Summer,No Holiday,Yes
5292,09/07/2018,4.276666119016055,12,20.7,83,0.6,1244,17.7,0.32,0.0,0.0,Summer,No Holiday,Yes
5293,09/07/2018,4.605170185988092,13,20.3,87,1.0,771,18.0,0.31,0.5,0.0,Summer,No Holiday,Yes
5294,09/07/2018,4.709530201312334,14,20.2,89,1.0,1854,18.3,0.27,0.5,0.0,Summer,No Holiday,Yes
5295,09/07/2018,4.0943445622221,15,20.3,90,0.9,1356,18.5,0.34,0.0,0.0,Summer,No Holiday,Yes
5296,09/07/2018,4.23410650459726,16,20.2,91,1.2,1637,18.6,0.42,1.0,0.0,Summer,No Holiday,Yes
5297,09/07/2018,4.653960350157523,17,20.3,93,1.4,1684,19.1,0.32,1.0,0.0,Summer,No Holiday,Yes
5298,09/07/2018,4.948759890378168,18,20.3,93,1.3,1832,19.1,0.22,0.5,0.0,Summer,No Holiday,Yes
5299,09/07/2018,4.23410650459726,19,20.4,94,1.1,1769,19.3,0.14,0.5,0.0,Summer,No Holiday,Yes
5300,09/07/2018,3.8918202981106265,20,20.3,95,0.8,1372,19.4,0.02,1.0,0.0,Summer,No Holiday,Yes
5301,09/07/2018,4.564348191467836,21,20.3,96,1.0,1007,19.6,0.0,1.5,0.0,Summer,No Holiday,Yes
5302,09/07/2018,4.276666119016055,22,20.4,96,1.1,1641,19.7,0.0,0.5,0.0,Summer,No Holiday,Yes
5303,09/07/2018,3.713572066704308,23,20.4,96,0.6,1137,19.7,0.0,1.0,0.0,Summer,No Holiday,Yes
5304,10/07/2018,3.4011973816621555,0,20.4,97,0.3,183,19.9,0.0,5.5,0.0,Summer,No Holiday,Yes
5305,10/07/2018,3.6888794541139363,1,20.4,97,0.3,193,19.9,0.0,8.5,0.0,Summer,No Holiday,Yes
5306,10/07/2018,4.442651256490317,2,20.5,98,0.5,596,20.1,0.0,6.5,0.0,Summer,No Holiday,Yes
5307,10/07/2018,4.919980925828125,3,20.6,98,0.8,1986,20.2,0.0,0.5,0.0,Summer,No Holiday,Yes
5308,10/07/2018,4.897839799950911,4,20.6,97,0.5,1989,20.1,0.0,0.0,0.0,Summer,No Holiday,Yes
5309,10/07/2018,5.1647859739235145,5,20.6,97,0.6,2000,20.1,0.0,0.0,0.0,Summer,No Holiday,Yes
5310,10/07/2018,6.282266746896006,6,20.7,97,0.9,2000,20.2,0.02,0.0,0.0,Summer,No Holiday,Yes
5311,10/07/2018,7.098375638590786,7,21.1,95,0.4,2000,20.2,0.14,0.0,0.0,Summer,No Holiday,Yes
5312,10/07/2018,7.609862200913554,8,21.7,89,0.5,2000,19.8,0.31,0.0,0.0,Summer,No Holiday,Yes
5313,10/07/2018,6.967909201801884,9,22.3,86,1.0,2000,19.8,0.42,0.0,0.0,Summer,No Holiday,Yes
5314,10/07/2018,6.645090969505644,10,22.6,85,0.9,1996,19.9,0.38,0.0,0.0,Summer,No Holiday,Yes
5315,10/07/2018,6.813444599510896,11,23.2,82,1.1,1991,19.9,0.47,0.0,0.0,Summer,No Holiday,Yes
5316,10/07/2018,6.943122422819428,12,24.1,80,0.8,2000,20.4,0.72,0.0,0.0,Summer,No Holiday,Yes
5317,10/07/2018,6.980075940561763,13,25.2,77,1.2,1951,20.8,1.06,0.0,0.0,Summer,No Holiday,Yes
5318,10/07/2018,7.04141166379481,14,25.5,77,0.8,1957,21.1,0.75,0.0,0.0,Summer,No Holiday,Yes
5319,10/07/2018,7.064759027791802,15,25.7,77,0.5,1875,21.3,0.48,0.0,0.0,Summer,No Holiday,Yes
5320,10/07/2018,7.288244401020124,16,26.3,74,0.7,1580,21.2,0.52,0.0,0.0,Summer,No Holiday,Yes
5321,10/07/2018,7.38025578842646,17,26.5,76,1.0,1400,21.9,0.36,0.0,0.0,Summer,No Holiday,Yes
5322,10/07/2018,7.418180822726788,18,26.2,82,0.4,1408,22.8,0.21,0.0,0.0,Summer,No Holiday,Yes
5323,10/07/2018,6.678342114654332,19,25.7,83,1.1,1011,22.5,0.08,0.5,0.0,Summer,No Holiday,Yes
5324,10/07/2018,6.812345094177479,20,25.3,89,0.3,745,23.3,0.0,0.0,0.0,Summer,No Holiday,Yes
5325,10/07/2018,7.210079628170788,21,25.1,86,0.3,870,22.5,0.0,0.0,0.0,Summer,No Holiday,Yes
5326,10/07/2018,6.879355804460439,22,25.0,86,0.5,796,22.4,0.0,0.0,0.0,Summer,No Holiday,Yes
5327,10/07/2018,5.924255797414532,23,24.9,87,0.5,658,22.5,0.0,0.0,0.0,Summer,No Holiday,Yes
5328,11/07/2018,5.484796933490655,0,24.6,96,0.7,308,23.9,0.0,0.5,0.0,Summer,No Holiday,Yes
5329,11/07/2018,5.484796933490655,1,24.6,96,0.5,443,23.9,0.0,0.5,0.0,Summer,No Holiday,Yes
5330,11/07/2018,5.4680601411351315,2,24.5,96,0.5,476,23.8,0.0,0.0,0.0,Summer,No Holiday,Yes
5331,11/07/2018,5.062595033026967,3,24.5,97,0.8,263,23.9,0.0,0.5,0.0,Summer,No Holiday,Yes
5332,11/07/2018,4.276666119016055,4,24.5,97,1.0,317,23.9,0.0,0.0,0.0,Summer,No Holiday,Yes
5333,11/07/2018,4.343805421853684,5,24.5,97,0.5,229,23.9,0.0,0.5,0.0,Summer,No Holiday,Yes
5334,11/07/2018,5.236441962829949,6,24.5,97,0.1,290,23.9,0.0,0.5,0.0,Summer,No Holiday,Yes
5335,11/07/2018,5.717027701406222,7,24.6,97,0.3,180,24.0,0.07,0.5,0.0,Summer,No Holiday,Yes
5336,11/07/2018,6.71901315438526,8,25.1,97,0.8,490,24.5,0.26,0.0,0.0,Summer,No Holiday,Yes
5337,11/07/2018,6.453624998892692,9,25.6,96,0.6,450,24.9,0.41,0.0,0.0,Summer,No Holiday,Yes
5338,11/07/2018,6.366470447731438,10,26.3,91,0.6,749,24.7,0.63,0.5,0.0,Summer,No Holiday,Yes
5339,11/07/2018,6.675823221634848,11,27.2,82,0.9,1093,23.8,0.93,0.0,0.0,Summer,No Holiday,Yes
5340,11/07/2018,6.872128101338986,12,28.1,73,2.1,1326,22.7,0.87,0.0,0.0,Summer,No Holiday,Yes
5341,11/07/2018,6.899723107284872,13,28.7,69,2.6,1546,22.4,1.02,0.0,0.0,Summer,No Holiday,Yes
5342,11/07/2018,6.959398512133975,14,29.2,67,2.8,1725,22.4,1.13,0.0,0.0,Summer,No Holiday,Yes
5343,11/07/2018,7.009408932708637,15,29.4,68,2.3,1525,22.8,1.29,0.0,0.0,Summer,No Holiday,Yes
5344,11/07/2018,7.20414929203594,16,28.7,70,3.2,1586,22.6,0.73,0.0,0.0,Summer,No Holiday,Yes
5345,11/07/2018,7.562161631225652,17,28.7,71,2.9,1666,22.9,0.71,0.0,0.0,Summer,No Holiday,Yes
5346,11/07/2018,7.983440063006542,18,28.4,75,2.4,1564,23.5,0.52,0.0,0.0,Summer,No Holiday,Yes
5347,11/07/2018,7.753194269884341,19,28.2,72,1.6,1745,22.6,0.13,0.0,0.0,Summer,No Holiday,Yes
5348,11/07/2018,7.6251071482389,20,27.7,76,1.8,1727,23.0,0.04,0.0,0.0,Summer,No Holiday,Yes
5349,11/07/2018,7.5688956634069955,21,27.3,78,1.2,1606,23.1,0.0,0.0,0.0,Summer,No Holiday,Yes
5350,11/07/2018,7.534228326274089,22,27.1,79,1.2,1578,23.1,0.0,0.0,0.0,Summer,No Holiday,Yes
5351,11/07/2018,7.1693500166706,23,26.9,79,0.1,1541,22.9,0.0,0.0,0.0,Summer,No Holiday,Yes
5352,12/07/2018,6.844815479208263,0,26.7,79,0.9,1590,22.7,0.0,0.0,0.0,Summer,No Holiday,Yes
5353,12/07/2018,6.669498089857879,1,26.6,80,0.0,1485,22.8,0.0,0.0,0.0,Summer,No Holiday,Yes
5354,12/07/2018,6.249975242259483,2,26.3,84,0.3,1361,23.3,0.0,0.0,0.0,Summer,No Holiday,Yes
5355,12/07/2018,5.777652323222656,3,26.2,83,0.3,1294,23.0,0.0,0.0,0.0,Summer,No Holiday,Yes
5356,12/07/2018,5.075173815233827,4,26.1,85,0.6,1081,23.3,0.0,0.0,0.0,Summer,No Holiday,Yes
5357,12/07/2018,5.44673737166631,5,25.9,91,0.4,872,24.3,0.0,0.5,0.0,Summer,No Holiday,Yes
5358,12/07/2018,6.386879319362645,6,25.6,93,1.1,852,24.3,0.01,0.0,0.0,Summer,No Holiday,Yes
5359,12/07/2018,7.154615356913663,7,25.9,87,1.7,834,23.5,0.26,0.0,0.0,Summer,No Holiday,Yes
5360,12/07/2018,7.502186486602924,8,26.3,84,2.1,973,23.3,0.48,0.0,0.0,Summer,No Holiday,Yes
5361,12/07/2018,6.890609120147166,9,26.5,82,2.7,815,23.1,0.57,0.0,0.0,Summer,No Holiday,Yes
5362,12/07/2018,6.616065185132817,10,26.7,88,1.6,802,24.5,0.89,0.5,0.0,Summer,No Holiday,Yes
5363,12/07/2018,6.692083742506628,11,27.4,78,2.3,1164,23.2,1.11,0.0,0.0,Summer,No Holiday,Yes
5364,12/07/2018,6.899723107284872,12,27.4,80,2.7,1083,23.6,0.97,0.0,0.0,Summer,No Holiday,Yes
5365,12/07/2018,6.866933284461882,13,27.7,76,2.6,1258,23.0,1.0,0.0,0.0,Summer,No Holiday,Yes
5366,12/07/2018,6.884486652042782,14,27.8,76,3.1,1517,23.1,1.0,0.0,0.0,Summer,No Holiday,Yes
5367,12/07/2018,7.059617628291383,15,28.0,76,2.3,1437,23.3,1.0,0.0,0.0,Summer,No Holiday,Yes
5368,12/07/2018,7.167809184316444,16,28.1,74,2.8,1559,23.0,1.06,0.0,0.0,Summer,No Holiday,Yes
5369,12/07/2018,7.557994958530806,17,27.9,75,2.5,1643,23.0,0.75,0.0,0.0,Summer,No Holiday,Yes
5370,12/07/2018,8.012018239159062,18,27.5,77,2.1,1897,23.0,0.46,0.0,0.0,Summer,No Holiday,Yes
5371,12/07/2018,7.746732907753622,19,27.4,78,1.1,1899,23.2,0.27,0.0,0.0,Summer,No Holiday,Yes
5372,12/07/2018,7.703007682479236,20,26.9,80,1.5,1806,23.1,0.09,0.0,0.0,Summer,No Holiday,Yes
5373,12/07/2018,7.65728279297819,21,26.3,81,0.8,1910,22.7,0.0,0.0,0.0,Summer,No Holiday,Yes
5374,12/07/2018,7.57353126274595,22,25.9,83,0.6,1827,22.7,0.0,0.0,0.0,Summer,No Holiday,Yes
5375,12/07/2018,7.212294468500341,23,25.5,84,0.8,1906,22.5,0.0,0.0,0.0,Summer,No Holiday,Yes
5376,13/07/2018,6.914730892718563,0,25.1,87,0.4,1800,22.7,0.0,0.0,0.0,Summer,No Holiday,Yes
5377,13/07/2018,6.634633357861686,1,24.8,89,0.9,1555,22.8,0.0,0.0,0.0,Summer,No Holiday,Yes
5378,13/07/2018,6.398594934535208,2,24.9,86,1.3,1469,22.3,0.0,0.0,0.0,Summer,No Holiday,Yes
5379,13/07/2018,5.934894195619588,3,24.9,86,2.0,1079,22.3,0.0,0.0,0.0,Summer,No Holiday,Yes
5380,13/07/2018,5.488937726156687,4,24.8,86,2.1,1103,22.2,0.0,0.0,0.0,Summer,No Holiday,Yes
5381,13/07/2018,5.71042701737487,5,24.8,84,1.4,1303,21.9,0.0,0.0,0.0,Summer,No Holiday,Yes
5382,13/07/2018,6.501289670540389,6,24.8,84,1.1,1426,21.9,0.0,0.0,0.0,Summer,No Holiday,Yes
5383,13/07/2018,7.186901020411631,7,25.0,83,1.0,1350,21.9,0.13,0.0,0.0,Summer,No Holiday,Yes
5384,13/07/2018,7.656810091480378,8,25.5,80,1.8,1402,21.7,0.37,0.0,0.0,Summer,No Holiday,Yes
5385,13/07/2018,7.123672785204607,9,26.6,73,2.2,1147,21.3,1.01,0.0,0.0,Summer,No Holiday,Yes
5386,13/07/2018,6.729824070489475,10,27.4,70,2.4,1335,21.4,1.28,0.0,0.0,Summer,No Holiday,Yes
5387,13/07/2018,6.78897174299217,11,27.5,70,2.4,1719,21.5,1.07,0.0,0.0,Summer,No Holiday,Yes
5388,13/07/2018,6.921658184151129,12,28.3,68,1.9,1546,21.8,1.35,0.0,0.0,Summer,No Holiday,Yes
5389,13/07/2018,6.953684210870537,13,28.9,68,2.8,1934,22.3,1.55,0.0,0.0,Summer,No Holiday,Yes
5390,13/07/2018,6.907755278982137,14,29.5,62,2.7,1941,21.4,1.79,0.0,0.0,Summer,No Holiday,Yes
5391,13/07/2018,6.9985096422506015,15,30.2,62,2.4,1806,22.1,1.91,0.0,0.0,Summer,No Holiday,Yes
5392,13/07/2018,7.163946684342547,16,30.0,67,2.0,1698,23.1,1.46,0.0,0.0,Summer,No Holiday,Yes
5393,13/07/2018,7.48605261786314,17,30.1,65,1.8,1923,22.7,1.36,0.0,0.0,Summer,No Holiday,Yes
5394,13/07/2018,7.9672801789422,18,30.8,60,2.5,1793,22.1,1.43,0.0,0.0,Summer,No Holiday,Yes
5395,13/07/2018,7.749753406274437,19,29.8,68,2.6,1749,23.2,0.81,0.0,0.0,Summer,No Holiday,Yes
5396,13/07/2018,7.635303886259415,20,28.2,76,2.2,1888,23.5,0.08,0.0,0.0,Summer,No Holiday,Yes
5397,13/07/2018,7.562681246721884,21,27.2,80,2.3,1870,23.4,0.0,0.0,0.0,Summer,No Holiday,Yes
5398,13/07/2018,7.539027055823995,22,26.7,82,1.3,1725,23.3,0.0,0.0,0.0,Summer,No Holiday,Yes
5399,13/07/2018,7.272398392570047,23,26.2,84,1.0,1646,23.2,0.0,0.0,0.0,Summer,No Holiday,Yes
5400,14/07/2018,7.064759027791802,0,25.7,85,0.4,1519,22.9,0.0,0.0,0.0,Summer,No Holiday,Yes
5401,14/07/2018,6.968850378341948,1,25.4,85,1.4,1663,22.6,0.0,0.0,0.0,Summer,No Holiday,Yes
5402,14/07/2018,6.664409020350408,2,25.3,85,1.7,1594,22.5,0.0,0.0,0.0,Summer,No Holiday,Yes
5403,14/07/2018,6.302618975744905,3,25.2,83,1.1,1835,22.0,0.0,0.0,0.0,Summer,No Holiday,Yes
5404,14/07/2018,5.730099782973574,4,25.1,82,1.5,1336,21.8,0.0,0.0,0.0,Summer,No Holiday,Yes
5405,14/07/2018,5.58724865840025,5,24.8,86,1.6,1170,22.2,0.0,0.0,0.0,Summer,No Holiday,Yes
5406,14/07/2018,5.877735781779639,6,24.6,86,0.4,1119,22.0,0.02,0.0,0.0,Summer,No Holiday,Yes
5407,14/07/2018,6.2878585601617845,7,24.9,81,0.3,1289,21.4,0.24,0.0,0.0,Summer,No Holiday,Yes
5408,14/07/2018,6.669498089857879,8,26.1,74,0.7,1254,21.0,0.87,0.0,0.0,Summer,No Holiday,Yes
5409,14/07/2018,6.813444599510896,9,27.0,70,1.1,1393,21.0,1.15,0.0,0.0,Summer,No Holiday,Yes
5410,14/07/2018,6.814542897259958,10,27.8,68,2.1,1490,21.3,1.29,0.0,0.0,Summer,No Holiday,Yes
5411,14/07/2018,6.852242569051878,11,29.0,65,2.0,1642,21.7,2.22,0.0,0.0,Summer,No Holiday,Yes
5412,14/07/2018,6.946975992135418,12,30.2,58,2.3,1359,21.0,2.64,0.0,0.0,Summer,No Holiday,Yes
5413,14/07/2018,6.983789965258135,13,30.7,59,2.3,1534,21.7,2.67,0.0,0.0,Summer,No Holiday,Yes
5414,14/07/2018,6.946013991099227,14,30.7,59,2.9,1612,21.7,2.05,0.0,0.0,Summer,No Holiday,Yes
5415,14/07/2018,6.9650803456014065,15,31.1,59,2.3,1929,22.1,2.34,0.0,0.0,Summer,No Holiday,Yes
5416,14/07/2018,7.071573364211532,16,31.7,55,2.3,1895,21.5,2.16,0.0,0.0,Summer,No Holiday,Yes
5417,14/07/2018,7.2682230211595655,17,31.5,53,3.7,1974,20.7,2.02,0.0,0.0,Summer,No Holiday,Yes
5418,14/07/2018,7.393263094763838,18,31.1,55,2.2,1897,20.9,1.05,0.0,0.0,Summer,No Holiday,Yes
5419,14/07/2018,7.494430215031565,19,30.4,59,2.4,1972,21.4,0.69,0.0,0.0,Summer,No Holiday,Yes
5420,14/07/2018,7.6128310304073565,20,29.2,63,1.7,1988,21.4,0.1,0.0,0.0,Summer,No Holiday,Yes
5421,14/07/2018,7.60688453121963,21,28.2,64,2.8,2000,20.7,0.0,0.0,0.0,Summer,No Holiday,Yes
5422,14/07/2018,7.428333194190806,22,27.6,70,2.7,1994,21.6,0.0,0.0,0.0,Summer,No Holiday,Yes
5423,14/07/2018,7.153833801578843,23,26.6,80,2.0,1527,22.8,0.0,0.0,0.0,Summer,No Holiday,Yes
5424,15/07/2018,7.042286171939743,0,26.0,82,1.9,1674,22.6,0.0,0.0,0.0,Summer,No Holiday,Yes
5425,15/07/2018,6.767343125265392,1,25.5,83,2.3,1576,22.3,0.0,0.0,0.0,Summer,No Holiday,Yes
5426,15/07/2018,6.450470422144176,2,25.1,85,1.1,1379,22.3,0.0,0.0,0.0,Summer,No Holiday,Yes
5427,15/07/2018,6.095824562432225,3,24.8,86,0.2,1354,22.2,0.0,0.0,0.0,Summer,No Holiday,Yes
5428,15/07/2018,5.631211781821365,4,24.6,86,0.1,1358,22.0,0.0,0.0,0.0,Summer,No Holiday,Yes
5429,15/07/2018,5.4116460518550396,5,24.5,85,0.7,1345,21.8,0.0,0.0,0.0,Summer,No Holiday,Yes
5430,15/07/2018,5.680172609017068,6,24.8,83,0.2,1534,21.7,0.02,0.0,0.0,Summer,No Holiday,Yes
5431,15/07/2018,5.998936561946683,7,25.2,80,0.2,1551,21.4,0.18,0.0,0.0,Summer,No Holiday,Yes
5432,15/07/2018,6.419994928147142,8,26.2,75,0.9,1560,21.4,0.77,0.0,0.0,Summer,No Holiday,Yes
5433,15/07/2018,6.573680166960646,9,27.0,71,1.0,1518,21.2,0.97,0.0,0.0,Summer,No Holiday,Yes
5434,15/07/2018,6.553933404025811,10,28.5,66,1.7,1319,21.5,1.83,0.0,0.0,Summer,No Holiday,Yes
5435,15/07/2018,6.569481420414296,11,28.7,64,1.3,1332,21.2,1.53,0.0,0.0,Summer,No Holiday,Yes
5436,15/07/2018,6.6895992691789665,12,30.1,58,1.6,1491,20.9,2.15,0.0,0.0,Summer,No Holiday,Yes
5437,15/07/2018,6.698268054115413,13,31.4,53,3.2,1695,20.6,3.28,0.0,0.0,Summer,No Holiday,Yes
5438,15/07/2018,6.71295620067707,14,32.4,50,2.0,1735,20.6,3.13,0.0,0.0,Summer,No Holiday,Yes
5439,15/07/2018,6.853299093186078,15,32.9,49,2.6,1631,20.7,2.81,0.0,0.0,Summer,No Holiday,Yes
5440,15/07/2018,7.026426808699636,16,32.8,52,3.0,1803,21.6,2.28,0.0,0.0,Summer,No Holiday,Yes
5441,15/07/2018,7.129297548929373,17,32.7,52,3.0,1872,21.5,1.96,0.0,0.0,Summer,No Holiday,Yes
5442,15/07/2018,7.2909747781429814,18,32.2,55,2.4,1769,22.0,1.28,0.0,0.0,Summer,No Holiday,Yes
5443,15/07/2018,7.521859252201629,19,31.2,62,2.1,1852,23.0,0.63,0.0,0.0,Summer,No Holiday,Yes
5444,15/07/2018,7.629975707027789,20,29.2,72,2.1,1932,23.6,0.09,0.0,0.0,Summer,No Holiday,Yes
5445,15/07/2018,7.562681246721884,21,28.1,74,3.1,1840,23.0,0.0,0.0,0.0,Summer,No Holiday,Yes
5446,15/07/2018,7.382746449738912,22,27.5,77,0.9,1778,23.0,0.0,0.0,0.0,Summer,No Holiday,Yes
5447,15/07/2018,7.01571242048723,23,27.0,78,1.6,1609,22.8,0.0,0.0,0.0,Summer,No Holiday,Yes
5448,16/07/2018,6.597145701886651,0,26.5,81,0.9,1650,22.9,0.0,0.0,0.0,Summer,No Holiday,Yes
5449,16/07/2018,6.212606095751519,1,25.9,83,1.3,1520,22.7,0.0,0.0,0.0,Summer,No Holiday,Yes
5450,16/07/2018,6.152732694704104,2,25.4,84,0.6,1340,22.4,0.0,0.0,0.0,Summer,No Holiday,Yes
5451,16/07/2018,5.6240175061873385,3,25.1,85,0.7,1507,22.3,0.0,0.0,0.0,Summer,No Holiday,Yes
5452,16/07/2018,5.356586274672012,4,24.6,84,0.7,1373,21.7,0.0,0.0,0.0,Summer,No Holiday,Yes
5453,16/07/2018,5.783825182329737,5,24.3,85,1.0,1496,21.6,0.0,0.0,0.0,Summer,No Holiday,Yes
5454,16/07/2018,6.556778356158042,6,24.0,85,0.9,1569,21.3,0.02,0.0,0.0,Summer,No Holiday,Yes
5455,16/07/2018,7.20414929203594,7,24.5,73,0.9,1901,19.3,0.36,0.0,0.0,Summer,No Holiday,Yes
5456,16/07/2018,7.568379267836522,8,26.4,69,0.5,1559,20.2,1.09,0.0,0.0,Summer,No Holiday,Yes
5457,16/07/2018,6.922643891475888,9,28.0,64,1.0,1682,20.5,1.35,0.0,0.0,Summer,No Holiday,Yes
5458,16/07/2018,6.520621127558696,10,29.8,54,1.8,1737,19.4,2.34,0.0,0.0,Summer,No Holiday,Yes
5459,16/07/2018,6.535241271013659,11,31.5,51,2.1,1498,20.1,2.83,0.0,0.0,Summer,No Holiday,Yes
5460,16/07/2018,6.579251212010101,12,32.4,49,2.0,1844,20.3,3.09,0.0,0.0,Summer,No Holiday,Yes
5461,16/07/2018,6.590301048196686,13,33.0,51,2.5,1100,21.5,3.09,0.0,0.0,Summer,No Holiday,Yes
5462,16/07/2018,6.539585955617669,14,33.7,45,2.5,1843,20.1,3.23,0.0,0.0,Summer,No Holiday,Yes
5463,16/07/2018,6.61472560020376,15,33.4,44,3.1,1928,19.4,2.95,0.0,0.0,Summer,No Holiday,Yes
5464,16/07/2018,6.70808408385307,16,33.3,46,3.1,1914,20.1,2.51,0.0,0.0,Summer,No Holiday,Yes
5465,16/07/2018,7.262628600974241,17,33.0,46,3.1,1926,19.8,1.89,0.0,0.0,Summer,No Holiday,Yes
5466,16/07/2018,7.877397186353287,18,32.3,47,3.0,1961,19.5,1.26,0.0,0.0,Summer,No Holiday,Yes
5467,16/07/2018,7.7702232041587855,19,31.2,52,2.4,1990,20.1,0.57,0.0,0.0,Summer,No Holiday,Yes
5468,16/07/2018,7.767687277186908,20,29.3,58,2.4,2000,20.1,0.09,0.0,0.0,Summer,No Holiday,Yes
5469,16/07/2018,7.715123603632105,21,28.0,64,1.5,2000,20.5,0.0,0.0,0.0,Summer,No Holiday,Yes
5470,16/07/2018,7.5678626054638825,22,27.2,69,1.7,2000,21.0,0.0,0.0,0.0,Summer,No Holiday,Yes
5471,16/07/2018,7.1592919047975645,23,26.6,75,1.5,1996,21.7,0.0,0.0,0.0,Summer,No Holiday,Yes
5472,17/07/2018,6.911747300251674,0,26.4,76,1.2,2000,21.8,0.0,0.0,0.0,Summer,No Holiday,Yes
5473,17/07/2018,6.541029999189903,1,25.8,78,0.4,2000,21.6,0.0,0.0,0.0,Summer,No Holiday,Yes
5474,17/07/2018,6.210600077024653,2,25.3,78,1.0,2000,21.1,0.0,0.0,0.0,Summer,No Holiday,Yes
5475,17/07/2018,5.921578419643816,3,24.8,80,1.0,1988,21.1,0.0,0.0,0.0,Summer,No Holiday,Yes
5476,17/07/2018,5.407171771460119,4,24.4,80,1.0,1112,20.7,0.0,0.0,0.0,Summer,No Holiday,Yes
5477,17/07/2018,5.921578419643816,5,24.1,81,0.9,1646,20.6,0.0,0.0,0.0,Summer,No Holiday,Yes
5478,17/07/2018,6.570882962339584,6,24.0,81,0.9,1271,20.5,0.02,0.0,0.0,Summer,No Holiday,Yes
5479,17/07/2018,7.213031659834869,7,24.4,75,1.0,841,19.6,0.35,0.0,0.0,Summer,No Holiday,Yes
5480,17/07/2018,7.578656850594762,8,25.8,69,0.8,969,19.6,1.06,0.0,0.0,Summer,No Holiday,Yes
5481,17/07/2018,6.939253946041508,9,27.5,60,2.2,1252,19.0,1.59,0.0,0.0,Summer,No Holiday,Yes
5482,17/07/2018,6.579251212010101,10,29.2,55,1.6,1404,19.2,2.36,0.0,0.0,Summer,No Holiday,Yes
5483,17/07/2018,6.682108597449809,11,30.4,53,1.8,1359,19.7,2.74,0.0,0.0,Summer,No Holiday,Yes
5484,17/07/2018,6.6895992691789665,12,30.8,57,2.3,940,21.2,2.52,0.0,0.0,Summer,No Holiday,Yes
5485,17/07/2018,6.638567789166521,13,31.1,53,3.2,1162,20.3,2.63,0.0,0.0,Summer,No Holiday,Yes
5486,17/07/2018,6.668228248417403,14,31.8,49,3.5,1429,19.7,2.93,0.0,0.0,Summer,No Holiday,Yes
5487,17/07/2018,6.778784897685177,15,31.9,51,3.3,1465,20.4,3.01,0.0,0.0,Summer,No Holiday,Yes
5488,17/07/2018,6.968850378341948,16,32.0,51,2.4,1402,20.5,2.55,0.0,0.0,Summer,No Holiday,Yes
5489,17/07/2018,7.3727463664043285,17,31.8,52,2.4,1438,20.7,1.93,0.0,0.0,Summer,No Holiday,Yes
5490,17/07/2018,7.9269635448629785,18,31.3,55,2.5,1550,21.1,1.2,0.0,0.0,Summer,No Holiday,Yes
5491,17/07/2018,7.752335163302292,19,30.6,57,1.4,1529,21.1,0.58,0.0,0.0,Summer,No Holiday,Yes
5492,17/07/2018,7.684783943522785,20,28.9,64,1.7,1567,21.3,0.1,0.0,0.0,Summer,No Holiday,Yes
5493,17/07/2018,7.729295674310482,21,27.9,69,1.9,1194,21.6,0.0,0.0,0.0,Summer,No Holiday,Yes
5494,17/07/2018,7.57095858316901,22,27.2,70,1.9,1110,21.2,0.0,0.0,0.0,Summer,No Holiday,Yes
5495,17/07/2018,7.201170883281678,23,26.6,76,1.6,936,22.0,0.0,0.0,0.0,Summer,No Holiday,Yes
5496,18/07/2018,6.910750787961936,0,26.2,79,0.7,850,22.2,0.0,0.0,0.0,Summer,No Holiday,Yes
5497,18/07/2018,6.60934924316738,1,25.7,80,0.2,805,21.9,0.0,0.0,0.0,Summer,No Holiday,Yes
5498,18/07/2018,6.267200548541362,2,25.2,82,0.4,791,21.9,0.0,0.0,0.0,Summer,No Holiday,Yes
5499,18/07/2018,5.945420608606575,3,24.7,84,0.7,694,21.8,0.0,0.0,0.0,Summer,No Holiday,Yes
5500,18/07/2018,5.58724865840025,4,24.3,83,0.7,621,21.2,0.0,0.0,0.0,Summer,No Holiday,Yes
5501,18/07/2018,5.793013608384144,5,23.9,83,0.4,780,20.8,0.0,0.0,0.0,Summer,No Holiday,Yes
5502,18/07/2018,6.54534966033442,6,23.7,83,0.1,713,20.6,0.03,0.0,0.0,Summer,No Holiday,Yes
5503,18/07/2018,7.1770187659099,7,24.2,74,0.7,656,19.2,0.35,0.0,0.0,Summer,No Holiday,Yes
5504,18/07/2018,7.573017256052546,8,25.8,71,0.4,760,20.1,0.93,0.0,0.0,Summer,No Holiday,Yes
5505,18/07/2018,6.890609120147166,9,27.2,59,0.4,948,18.4,1.18,0.0,0.0,Summer,No Holiday,Yes
5506,18/07/2018,6.583409222158765,10,28.9,61,1.5,941,20.6,2.04,0.0,0.0,Summer,No Holiday,Yes
5507,18/07/2018,6.553933404025811,11,30.2,53,2.2,1143,19.5,2.77,0.0,0.0,Summer,No Holiday,Yes
5508,18/07/2018,6.660575149839686,12,31.2,51,2.0,1101,19.8,2.96,0.0,0.0,Summer,No Holiday,Yes
5509,18/07/2018,6.658011045870748,13,32.1,51,2.3,776,20.6,2.96,0.0,0.0,Summer,No Holiday,Yes
5510,18/07/2018,6.637258031284457,14,32.7,49,1.5,765,20.5,2.62,0.0,0.0,Summer,No Holiday,Yes
5511,18/07/2018,6.655440350367647,15,32.9,46,2.5,1248,19.7,2.9,0.0,0.0,Summer,No Holiday,Yes
5512,18/07/2018,6.816735880594968,16,33.1,42,2.9,1712,18.4,2.52,0.0,0.0,Summer,No Holiday,Yes
5513,18/07/2018,7.3758821482150125,17,32.6,46,2.8,1560,19.4,1.95,0.0,0.0,Summer,No Holiday,Yes
5514,18/07/2018,7.898411092811599,18,32.0,50,2.6,1374,20.2,1.25,0.0,0.0,Summer,No Holiday,Yes
5515,18/07/2018,7.732807530422021,19,30.6,54,2.8,1531,20.2,0.59,0.0,0.0,Summer,No Holiday,Yes
5516,18/07/2018,7.697575346802343,20,28.8,66,1.9,1209,21.8,0.09,0.0,0.0,Summer,No Holiday,Yes
5517,18/07/2018,7.691200097522863,21,28.0,69,1.8,1140,21.7,0.0,0.0,0.0,Summer,No Holiday,Yes
5518,18/07/2018,7.591357046698551,22,27.2,73,1.5,1005,21.9,0.0,0.0,0.0,Summer,No Holiday,Yes
5519,18/07/2018,7.2115567333138015,23,26.4,76,0.6,959,21.8,0.0,0.0,0.0,Summer,No Holiday,Yes
5520,19/07/2018,6.974478911025045,0,25.9,76,1.3,984,21.3,0.0,0.0,0.0,Summer,No Holiday,Yes
5521,19/07/2018,6.715383386334681,1,25.4,79,0.8,924,21.4,0.0,0.0,0.0,Summer,No Holiday,Yes
5522,19/07/2018,6.3835066348840055,2,24.8,80,1.5,888,21.1,0.0,0.0,0.0,Summer,No Holiday,Yes
5523,19/07/2018,5.976350909297934,3,24.4,85,0.6,678,21.7,0.0,0.0,0.0,Summer,No Holiday,Yes
5524,19/07/2018,5.44673737166631,4,24.0,87,0.9,582,21.6,0.0,0.0,0.0,Summer,No Holiday,Yes
5525,19/07/2018,5.799092654460526,5,23.6,88,0.2,604,21.4,0.0,0.0,0.0,Summer,No Holiday,Yes
5526,19/07/2018,6.511745329644728,6,23.3,83,0.2,875,20.2,0.02,0.0,0.0,Summer,No Holiday,Yes
5527,19/07/2018,7.182352111885263,7,23.6,75,0.9,856,18.9,0.36,0.0,0.0,Summer,No Holiday,Yes
5528,19/07/2018,7.597897950521784,8,25.5,65,0.9,833,18.4,1.1,0.0,0.0,Summer,No Holiday,Yes
5529,19/07/2018,6.893656354602635,9,27.6,62,1.5,1043,19.6,1.76,0.0,0.0,Summer,No Holiday,Yes
5530,19/07/2018,6.54534966033442,10,29.4,56,2.2,1153,19.7,2.38,0.0,0.0,Summer,No Holiday,Yes
5531,19/07/2018,6.5337888379333435,11,30.7,48,1.6,1705,18.4,2.92,0.0,0.0,Summer,No Holiday,Yes
5532,19/07/2018,6.720220155135295,12,31.7,42,2.6,1868,17.2,3.23,0.0,0.0,Summer,No Holiday,Yes
5533,19/07/2018,6.683360945766275,13,32.6,47,2.7,1641,19.8,3.36,0.0,0.0,Summer,No Holiday,Yes
5534,19/07/2018,6.583409222158765,14,33.1,47,2.5,1785,20.2,3.26,0.0,0.0,Summer,No Holiday,Yes
5535,19/07/2018,6.71901315438526,15,33.7,41,2.5,1924,18.6,3.04,0.0,0.0,Summer,No Holiday,Yes
5536,19/07/2018,6.925595197110468,16,33.7,43,2.7,1890,19.3,2.55,0.0,0.0,Summer,No Holiday,Yes
5537,19/07/2018,7.337587743538596,17,34.0,44,2.3,1891,20.0,1.95,0.0,0.0,Summer,No Holiday,Yes
5538,19/07/2018,7.878912912297133,18,33.0,51,2.4,1566,21.5,1.23,0.0,0.0,Summer,No Holiday,Yes
5539,19/07/2018,7.716906135298388,19,31.6,58,2.3,1556,22.3,0.56,0.0,0.0,Summer,No Holiday,Yes
5540,19/07/2018,7.656810091480378,20,29.8,62,2.9,1931,21.7,0.08,0.0,0.0,Summer,No Holiday,Yes
5541,19/07/2018,7.660585461703256,21,28.8,69,2.4,1619,22.5,0.0,0.0,0.0,Summer,No Holiday,Yes
5542,19/07/2018,7.534228326274089,22,28.0,76,1.5,1542,23.3,0.0,0.0,0.0,Summer,No Holiday,Yes
5543,19/07/2018,7.1846291527173145,23,27.2,78,1.9,1601,23.0,0.0,0.0,0.0,Summer,No Holiday,Yes
5544,20/07/2018,6.948897222313312,0,26.7,80,1.4,1465,22.9,0.0,0.0,0.0,Summer,No Holiday,Yes
5545,20/07/2018,6.651571873589727,1,26.1,81,1.6,1409,22.5,0.0,0.0,0.0,Summer,No Holiday,Yes
5546,20/07/2018,6.324358962381311,2,25.7,84,0.1,1293,22.7,0.0,0.0,0.0,Summer,No Holiday,Yes
5547,20/07/2018,6.061456918928017,3,25.4,84,0.9,1174,22.4,0.0,0.0,0.0,Summer,No Holiday,Yes
5548,20/07/2018,5.5909869805108565,4,25.1,83,0.0,1253,22.0,0.0,0.0,0.0,Summer,No Holiday,Yes
5549,20/07/2018,5.793013608384144,5,24.9,83,0.3,1207,21.8,0.0,0.0,0.0,Summer,No Holiday,Yes
5550,20/07/2018,6.511745329644728,6,24.6,82,0.2,1157,21.3,0.02,0.0,0.0,Summer,No Holiday,Yes
5551,20/07/2018,7.132497551660044,7,25.2,75,0.6,1056,20.4,0.34,0.0,0.0,Summer,No Holiday,Yes
5552,20/07/2018,7.5480289699350145,8,26.6,70,1.3,1062,20.6,1.01,0.0,0.0,Summer,No Holiday,Yes
5553,20/07/2018,6.937314081223682,9,28.4,65,1.2,806,21.1,1.69,0.0,0.0,Summer,No Holiday,Yes
5554,20/07/2018,6.464588303689961,10,29.8,59,1.2,973,20.9,2.32,0.0,0.0,Summer,No Holiday,Yes
5555,20/07/2018,6.674561391814426,11,31.6,54,1.3,990,21.1,2.84,0.0,0.0,Summer,No Holiday,Yes
5556,20/07/2018,6.71295620067707,12,32.6,51,2.1,800,21.1,3.21,0.0,0.0,Summer,No Holiday,Yes
5557,20/07/2018,6.692083742506628,13,32.4,54,2.4,708,21.8,2.5,0.0,0.0,Summer,No Holiday,Yes
5558,20/07/2018,6.60934924316738,14,33.4,52,2.7,685,22.1,2.67,0.0,0.0,Summer,No Holiday,Yes
5559,20/07/2018,6.678342114654332,15,34.1,45,2.4,1110,20.4,2.88,0.0,0.0,Summer,No Holiday,Yes
5560,20/07/2018,6.834108738813838,16,34.3,45,2.3,1466,20.6,2.47,0.0,0.0,Summer,No Holiday,Yes
5561,20/07/2018,7.292337176173877,17,34.3,44,2.1,1704,20.2,1.87,0.0,0.0,Summer,No Holiday,Yes
5562,20/07/2018,7.791522819150732,18,33.9,42,2.0,1969,19.1,1.25,0.0,0.0,Summer,No Holiday,Yes
5563,20/07/2018,7.642524134232902,19,32.9,44,2.0,1985,19.0,0.59,0.0,0.0,Summer,No Holiday,Yes
5564,20/07/2018,7.543802867501509,20,30.9,51,2.2,2000,19.5,0.07,0.0,0.0,Summer,No Holiday,Yes
5565,20/07/2018,7.533693709848633,21,29.8,59,1.4,2000,20.9,0.0,0.0,0.0,Summer,No Holiday,Yes
5566,20/07/2018,7.48605261786314,22,28.8,65,1.3,1988,21.5,0.0,0.0,0.0,Summer,No Holiday,Yes
5567,20/07/2018,7.2633296174768365,23,28.2,70,1.3,1811,22.2,0.0,0.0,0.0,Summer,No Holiday,Yes
5568,21/07/2018,7.0326242610280065,0,27.5,73,1.1,1834,22.2,0.0,0.0,0.0,Summer,No Holiday,Yes
5569,21/07/2018,6.852242569051878,1,27.0,74,1.1,1833,21.9,0.0,0.0,0.0,Summer,No Holiday,Yes
5570,21/07/2018,6.529418838262226,2,26.4,72,0.2,1766,20.9,0.0,0.0,0.0,Summer,No Holiday,Yes
5571,21/07/2018,6.169610732491456,3,26.1,74,0.1,1683,21.0,0.0,0.0,0.0,Summer,No Holiday,Yes
5572,21/07/2018,5.8522024797744745,4,25.6,77,1.2,1203,21.2,0.0,0.0,0.0,Summer,No Holiday,Yes
5573,21/07/2018,5.680172609017068,5,25.0,78,0.3,1474,20.8,0.0,0.0,0.0,Summer,No Holiday,Yes
5574,21/07/2018,5.945420608606575,6,24.9,76,0.0,1473,20.3,0.02,0.0,0.0,Summer,No Holiday,Yes
5575,21/07/2018,6.198478716492308,7,25.3,71,0.4,1226,19.6,0.34,0.0,0.0,Summer,No Holiday,Yes
5576,21/07/2018,6.580639137284949,8,27.4,63,0.9,1043,19.7,1.03,0.0,0.0,Summer,No Holiday,Yes
5577,21/07/2018,6.593044534142437,9,29.6,57,0.9,977,20.1,1.71,0.0,0.0,Summer,No Holiday,Yes
5578,21/07/2018,6.551080335043404,10,31.4,51,1.1,847,20.0,2.32,0.0,0.0,Summer,No Holiday,Yes
5579,21/07/2018,6.517671272912275,11,32.9,45,2.1,1020,19.3,2.72,0.0,0.0,Summer,No Holiday,Yes
5580,21/07/2018,6.601230118728877,12,34.2,35,1.8,1528,16.5,3.14,0.0,0.0,Summer,No Holiday,Yes
5581,21/07/2018,6.590301048196686,13,35.2,34,1.8,1636,16.9,3.21,0.0,0.0,Summer,No Holiday,Yes
5582,21/07/2018,6.52649485957079,14,36.3,34,1.3,1493,17.9,3.17,0.0,0.0,Summer,No Holiday,Yes
5583,21/07/2018,6.666956792429207,15,36.5,35,3.0,1355,18.5,2.71,0.0,0.0,Summer,No Holiday,Yes
5584,21/07/2018,6.784457062637643,16,36.8,30,2.8,1756,16.3,2.41,0.0,0.0,Summer,No Holiday,Yes
5585,21/07/2018,6.919683849847411,17,36.3,36,3.1,1972,18.8,1.91,0.0,0.0,Summer,No Holiday,Yes
5586,21/07/2018,7.0925737159746784,18,35.0,42,2.9,1953,20.1,1.26,0.0,0.0,Summer,No Holiday,Yes
5587,21/07/2018,7.261225091971921,19,33.4,51,2.6,2000,21.8,0.59,0.0,0.0,Summer,No Holiday,Yes
5588,21/07/2018,7.412160334945205,20,31.5,53,1.8,2000,20.7,0.08,0.0,0.0,Summer,No Holiday,Yes
5589,21/07/2018,7.4570320891223805,21,30.2,54,1.8,2000,19.8,0.0,0.0,0.0,Summer,No Holiday,Yes
5590,21/07/2018,7.370860166536716,22,29.4,55,1.4,2000,19.4,0.0,0.0,0.0,Summer,No Holiday,Yes
5591,21/07/2018,7.161622002939187,23,28.8,56,1.6,2000,19.1,0.0,0.0,0.0,Summer,No Holiday,Yes
5592,22/07/2018,6.9930151229329605,0,28.1,56,0.2,2000,18.4,0.0,0.0,0.0,Summer,No Holiday,Yes
5593,22/07/2018,6.650279048587422,1,27.3,60,0.8,2000,18.8,0.0,0.0,0.0,Summer,No Holiday,Yes
5594,22/07/2018,6.376726947898627,2,26.8,63,0.6,2000,19.1,0.0,0.0,0.0,Summer,No Holiday,Yes
5595,22/07/2018,6.0844994130751715,3,26.3,63,0.2,2000,18.6,0.0,0.0,0.0,Summer,No Holiday,Yes
5596,22/07/2018,5.602118820879701,4,25.9,71,0.3,2000,20.2,0.0,0.0,0.0,Summer,No Holiday,Yes
5597,22/07/2018,5.54907608489522,5,25.5,72,0.4,2000,20.0,0.0,0.0,0.0,Summer,No Holiday,Yes
5598,22/07/2018,5.659482215759621,6,25.3,73,0.6,1979,20.1,0.02,0.0,0.0,Summer,No Holiday,Yes
5599,22/07/2018,5.8888779583328805,7,25.8,67,0.9,1773,19.1,0.34,0.0,0.0,Summer,No Holiday,Yes
5600,22/07/2018,6.169610732491456,8,27.9,60,0.6,1835,19.4,1.06,0.0,0.0,Summer,No Holiday,Yes
5601,22/07/2018,6.267200548541362,9,30.5,54,0.9,1907,20.1,1.71,0.0,0.0,Summer,No Holiday,Yes
5602,22/07/2018,6.259581464064923,10,32.2,50,0.8,1881,20.4,2.29,0.0,0.0,Summer,No Holiday,Yes
5603,22/07/2018,6.214608098422191,11,33.8,45,1.9,1928,20.2,2.74,0.0,0.0,Summer,No Holiday,Yes
5604,22/07/2018,6.329720905522696,12,35.5,39,1.9,1803,19.4,3.05,0.0,0.0,Summer,No Holiday,Yes
5605,22/07/2018,6.345636360828596,13,36.7,33,1.8,1911,17.7,3.24,0.0,0.0,Summer,No Holiday,Yes
5606,22/07/2018,6.338594078203183,14,37.4,34,2.3,1860,18.8,3.05,0.0,0.0,Summer,No Holiday,Yes
5607,22/07/2018,6.450470422144176,15,37.5,33,2.0,1816,18.4,2.32,0.0,0.0,Summer,No Holiday,Yes
5608,22/07/2018,6.648984550024776,16,37.8,31,2.5,1929,17.7,2.46,0.0,0.0,Summer,No Holiday,Yes
5609,22/07/2018,6.873163834212518,17,37.6,33,2.1,1837,18.5,1.82,0.0,0.0,Summer,No Holiday,Yes
5610,22/07/2018,7.10085190894405,18,36.3,35,3.0,1860,18.3,0.89,0.0,0.0,Summer,No Holiday,Yes
5611,22/07/2018,7.2991214627108,19,34.5,47,2.8,1762,21.5,0.42,0.0,0.0,Summer,No Holiday,Yes
5612,22/07/2018,7.4318919168078,20,33.3,50,2.3,1706,21.4,0.1,0.0,0.0,Summer,No Holiday,Yes
5613,22/07/2018,7.418780882750794,21,32.3,50,1.7,1784,20.5,0.0,0.0,0.0,Summer,No Holiday,Yes
5614,22/07/2018,7.205635176410364,22,31.7,51,1.4,1742,20.3,0.0,0.0,0.0,Summer,No Holiday,Yes
5615,22/07/2018,6.93828448401696,23,31.2,52,1.5,1670,20.1,0.0,0.0,0.0,Summer,No Holiday,Yes
5616,23/07/2018,6.675823221634848,0,30.6,50,2.3,1631,18.9,0.0,0.0,0.0,Summer,No Holiday,Yes
5617,23/07/2018,6.297109319933935,1,30.0,52,1.5,1774,19.0,0.0,0.0,0.0,Summer,No Holiday,Yes
5618,23/07/2018,5.948034989180646,2,29.7,53,1.4,1682,19.0,0.0,0.0,0.0,Summer,No Holiday,Yes
5619,23/07/2018,5.476463551931511,3,29.6,50,2.1,1970,18.0,0.0,0.0,0.0,Summer,No Holiday,Yes
5620,23/07/2018,5.1647859739235145,4,29.3,51,0.9,1498,18.1,0.0,0.0,0.0,Summer,No Holiday,Yes
5621,23/07/2018,5.739792912179234,5,29.3,55,1.6,2000,19.3,0.0,0.0,0.0,Summer,No Holiday,Yes
5622,23/07/2018,6.481577129276431,6,29.2,58,1.7,2000,20.0,0.01,0.0,0.0,Summer,No Holiday,Yes
5623,23/07/2018,7.124478262493424,7,29.3,58,0.8,2000,20.1,0.23,0.0,0.0,Summer,No Holiday,Yes
5624,23/07/2018,7.5443321080536885,8,30.0,56,0.9,2000,20.2,0.54,0.0,0.0,Summer,No Holiday,Yes
5625,23/07/2018,6.893656354602635,9,31.0,55,1.5,1945,20.8,1.14,0.0,0.0,Summer,No Holiday,Yes
5626,23/07/2018,6.456769655572163,10,31.8,51,1.5,1900,20.4,1.71,0.0,0.0,Summer,No Holiday,Yes
5627,23/07/2018,6.416732282512326,11,32.7,48,2.2,1908,20.2,2.53,0.0,0.0,Summer,No Holiday,Yes
5628,23/07/2018,6.486160788944089,12,34.1,47,2.3,1862,21.1,2.94,0.0,0.0,Summer,No Holiday,Yes
5629,23/07/2018,6.535241271013659,13,33.8,47,1.7,1887,20.9,1.57,0.0,0.0,Summer,No Holiday,Yes
5630,23/07/2018,6.508769136971682,14,34.3,45,2.2,1967,20.6,1.64,0.0,0.0,Summer,No Holiday,Yes
5631,23/07/2018,6.606650186198215,15,35.4,46,2.2,1861,22.0,2.48,0.0,0.0,Summer,No Holiday,Yes
5632,23/07/2018,6.8679744089702925,16,34.8,47,2.2,1839,21.8,1.32,0.0,0.0,Summer,No Holiday,Yes
5633,23/07/2018,7.1785454837637,17,34.8,49,3.0,1866,22.5,1.37,0.0,0.0,Summer,No Holiday,Yes
5634,23/07/2018,7.785720896534624,18,33.9,53,3.2,1886,22.9,0.94,0.0,0.0,Summer,No Holiday,Yes
5635,23/07/2018,7.655864017616056,19,32.6,58,3.2,1962,23.2,0.45,0.0,0.0,Summer,No Holiday,Yes
5636,23/07/2018,7.62657020629066,20,31.5,61,1.8,2000,23.0,0.07,0.0,0.0,Summer,No Holiday,Yes
5637,23/07/2018,7.598399329323964,21,30.8,60,1.8,2000,22.1,0.0,0.0,0.0,Summer,No Holiday,Yes
5638,23/07/2018,7.437206366871292,22,30.3,60,1.8,2000,21.6,0.0,0.0,0.0,Summer,No Holiday,Yes
5639,23/07/2018,7.05444965813294,23,30.0,58,1.6,2000,20.8,0.0,0.0,0.0,Summer,No Holiday,Yes
5640,24/07/2018,6.774223886357614,0,29.6,61,1.0,2000,21.2,0.0,0.0,0.0,Summer,No Holiday,Yes
5641,24/07/2018,6.573680166960646,1,29.1,64,1.2,2000,21.5,0.0,0.0,0.0,Summer,No Holiday,Yes
5642,24/07/2018,6.1903154058531475,2,28.6,66,0.9,2000,21.6,0.0,0.0,0.0,Summer,No Holiday,Yes
5643,24/07/2018,5.808142489980444,3,28.2,65,0.3,1999,20.9,0.0,0.0,0.0,Summer,No Holiday,Yes
5644,24/07/2018,5.389071729816501,4,27.8,67,0.2,1982,21.1,0.0,0.0,0.0,Summer,No Holiday,Yes
5645,24/07/2018,5.726847747587197,5,27.5,70,0.1,1976,21.5,0.0,0.0,0.0,Summer,No Holiday,Yes
5646,24/07/2018,6.513230110912307,6,27.2,71,0.8,1920,21.4,0.02,0.0,0.0,Summer,No Holiday,Yes
5647,24/07/2018,7.101675971619444,7,27.8,63,1.2,1781,20.1,0.32,0.0,0.0,Summer,No Holiday,Yes
5648,24/07/2018,7.507141079727608,8,29.9,59,0.8,1727,21.0,1.03,0.0,0.0,Summer,No Holiday,Yes
5649,24/07/2018,6.831953565565855,9,31.7,59,1.0,1706,22.6,1.69,0.0,0.0,Summer,No Holiday,Yes
5650,24/07/2018,6.415096959171596,10,32.4,54,0.9,1631,21.8,1.45,0.0,0.0,Summer,No Holiday,Yes
5651,24/07/2018,6.431331081933479,11,33.9,46,1.6,1387,20.6,2.15,0.0,0.0,Summer,No Holiday,Yes
5652,24/07/2018,6.51025834052315,12,34.5,50,1.4,1901,22.5,1.89,0.0,0.0,Summer,No Holiday,Yes
5653,24/07/2018,6.535241271013659,13,36.4,41,1.3,1655,21.0,2.86,0.0,0.0,Summer,No Holiday,Yes
5654,24/07/2018,6.476972362889683,14,35.8,49,2.8,1264,23.4,2.4,0.0,0.0,Summer,No Holiday,Yes
5655,24/07/2018,6.601230118728877,15,35.8,47,2.2,1029,22.7,1.51,0.0,0.0,Summer,No Holiday,Yes
5656,24/07/2018,6.727431724850855,16,34.9,51,2.0,1221,23.2,0.76,0.0,0.0,Summer,No Holiday,Yes
5657,24/07/2018,7.168579897264035,17,34.9,51,2.2,1235,23.2,0.98,0.0,0.0,Summer,No Holiday,Yes
5658,24/07/2018,7.741099090035366,18,34.9,53,2.2,1296,23.8,0.86,0.0,0.0,Summer,No Holiday,Yes
5659,24/07/2018,7.585281078639126,19,33.1,57,2.2,1670,23.4,0.44,0.0,0.0,Summer,No Holiday,Yes
5660,24/07/2018,7.51479976048867,20,31.1,63,2.0,1542,23.2,0.06,0.0,0.0,Summer,No Holiday,Yes
5661,24/07/2018,7.549609165154532,21,30.2,65,2.3,1642,22.8,0.0,0.0,0.0,Summer,No Holiday,Yes
5662,24/07/2018,7.480992162869525,22,29.8,66,3.2,1511,22.7,0.0,0.0,0.0,Summer,No Holiday,Yes
5663,24/07/2018,7.085064293952548,23,29.3,66,2.8,1854,22.2,0.0,0.0,0.0,Summer,No Holiday,Yes
5664,25/07/2018,6.84587987526405,0,28.9,66,2.2,2000,21.9,0.0,0.0,0.0,Summer,No Holiday,Yes
5665,25/07/2018,6.588926477533519,1,28.7,67,2.6,2000,21.9,0.0,0.0,0.0,Summer,No Holiday,Yes
5666,25/07/2018,6.214608098422191,2,28.8,68,1.8,2000,22.2,0.0,0.0,0.0,Summer,No Holiday,Yes
5667,25/07/2018,5.793013608384144,3,28.9,69,2.8,1871,22.6,0.0,0.0,0.0,Summer,No Holiday,Yes
5668,25/07/2018,5.3612921657094255,4,28.5,74,2.6,1549,23.4,0.0,0.0,0.0,Summer,No Holiday,Yes
5669,25/07/2018,5.703782474656201,5,28.3,74,2.4,1378,23.2,0.0,0.0,0.0,Summer,No Holiday,Yes
5670,25/07/2018,6.489204931325317,6,28.1,75,1.8,1092,23.2,0.01,0.0,0.0,Summer,No Holiday,Yes
5671,25/07/2018,7.066466970136958,7,28.3,72,2.0,1200,22.7,0.1,0.0,0.0,Summer,No Holiday,Yes
5672,25/07/2018,7.546446273746024,8,28.7,70,3.5,1470,22.6,0.52,0.0,0.0,Summer,No Holiday,Yes
5673,25/07/2018,6.903747257584598,9,29.4,66,2.5,1308,22.3,0.91,0.0,0.0,Summer,No Holiday,Yes
5674,25/07/2018,6.546785410760524,10,30.7,61,2.8,1521,22.3,1.5,0.0,0.0,Summer,No Holiday,Yes
5675,25/07/2018,6.620073206530356,11,30.7,63,3.4,1323,22.8,1.13,0.0,0.0,Summer,No Holiday,Yes
5676,25/07/2018,6.674561391814426,12,31.1,60,2.7,1331,22.4,1.02,0.0,0.0,Summer,No Holiday,Yes
5677,25/07/2018,6.664409020350408,13,32.3,56,3.0,1504,22.3,1.74,0.0,0.0,Summer,No Holiday,Yes
5678,25/07/2018,6.626717749249025,14,33.0,53,1.7,1357,22.1,1.73,0.0,0.0,Summer,No Holiday,Yes
5679,25/07/2018,6.661854740545311,15,34.0,50,3.0,1705,22.1,1.72,0.0,0.0,Summer,No Holiday,Yes
5680,25/07/2018,6.885509670034818,16,34.1,52,2.5,1304,22.8,2.23,0.0,0.0,Summer,No Holiday,Yes
5681,25/07/2018,7.253470382684528,17,33.2,56,2.2,1428,23.2,1.03,0.0,0.0,Summer,No Holiday,Yes
5682,25/07/2018,7.790282380703483,18,32.2,58,2.5,1553,22.8,0.44,0.0,0.0,Summer,No Holiday,Yes
5683,25/07/2018,7.620705086838262,19,31.7,60,2.3,1492,22.9,0.23,0.0,0.0,Summer,No Holiday,Yes
5684,25/07/2018,7.568379267836522,20,30.9,67,1.7,1470,24.0,0.05,0.0,0.0,Summer,No Holiday,Yes
5685,25/07/2018,7.502186486602924,21,29.7,74,2.2,1342,24.5,0.0,0.0,0.0,Summer,No Holiday,Yes
5686,25/07/2018,7.477604243197589,22,28.8,76,2.8,1231,24.1,0.0,0.0,0.0,Summer,No Holiday,Yes
5687,25/07/2018,7.162397497355718,23,28.0,77,1.9,1346,23.5,0.0,0.0,0.0,Summer,No Holiday,Yes
5688,26/07/2018,6.84587987526405,0,27.7,78,1.2,1341,23.5,0.0,0.0,0.0,Summer,No Holiday,Yes
5689,26/07/2018,6.577861357721047,1,27.6,79,1.0,1261,23.6,0.0,0.0,0.0,Summer,No Holiday,Yes
5690,26/07/2018,6.212606095751519,2,27.6,78,0.1,1289,23.4,0.0,0.0,0.0,Summer,No Holiday,Yes
5691,26/07/2018,5.87493073085203,3,27.7,76,0.2,1376,23.0,0.0,0.0,0.0,Summer,No Holiday,Yes
5692,26/07/2018,5.53338948872752,4,27.7,75,1.0,1360,22.8,0.0,0.0,0.0,Summer,No Holiday,Yes
5693,26/07/2018,5.726847747587197,5,27.4,78,0.8,1301,23.2,0.0,0.0,0.0,Summer,No Holiday,Yes
5694,26/07/2018,6.401917196727186,6,27.4,77,0.7,1113,23.0,0.0,0.0,0.0,Summer,No Holiday,Yes
5695,26/07/2018,7.069874128458572,7,27.7,75,1.2,1103,22.8,0.1,0.0,0.0,Summer,No Holiday,Yes
5696,26/07/2018,7.508787170634276,8,28.3,72,0.8,1165,22.7,0.34,0.0,0.0,Summer,No Holiday,Yes
5697,26/07/2018,6.874198495453294,9,29.1,69,1.0,853,22.8,0.67,0.0,0.0,Summer,No Holiday,Yes
5698,26/07/2018,6.4692503167957724,10,29.5,68,1.8,946,22.9,0.54,0.0,0.0,Summer,No Holiday,Yes
5699,26/07/2018,6.421622267806518,11,30.2,67,1.5,1003,23.3,0.87,0.0,0.0,Summer,No Holiday,Yes
5700,26/07/2018,6.398594934535208,12,32.0,57,1.6,1075,22.4,1.94,0.0,0.0,Summer,No Holiday,Yes
5701,26/07/2018,6.444131256700441,13,32.4,54,0.7,896,21.8,1.41,0.0,0.0,Summer,No Holiday,Yes
5702,26/07/2018,6.561030665896573,14,33.0,56,2.5,879,23.0,1.33,0.0,0.0,Summer,No Holiday,Yes
5703,26/07/2018,6.652863029353347,15,33.1,58,1.9,882,23.7,0.87,0.0,0.0,Summer,No Holiday,Yes
5704,26/07/2018,6.825460036255307,16,33.5,57,2.8,989,23.8,1.55,0.0,0.0,Summer,No Holiday,Yes
5705,26/07/2018,7.240649694255466,17,33.1,59,2.9,1038,24.0,1.14,0.0,0.0,Summer,No Holiday,Yes
5706,26/07/2018,7.769800996003896,18,33.2,59,1.8,1069,24.0,0.99,0.0,0.0,Summer,No Holiday,Yes
5707,26/07/2018,7.598399329323964,19,32.3,63,2.1,1037,24.3,0.41,0.0,0.0,Summer,No Holiday,Yes
5708,26/07/2018,7.490529402060711,20,31.0,68,1.4,1162,24.3,0.05,0.0,0.0,Summer,No Holiday,Yes
5709,26/07/2018,7.533158807455563,21,30.0,74,2.7,1056,24.8,0.0,0.0,0.0,Summer,No Holiday,Yes
5710,26/07/2018,7.444248649496705,22,29.4,78,1.6,1011,25.1,0.0,0.0,0.0,Summer,No Holiday,Yes
5711,26/07/2018,7.149916836132109,23,29.0,79,1.2,971,24.9,0.0,0.0,0.0,Summer,No Holiday,Yes
5712,27/07/2018,6.813444599510896,0,28.6,80,0.6,990,24.8,0.0,0.0,0.0,Summer,No Holiday,Yes
5713,27/07/2018,6.617402977974478,1,28.3,78,0.5,1072,24.0,0.0,0.0,0.0,Summer,No Holiday,Yes
5714,27/07/2018,6.2878585601617845,2,27.8,79,1.4,1049,23.8,0.0,0.0,0.0,Summer,No Holiday,Yes
5715,27/07/2018,5.918893854273146,3,27.6,80,1.6,929,23.8,0.0,0.0,0.0,Summer,No Holiday,Yes
5716,27/07/2018,5.389071729816501,4,27.3,85,1.6,671,24.5,0.0,0.0,0.0,Summer,No Holiday,Yes
5717,27/07/2018,5.69035945432406,5,27.2,86,0.8,657,24.6,0.0,0.0,0.0,Summer,No Holiday,Yes
5718,27/07/2018,6.473890696352274,6,27.2,85,0.1,702,24.4,0.02,0.0,0.0,Summer,No Holiday,Yes
5719,27/07/2018,7.013915474810528,7,27.6,80,1.0,783,23.8,0.27,0.0,0.0,Summer,No Holiday,Yes
5720,27/07/2018,7.475339236566737,8,28.5,76,0.9,725,23.8,0.59,0.0,0.0,Summer,No Holiday,Yes
5721,27/07/2018,6.840546529288687,9,29.9,69,1.5,769,23.5,1.12,0.0,0.0,Summer,No Holiday,Yes
5722,27/07/2018,6.461468176353717,10,31.2,61,2.3,901,22.7,1.71,0.0,0.0,Summer,No Holiday,Yes
5723,27/07/2018,6.429719478039138,11,32.7,56,1.9,1034,22.7,2.57,0.0,0.0,Summer,No Holiday,Yes
5724,27/07/2018,6.5722825426940075,12,33.7,53,1.9,990,22.7,2.5,0.0,0.0,Summer,No Holiday,Yes
5725,27/07/2018,6.483107351457199,13,35.3,48,2.5,880,22.6,2.89,0.0,0.0,Summer,No Holiday,Yes
5726,27/07/2018,6.230481447578482,14,34.1,57,1.8,667,24.3,1.13,0.0,0.0,Summer,No Holiday,Yes
5727,27/07/2018,6.655440350367647,15,35.3,52,1.9,822,23.9,2.15,0.0,0.0,Summer,No Holiday,Yes
5728,27/07/2018,6.80903930604298,16,35.0,55,2.8,835,24.6,1.56,0.0,0.0,Summer,No Holiday,Yes
5729,27/07/2018,7.162397497355718,17,34.7,59,2.7,1095,25.5,1.49,0.0,0.0,Summer,No Holiday,Yes
5730,27/07/2018,7.688913336864796,18,33.7,62,3.2,1082,25.3,0.87,0.0,0.0,Summer,No Holiday,Yes
5731,27/07/2018,7.4133673356952405,19,32.0,68,3.0,1286,25.3,0.38,0.0,0.0,Summer,No Holiday,Yes
5732,27/07/2018,7.356279876550748,20,30.7,73,2.8,1310,25.2,0.04,0.0,0.0,Summer,No Holiday,Yes
5733,27/07/2018,7.344719054149673,21,30.3,75,1.1,1289,25.3,0.0,0.0,0.0,Summer,No Holiday,Yes
5734,27/07/2018,7.318539548567902,22,29.9,74,2.0,1201,24.7,0.0,0.0,0.0,Summer,No Holiday,Yes
5735,27/07/2018,7.075808863978387,23,29.7,76,1.2,1159,25.0,0.0,0.0,0.0,Summer,No Holiday,Yes
5736,28/07/2018,6.900730664045173,0,29.4,78,2.1,1072,25.1,0.0,0.0,0.0,Summer,No Holiday,Yes
5737,28/07/2018,6.775366090936392,1,29.1,79,1.3,975,25.0,0.0,0.0,0.0,Summer,No Holiday,Yes
5738,28/07/2018,6.48768401848461,2,28.8,80,1.9,925,24.9,0.0,0.0,0.0,Summer,No Holiday,Yes
5739,28/07/2018,6.135564891081739,3,28.5,81,1.2,911,24.9,0.0,0.0,0.0,Summer,No Holiday,Yes
5740,28/07/2018,5.831882477283517,4,28.3,83,1.7,814,25.1,0.0,0.0,0.0,Summer,No Holiday,Yes
5741,28/07/2018,5.517452896464707,5,28.1,84,0.5,754,25.1,0.0,0.0,0.0,Summer,No Holiday,Yes
5742,28/07/2018,5.749392985908253,6,28.0,85,0.8,647,25.2,0.01,0.0,0.0,Summer,No Holiday,Yes
5743,28/07/2018,6.061456918928017,7,28.4,82,0.7,748,25.0,0.16,0.0,0.0,Summer,No Holiday,Yes
5744,28/07/2018,6.408528791059498,8,29.6,75,0.4,749,24.6,0.66,0.0,0.0,Summer,No Holiday,Yes
5745,28/07/2018,6.51025834052315,9,30.6,74,1.4,716,25.4,0.95,0.0,0.0,Summer,No Holiday,Yes
5746,28/07/2018,6.484635235635252,10,32.0,65,0.9,966,24.5,1.19,0.0,0.0,Summer,No Holiday,Yes
5747,28/07/2018,6.385194398997726,11,32.8,62,0.6,881,24.5,1.3,0.0,0.0,Summer,No Holiday,Yes
5748,28/07/2018,6.450470422144176,12,33.6,62,1.9,820,25.3,1.35,0.0,0.0,Summer,No Holiday,Yes
5749,28/07/2018,6.60934924316738,13,34.2,58,1.8,933,24.7,1.33,0.0,0.0,Summer,No Holiday,Yes
5750,28/07/2018,5.752572638825633,14,34.4,65,1.8,960,26.8,1.75,0.2,0.0,Summer,No Holiday,Yes
5751,28/07/2018,6.150602768446279,15,28.9,86,2.2,1592,26.3,0.26,7.3,0.0,Summer,No Holiday,Yes
5752,28/07/2018,6.561030665896573,16,28.6,82,3.4,1022,25.2,0.14,0.0,0.0,Summer,No Holiday,Yes
5753,28/07/2018,6.761572768804055,17,28.2,83,1.3,1099,25.0,0.11,0.0,0.0,Summer,No Holiday,Yes
5754,28/07/2018,6.738152494595957,18,29.0,81,0.8,989,25.4,0.22,0.0,0.0,Summer,No Holiday,Yes
5755,28/07/2018,6.882437470997847,19,29.3,78,0.0,988,25.0,0.15,0.0,0.0,Summer,No Holiday,Yes
5756,28/07/2018,6.999422467507961,20,29.2,82,0.4,1000,25.8,0.01,0.0,0.0,Summer,No Holiday,Yes
5757,28/07/2018,7.10002716662926,21,29.1,78,1.1,1362,24.8,0.0,0.0,0.0,Summer,No Holiday,Yes
5758,28/07/2018,7.055312843339752,22,29.0,74,0.9,1652,23.8,0.0,0.0,0.0,Summer,No Holiday,Yes
5759,28/07/2018,6.946975992135418,23,28.6,74,0.7,1807,23.5,0.0,0.0,0.0,Summer,No Holiday,Yes
5760,29/07/2018,6.826545223556594,0,28.4,70,0.9,1945,22.3,0.0,0.0,0.0,Summer,No Holiday,Yes
5761,29/07/2018,6.456769655572163,1,28.0,71,0.6,1799,22.2,0.0,0.0,0.0,Summer,No Holiday,Yes
5762,29/07/2018,6.238324625039508,2,27.7,73,0.4,1832,22.4,0.0,0.0,0.0,Summer,No Holiday,Yes
5763,29/07/2018,6.0014148779611505,3,27.4,73,0.6,1893,22.1,0.0,0.0,0.0,Summer,No Holiday,Yes
5764,29/07/2018,5.5053315359323625,4,27.0,74,0.8,1816,21.9,0.0,0.0,0.0,Summer,No Holiday,Yes
5765,29/07/2018,5.298317366548036,5,26.7,75,0.3,1871,21.8,0.0,0.0,0.0,Summer,No Holiday,Yes
5766,29/07/2018,5.58724865840025,6,26.4,76,0.4,1813,21.8,0.01,0.0,0.0,Summer,No Holiday,Yes
5767,29/07/2018,5.846438775057725,7,26.9,69,0.8,1960,20.7,0.29,0.0,0.0,Summer,No Holiday,Yes
5768,29/07/2018,6.124683390894205,8,28.6,63,0.8,1867,20.8,1.0,0.0,0.0,Summer,No Holiday,Yes
5769,29/07/2018,6.253828811575473,9,30.6,54,1.7,1831,20.2,1.68,0.0,0.0,Summer,No Holiday,Yes
5770,29/07/2018,6.161207321695077,10,32.4,48,1.9,1952,19.9,2.33,0.0,0.0,Summer,No Holiday,Yes
5771,29/07/2018,6.1675164908883415,11,33.6,46,1.7,1965,20.3,2.6,0.0,0.0,Summer,No Holiday,Yes
5772,29/07/2018,6.4692503167957724,12,33.8,47,1.7,1962,20.9,1.92,0.0,0.0,Summer,No Holiday,Yes
5773,29/07/2018,6.434546518787453,13,34.4,41,2.9,1970,19.2,2.33,0.0,0.0,Summer,No Holiday,Yes
5774,29/07/2018,6.447305862541213,14,35.4,43,1.4,2000,20.9,2.48,0.0,0.0,Summer,No Holiday,Yes
5775,29/07/2018,6.570882962339584,15,35.9,37,1.9,1949,18.9,1.98,0.0,0.0,Summer,No Holiday,Yes
5776,29/07/2018,6.634633357861686,16,36.0,33,1.4,2000,17.1,1.97,0.0,0.0,Summer,No Holiday,Yes
5777,29/07/2018,6.79794041297493,17,36.3,36,1.5,2000,18.8,1.87,0.0,0.0,Summer,No Holiday,Yes
5778,29/07/2018,7.040536390215956,18,35.8,35,1.3,2000,17.9,1.21,0.0,0.0,Summer,No Holiday,Yes
5779,29/07/2018,7.304515946460155,19,34.4,39,1.2,2000,18.4,0.58,0.0,0.0,Summer,No Holiday,Yes
5780,29/07/2018,7.437206366871292,20,32.3,48,1.4,2000,19.8,0.08,0.0,0.0,Summer,No Holiday,Yes
5781,29/07/2018,7.40184157874383,21,31.1,47,1.3,2000,18.4,0.0,0.0,0.0,Summer,No Holiday,Yes
5782,29/07/2018,7.249215057114389,22,30.4,45,1.6,2000,17.1,0.0,0.0,0.0,Summer,No Holiday,Yes
5783,29/07/2018,7.011213987350367,23,29.9,45,1.4,2000,16.6,0.0,0.0,0.0,Summer,No Holiday,Yes
5784,30/07/2018,6.698268054115413,0,29.2,50,1.1,2000,17.7,0.0,0.0,0.0,Summer,No Holiday,Yes
5785,30/07/2018,6.3561076606958915,1,28.5,54,1.1,2000,18.2,0.0,0.0,0.0,Summer,No Holiday,Yes
5786,30/07/2018,5.8971538676367405,2,28.0,57,1.2,2000,18.6,0.0,0.0,0.0,Summer,No Holiday,Yes
5787,30/07/2018,5.537334267018537,3,27.4,59,1.4,2000,18.6,0.0,0.0,0.0,Summer,No Holiday,Yes
5788,30/07/2018,5.3471075307174685,4,26.7,62,1.0,2000,18.8,0.0,0.0,0.0,Summer,No Holiday,Yes
5789,30/07/2018,5.6131281063880705,5,26.4,62,0.6,2000,18.5,0.0,0.0,0.0,Summer,No Holiday,Yes
5790,30/07/2018,6.505784060128229,6,26.2,64,1.4,2000,18.8,0.01,0.0,0.0,Summer,No Holiday,Yes
5791,30/07/2018,7.030857476116121,7,26.8,59,1.1,2000,18.1,0.28,0.0,0.0,Summer,No Holiday,Yes
5792,30/07/2018,7.4067107301776405,8,28.8,56,1.4,2000,19.1,1.08,0.0,0.0,Summer,No Holiday,Yes
5793,30/07/2018,6.7650389767805414,9,30.5,53,1.6,2000,19.8,1.74,0.0,0.0,Summer,No Holiday,Yes
5794,30/07/2018,6.413458957167357,10,32.0,50,2.1,1992,20.2,2.34,0.0,0.0,Summer,No Holiday,Yes
5795,30/07/2018,6.436150368369428,11,33.2,46,1.4,1968,20.0,2.16,0.0,0.0,Summer,No Holiday,Yes
5796,30/07/2018,6.498282149476434,12,33.6,48,1.6,2000,21.0,1.89,0.0,0.0,Summer,No Holiday,Yes
5797,30/07/2018,6.535241271013659,13,34.7,43,1.3,2000,20.2,2.05,0.0,0.0,Summer,No Holiday,Yes
5798,30/07/2018,6.470799503782602,14,35.3,41,1.3,2000,20.0,2.01,0.0,0.0,Summer,No Holiday,Yes
5799,30/07/2018,6.502790045915623,15,35.5,43,1.3,2000,20.9,1.61,0.0,0.0,Summer,No Holiday,Yes
5800,30/07/2018,6.740519359606223,16,36.4,40,1.1,2000,20.6,1.79,0.0,0.0,Summer,No Holiday,Yes
5801,30/07/2018,7.110696122978827,17,35.4,44,0.8,2000,21.2,1.1,0.0,0.0,Summer,No Holiday,Yes
5802,30/07/2018,7.761319180947987,18,36.5,38,0.9,2000,19.8,1.17,0.0,0.0,Summer,No Holiday,Yes
5803,30/07/2018,7.6093665379542115,19,35.2,43,0.9,2000,20.7,0.42,0.0,0.0,Summer,No Holiday,Yes
5804,30/07/2018,7.5745584842024805,20,33.9,46,1.4,2000,20.6,0.03,0.0,0.0,Summer,No Holiday,Yes
5805,30/07/2018,7.53689712956617,21,33.1,48,1.1,2000,20.6,0.0,0.0,0.0,Summer,No Holiday,Yes
5806,30/07/2018,7.347943823148687,22,32.5,50,1.2,2000,20.7,0.0,0.0,0.0,Summer,No Holiday,Yes
5807,30/07/2018,7.0925737159746784,23,31.7,52,1.2,2000,20.6,0.0,0.0,0.0,Summer,No Holiday,Yes
5808,31/07/2018,6.804614520062624,0,31.0,54,0.8,2000,20.5,0.0,0.0,0.0,Summer,No Holiday,Yes
5809,31/07/2018,6.54534966033442,1,30.2,57,0.7,2000,20.7,0.0,0.0,0.0,Summer,No Holiday,Yes
5810,31/07/2018,6.1675164908883415,2,29.8,57,0.8,2000,20.3,0.0,0.0,0.0,Summer,No Holiday,Yes
5811,31/07/2018,5.814130531825066,3,29.3,57,1.6,2000,19.8,0.0,0.0,0.0,Summer,No Holiday,Yes
5812,31/07/2018,5.501258210544727,4,28.8,58,0.9,2000,19.7,0.0,0.0,0.0,Summer,No Holiday,Yes
5813,31/07/2018,5.652489180268651,5,28.3,60,1.6,2000,19.7,0.0,0.0,0.0,Summer,No Holiday,Yes
5814,31/07/2018,6.371611847231857,6,27.9,63,0.5,2000,20.1,0.01,0.0,0.0,Summer,No Holiday,Yes
5815,31/07/2018,6.9957661563048505,7,27.9,60,1.1,1983,19.4,0.28,0.0,0.0,Summer,No Holiday,Yes
5816,31/07/2018,7.418180822726788,8,29.3,51,0.9,2000,18.1,1.02,0.0,0.0,Summer,No Holiday,Yes
5817,31/07/2018,6.7580945044277305,9,30.9,47,1.0,2000,18.2,1.62,0.0,0.0,Summer,No Holiday,Yes
5818,31/07/2018,6.368187186350492,10,32.7,43,1.2,2000,18.4,2.31,0.0,0.0,Summer,No Holiday,Yes
5819,31/07/2018,6.369900982828227,11,34.1,40,1.5,1947,18.5,2.8,0.0,0.0,Summer,No Holiday,Yes
5820,31/07/2018,6.440946540632921,12,35.2,39,1.2,2000,19.1,2.86,0.0,0.0,Summer,No Holiday,Yes
5821,31/07/2018,6.436150368369428,13,36.1,38,1.0,2000,19.5,3.12,0.0,0.0,Summer,No Holiday,Yes
5822,31/07/2018,6.363028103540465,14,36.4,35,1.3,1967,18.4,2.46,0.0,0.0,Summer,No Holiday,Yes
5823,31/07/2018,6.501289670540389,15,37.8,34,1.8,1965,19.2,2.81,0.0,0.0,Summer,No Holiday,Yes
5824,31/07/2018,6.638567789166521,16,37.0,38,1.2,2000,20.3,2.07,0.0,0.0,Summer,No Holiday,Yes
5825,31/07/2018,7.077498053569231,17,38.0,36,1.3,1989,20.3,2.03,0.0,0.0,Summer,No Holiday,Yes
5826,31/07/2018,7.646353722445999,18,36.2,45,2.0,2000,22.3,0.65,0.0,0.0,Summer,No Holiday,Yes
5827,31/07/2018,7.531552381407289,19,34.9,47,2.4,2000,21.9,0.42,0.0,0.0,Summer,No Holiday,Yes
5828,31/07/2018,7.480428306074208,20,33.5,50,2.1,2000,21.6,0.04,0.0,0.0,Summer,No Holiday,Yes
5829,31/07/2018,7.450079569807499,21,32.7,51,2.8,2000,21.2,0.0,0.0,0.0,Summer,No Holiday,Yes
5830,31/07/2018,7.3864708488298945,22,31.6,66,3.0,2000,24.4,0.0,0.0,0.0,Summer,No Holiday,Yes
5831,31/07/2018,7.001245622069476,23,31.0,65,0.5,2000,23.6,0.0,0.0,0.0,Summer,No Holiday,Yes
5832,01/08/2018,6.775366090936392,0,30.5,68,1.9,2000,23.9,0.0,0.0,0.0,Summer,No Holiday,Yes
5833,01/08/2018,6.586171654854675,1,29.9,70,1.0,2000,23.8,0.0,0.0,0.0,Summer,No Holiday,Yes
5834,01/08/2018,6.218600119691729,2,29.5,69,0.8,2000,23.2,0.0,0.0,0.0,Summer,No Holiday,Yes
5835,01/08/2018,5.8944028342648505,3,29.1,64,0.5,1997,21.5,0.0,0.0,0.0,Summer,No Holiday,Yes
5836,01/08/2018,5.5254529391317835,4,28.5,69,0.3,2000,22.2,0.0,0.0,0.0,Summer,No Holiday,Yes
5837,01/08/2018,5.755742213586912,5,28.3,68,0.3,2000,21.8,0.0,0.0,0.0,Summer,No Holiday,Yes
5838,01/08/2018,6.434546518787453,6,27.8,73,0.9,1971,22.5,0.01,0.0,0.0,Summer,No Holiday,Yes
5839,01/08/2018,6.967909201801884,7,28.2,68,0.5,1748,21.7,0.27,0.0,0.0,Summer,No Holiday,Yes
5840,01/08/2018,7.346655163176539,8,30.3,59,0.8,1920,21.3,1.02,0.0,0.0,Summer,No Holiday,Yes
5841,01/08/2018,6.74993119378857,9,32.4,53,0.7,1264,21.5,1.69,0.0,0.0,Summer,No Holiday,Yes
5842,01/08/2018,6.293419278846481,10,34.3,45,1.0,1919,20.6,2.31,0.0,0.0,Summer,No Holiday,Yes
5843,01/08/2018,6.257667587882639,11,35.8,41,1.6,1795,20.4,2.77,0.0,0.0,Summer,No Holiday,Yes
5844,01/08/2018,6.345636360828596,12,36.8,39,1.3,1944,20.5,2.8,0.0,0.0,Summer,No Holiday,Yes
5845,01/08/2018,6.280395838960195,13,37.9,38,2.3,1868,21.1,3.05,0.0,0.0,Summer,No Holiday,Yes
5846,01/08/2018,6.16541785423142,14,38.7,38,2.4,1943,21.8,3.12,0.0,0.0,Summer,No Holiday,Yes
5847,01/08/2018,6.2766434893416445,15,39.3,37,2.3,1892,21.9,2.82,0.0,0.0,Summer,No Holiday,Yes
5848,01/08/2018,6.331501849893691,16,39.4,39,2.5,1897,22.8,2.42,0.0,0.0,Summer,No Holiday,Yes
5849,01/08/2018,6.9411900550683745,17,39.0,41,2.6,1881,23.3,1.83,0.0,0.0,Summer,No Holiday,Yes
5850,01/08/2018,7.5652752818989315,18,37.8,47,3.8,1931,24.5,1.09,0.0,0.0,Summer,No Holiday,Yes
5851,01/08/2018,7.348587530927593,19,36.1,56,3.7,1837,25.9,0.47,0.0,0.0,Summer,No Holiday,Yes
5852,01/08/2018,7.273786317844895,20,34.5,62,2.8,1701,26.1,0.02,0.0,0.0,Summer,No Holiday,Yes
5853,01/08/2018,7.313886831633462,21,33.3,64,3.0,1680,25.5,0.0,0.0,0.0,Summer,No Holiday,Yes
5854,01/08/2018,7.221105098182496,22,32.6,64,2.4,1703,24.8,0.0,0.0,0.0,Summer,No Holiday,Yes
5855,01/08/2018,6.953684210870537,23,32.3,67,1.0,1592,25.3,0.0,0.0,0.0,Summer,No Holiday,Yes
5856,02/08/2018,6.7464121285733745,0,31.9,67,1.5,1550,25.0,0.0,0.0,0.0,Summer,No Holiday,Yes
5857,02/08/2018,6.473890696352274,1,31.5,69,1.5,1512,25.1,0.0,0.0,0.0,Summer,No Holiday,Yes
5858,02/08/2018,6.131226489483141,2,31.5,68,0.0,1504,24.8,0.0,0.0,0.0,Summer,No Holiday,Yes
5859,02/08/2018,5.69035945432406,3,31.1,70,0.4,1449,24.9,0.0,0.0,0.0,Summer,No Holiday,Yes
5860,02/08/2018,5.375278407684165,4,31.1,54,1.9,2000,20.6,0.0,0.0,0.0,Summer,No Holiday,Yes
5861,02/08/2018,5.583496308781699,5,30.7,57,0.9,2000,21.1,0.0,0.0,0.0,Summer,No Holiday,Yes
5862,02/08/2018,6.361302477572996,6,30.4,54,1.3,2000,20.0,0.01,0.0,0.0,Summer,No Holiday,Yes
5863,02/08/2018,6.914730892718563,7,30.5,53,1.1,2000,19.8,0.22,0.0,0.0,Summer,No Holiday,Yes
5864,02/08/2018,7.365180126021013,8,31.6,50,1.1,1943,19.9,0.76,0.0,0.0,Summer,No Holiday,Yes
5865,02/08/2018,6.70196036600254,9,32.9,49,1.8,1843,20.7,1.53,0.0,0.0,Summer,No Holiday,Yes
5866,02/08/2018,6.309918278226516,10,34.4,46,2.0,1880,21.1,1.94,0.0,0.0,Summer,No Holiday,Yes
5867,02/08/2018,6.306275286948016,11,35.3,45,1.7,1829,21.5,2.27,0.0,0.0,Summer,No Holiday,Yes
5868,02/08/2018,6.333279628139691,12,36.6,41,2.0,1866,21.2,2.58,0.0,0.0,Summer,No Holiday,Yes
5869,02/08/2018,6.311734809152915,13,36.7,44,1.4,1765,22.4,1.9,0.0,0.0,Summer,No Holiday,Yes
5870,02/08/2018,6.284134161070802,14,37.3,40,1.8,1666,21.4,1.52,0.0,0.0,Summer,No Holiday,Yes
5871,02/08/2018,6.406879986069314,15,36.6,44,1.5,1771,22.3,1.13,0.0,0.0,Summer,No Holiday,Yes
5872,02/08/2018,6.517671272912275,16,37.9,39,1.6,1757,21.5,1.76,0.0,0.0,Summer,No Holiday,Yes
5873,02/08/2018,6.9726062513017535,17,37.4,44,2.3,1829,23.0,1.49,0.0,0.0,Summer,No Holiday,Yes
5874,02/08/2018,7.540090320145325,18,36.7,47,2.5,1803,23.5,0.99,0.0,0.0,Summer,No Holiday,Yes
5875,02/08/2018,7.381501894506707,19,35.2,52,2.3,1754,23.8,0.44,0.0,0.0,Summer,No Holiday,Yes
5876,02/08/2018,7.300472814267799,20,33.9,58,2.4,1519,24.4,0.04,0.0,0.0,Summer,No Holiday,Yes
5877,02/08/2018,7.336936913707618,21,33.3,63,1.2,1304,25.2,0.0,0.0,0.0,Summer,No Holiday,Yes
5878,02/08/2018,7.226936018493289,22,32.9,64,1.0,1088,25.1,0.0,0.0,0.0,Summer,No Holiday,Yes
5879,02/08/2018,6.928537818164665,23,32.4,64,1.7,1153,24.7,0.0,0.0,0.0,Summer,No Holiday,Yes
5880,03/08/2018,6.638567789166521,0,32.1,67,1.1,1077,25.1,0.0,0.0,0.0,Summer,No Holiday,Yes
5881,03/08/2018,6.516193076042964,1,31.7,68,0.3,1103,25.0,0.0,0.0,0.0,Summer,No Holiday,Yes
5882,03/08/2018,6.095824562432225,2,31.5,68,0.3,1001,24.8,0.0,0.0,0.0,Summer,No Holiday,Yes
5883,03/08/2018,5.793013608384144,3,31.2,68,1.4,968,24.5,0.0,0.0,0.0,Summer,No Holiday,Yes
5884,03/08/2018,5.4680601411351315,4,31.0,73,0.5,990,25.5,0.0,0.0,0.0,Summer,No Holiday,Yes
5885,03/08/2018,5.58724865840025,5,30.5,72,0.5,1084,24.8,0.0,0.0,0.0,Summer,No Holiday,Yes
5886,03/08/2018,6.300785794663244,6,30.5,62,1.3,1583,22.3,0.01,0.0,0.0,Summer,No Holiday,Yes
5887,03/08/2018,6.843749949006225,7,30.8,58,1.6,1777,21.5,0.22,0.0,0.0,Summer,No Holiday,Yes
5888,03/08/2018,7.294377299288821,8,31.8,55,1.3,1537,21.6,0.78,0.0,0.0,Summer,No Holiday,Yes
5889,03/08/2018,6.665683717782408,9,33.0,50,1.7,1722,21.1,1.49,0.0,0.0,Summer,No Holiday,Yes
5890,03/08/2018,6.274762021241939,10,34.3,48,2.5,1822,21.7,2.12,0.0,0.0,Summer,No Holiday,Yes
5891,03/08/2018,6.3561076606958915,11,35.7,42,1.6,1727,20.7,2.56,0.0,0.0,Summer,No Holiday,Yes
5892,03/08/2018,6.373319789577012,12,36.8,41,2.1,1759,21.3,2.53,0.0,0.0,Summer,No Holiday,Yes
5893,03/08/2018,6.373319789577012,13,36.8,44,1.8,1625,22.5,1.79,0.0,0.0,Summer,No Holiday,Yes
5894,03/08/2018,6.3561076606958915,14,37.4,40,2.8,1519,21.5,2.03,0.0,0.0,Summer,No Holiday,Yes
5895,03/08/2018,6.398594934535208,15,37.4,44,3.2,1499,23.0,2.71,0.0,0.0,Summer,No Holiday,Yes
5896,03/08/2018,6.638567789166521,16,36.7,44,3.5,1666,22.4,2.16,0.0,0.0,Summer,No Holiday,Yes
5897,03/08/2018,7.00850518208228,17,35.8,49,3.9,1633,23.4,1.52,0.0,0.0,Summer,No Holiday,Yes
5898,03/08/2018,7.560601162768557,18,34.4,53,3.3,1650,23.4,0.8,0.0,0.0,Summer,No Holiday,Yes
5899,03/08/2018,7.351799869057777,19,33.5,54,2.7,1871,22.9,0.35,0.0,0.0,Summer,No Holiday,Yes
5900,03/08/2018,7.325148957955575,20,32.2,58,1.9,1673,22.8,0.02,0.0,0.0,Summer,No Holiday,Yes
5901,03/08/2018,7.321188556739478,21,31.2,63,1.7,1537,23.3,0.0,0.0,0.0,Summer,No Holiday,Yes
5902,03/08/2018,7.259819610363186,22,30.6,64,1.2,1705,23.0,0.0,0.0,0.0,Summer,No Holiday,Yes
5903,03/08/2018,7.00669522683704,23,30.2,62,0.8,1708,22.1,0.0,0.0,0.0,Summer,No Holiday,Yes
5904,04/08/2018,6.860663671448287,0,30.0,61,1.7,1794,21.6,0.0,0.0,0.0,Summer,No Holiday,Yes
5905,04/08/2018,6.771935555839602,1,29.9,61,1.1,1745,21.5,0.0,0.0,0.0,Summer,No Holiday,Yes
5906,04/08/2018,6.38856140554563,2,29.9,59,1.9,1902,21.0,0.0,0.0,0.0,Summer,No Holiday,Yes
5907,04/08/2018,6.077642243349034,3,29.7,57,1.5,1964,20.2,0.0,0.0,0.0,Summer,No Holiday,Yes
5908,04/08/2018,5.720311776607412,4,29.5,60,1.2,1774,20.9,0.0,0.0,0.0,Summer,No Holiday,Yes
5909,04/08/2018,5.459585514144159,5,29.2,62,2.1,1835,21.1,0.0,0.0,0.0,Summer,No Holiday,Yes
5910,04/08/2018,5.66988092298052,6,29.1,63,1.6,1818,21.3,0.0,0.0,0.0,Summer,No Holiday,Yes
5911,04/08/2018,6.0063531596017325,7,29.4,62,1.9,1758,21.3,0.24,0.0,0.0,Summer,No Holiday,Yes
5912,04/08/2018,6.343880434126331,8,30.2,61,1.8,1562,21.8,0.65,0.0,0.0,Summer,No Holiday,Yes
5913,04/08/2018,6.395261598115449,9,31.3,58,1.9,1598,22.0,1.24,0.0,0.0,Summer,No Holiday,Yes
5914,04/08/2018,6.345636360828596,10,32.3,56,1.7,1625,22.3,1.61,0.0,0.0,Summer,No Holiday,Yes
5915,04/08/2018,6.486160788944089,11,33.4,52,2.8,1462,22.1,2.19,0.0,0.0,Summer,No Holiday,Yes
5916,04/08/2018,6.46302945692067,12,33.2,52,2.5,1514,22.0,1.59,0.0,0.0,Summer,No Holiday,Yes
5917,04/08/2018,6.556778356158042,13,33.6,54,3.7,1754,23.0,2.56,0.0,0.0,Summer,No Holiday,Yes
5918,04/08/2018,6.517671272912275,14,33.1,54,4.2,1879,22.5,2.09,0.0,0.0,Summer,No Holiday,Yes
5919,04/08/2018,6.53813982376767,15,34.7,48,3.6,1973,22.0,2.47,0.0,0.0,Summer,No Holiday,Yes
5920,04/08/2018,6.55250788703459,16,34.5,49,4.0,1925,22.2,2.35,0.0,0.0,Summer,No Holiday,Yes
5921,04/08/2018,6.804614520062624,17,34.3,48,3.4,2000,21.7,1.82,0.0,0.0,Summer,No Holiday,Yes
5922,04/08/2018,6.951772164398911,18,33.2,52,3.7,1986,22.0,1.14,0.0,0.0,Summer,No Holiday,Yes
5923,04/08/2018,7.15305163493748,19,32.0,57,2.9,2000,22.4,0.48,0.0,0.0,Summer,No Holiday,Yes
5924,04/08/2018,7.23561914106675,20,30.2,66,2.8,2000,23.1,0.02,0.0,0.0,Summer,No Holiday,Yes
5925,04/08/2018,7.228388451573604,21,29.2,73,1.9,1933,23.8,0.0,0.0,0.0,Summer,No Holiday,Yes
5926,04/08/2018,7.198931240688173,22,28.6,74,2.5,1804,23.5,0.0,0.0,0.0,Summer,No Holiday,Yes
5927,04/08/2018,7.052721049232323,23,28.2,78,2.5,1678,23.9,0.0,0.0,0.0,Summer,No Holiday,Yes
5928,05/08/2018,6.891625897052253,0,28.0,82,1.4,1221,24.6,0.0,0.0,0.0,Summer,No Holiday,Yes
5929,05/08/2018,6.63200177739563,1,27.7,83,2.7,1128,24.5,0.0,0.0,0.0,Summer,No Holiday,Yes
5930,05/08/2018,6.234410725718371,2,27.5,83,2.7,1118,24.3,0.0,0.0,0.0,Summer,No Holiday,Yes
5931,05/08/2018,5.996452088619021,3,27.3,84,1.7,1089,24.3,0.0,0.0,0.0,Summer,No Holiday,Yes
5932,05/08/2018,5.537334267018537,4,27.3,83,2.2,1054,24.1,0.0,0.0,0.0,Summer,No Holiday,Yes
5933,05/08/2018,5.241747015059643,5,27.3,84,0.8,1067,24.3,0.0,0.0,0.0,Summer,No Holiday,Yes
5934,05/08/2018,5.407171771460119,6,27.3,83,1.4,1080,24.1,0.0,0.0,0.0,Summer,No Holiday,Yes
5935,05/08/2018,5.4116460518550396,7,27.5,86,1.8,485,24.9,0.03,0.4,0.0,Summer,No Holiday,Yes
5936,05/08/2018,5.736572297479192,8,27.5,95,0.7,404,26.6,0.14,1.6,0.0,Summer,No Holiday,Yes
5937,05/08/2018,6.0473721790462776,9,29.1,76,2.2,1041,24.4,1.38,0.0,0.0,Summer,No Holiday,Yes
5938,05/08/2018,6.135564891081739,10,29.5,78,2.0,1091,25.2,1.28,0.0,0.0,Summer,No Holiday,Yes
5939,05/08/2018,6.214608098422191,11,31.2,63,2.6,1695,23.3,1.99,0.0,0.0,Summer,No Holiday,Yes
5940,05/08/2018,6.338594078203183,12,32.5,59,3.4,1780,23.4,2.33,0.0,0.0,Summer,No Holiday,Yes
5941,05/08/2018,6.398594934535208,13,33.0,56,3.5,1857,23.0,2.68,0.0,0.0,Summer,No Holiday,Yes
5942,05/08/2018,6.461468176353717,14,33.3,55,4.7,1921,23.0,3.05,0.0,0.0,Summer,No Holiday,Yes
5943,05/08/2018,6.569481420414296,15,33.7,55,3.7,1843,23.3,2.67,0.0,0.0,Summer,No Holiday,Yes
5944,05/08/2018,6.70808408385307,16,33.6,57,3.5,1901,23.8,2.19,0.0,0.0,Summer,No Holiday,Yes
5945,05/08/2018,6.88653164253051,17,32.8,61,4.0,1878,24.2,1.46,0.0,0.0,Summer,No Holiday,Yes
5946,05/08/2018,7.129297548929373,18,31.8,63,4.0,1849,23.8,0.81,0.0,0.0,Summer,No Holiday,Yes
5947,05/08/2018,7.252762418053187,19,30.9,68,3.3,1821,24.2,0.52,0.0,0.0,Summer,No Holiday,Yes
5948,05/08/2018,7.329749689041512,20,30.0,72,3.5,1765,24.3,0.09,0.0,0.0,Summer,No Holiday,Yes
5949,05/08/2018,7.290292882446597,21,29.3,75,3.6,1674,24.4,0.0,0.0,0.0,Summer,No Holiday,Yes
5950,05/08/2018,7.160069207596127,22,29.1,77,3.0,1559,24.6,0.0,0.0,0.0,Summer,No Holiday,Yes
5951,05/08/2018,6.849066282633458,23,28.8,79,1.3,1484,24.7,0.0,0.0,0.0,Summer,No Holiday,Yes
5952,06/08/2018,6.56244409369372,0,28.7,79,2.2,1473,24.6,0.0,0.0,0.0,Summer,No Holiday,Yes
5953,06/08/2018,6.1224928095143865,1,28.7,80,1.5,1295,24.8,0.0,0.0,0.0,Summer,No Holiday,Yes
5954,06/08/2018,5.736572297479192,2,28.6,80,1.2,1163,24.8,0.0,0.0,0.0,Summer,No Holiday,Yes
5955,06/08/2018,5.393627546352362,3,28.6,81,1.1,1105,25.0,0.0,0.0,0.0,Summer,No Holiday,Yes
5956,06/08/2018,5.093750200806762,4,28.4,82,0.5,1144,25.0,0.0,0.0,0.0,Summer,No Holiday,Yes
5957,06/08/2018,5.556828061699537,5,28.3,83,1.7,969,25.1,0.0,0.0,0.0,Summer,No Holiday,Yes
5958,06/08/2018,6.304448802421981,6,28.3,83,1.1,900,25.1,0.0,0.0,0.0,Summer,No Holiday,Yes
5959,06/08/2018,6.551080335043404,7,28.5,82,0.8,914,25.1,0.09,0.0,0.0,Summer,No Holiday,Yes
5960,06/08/2018,6.682108597449809,8,28.7,86,1.4,532,26.1,0.32,0.5,0.0,Summer,No Holiday,Yes
5961,06/08/2018,6.421622267806518,9,28.4,87,1.7,1313,26.0,0.56,4.0,0.0,Summer,No Holiday,Yes
5962,06/08/2018,6.280395838960195,10,29.8,76,1.4,850,25.1,1.52,0.0,0.0,Summer,No Holiday,Yes
5963,06/08/2018,6.345636360828596,11,31.3,70,1.0,1227,25.1,1.89,0.0,0.0,Summer,No Holiday,Yes
5964,06/08/2018,6.419994928147142,12,33.2,59,2.6,1289,24.0,2.37,0.0,0.0,Summer,No Holiday,Yes
5965,06/08/2018,6.502790045915623,13,34.3,54,2.2,1540,23.6,2.93,0.0,0.0,Summer,No Holiday,Yes
5966,06/08/2018,6.349138991379798,14,34.0,59,3.2,1180,24.8,1.98,0.0,0.0,Summer,No Holiday,Yes
5967,06/08/2018,6.472346294500901,15,33.6,58,3.6,1448,24.1,1.98,0.0,0.0,Summer,No Holiday,Yes
5968,06/08/2018,6.6240652277998935,16,34.6,55,2.5,1650,24.2,2.01,0.0,0.0,Summer,No Holiday,Yes
5969,06/08/2018,6.96979066990159,17,35.0,53,1.5,1618,23.9,1.78,0.0,0.0,Summer,No Holiday,Yes
5970,06/08/2018,7.579167967396076,18,32.8,63,1.3,1799,24.8,0.31,0.0,0.0,Summer,No Holiday,Yes
5971,06/08/2018,7.3453648404168685,19,32.2,65,0.8,1894,24.7,0.1,0.0,0.0,Summer,No Holiday,Yes
5972,06/08/2018,7.338238150065589,20,31.3,65,2.0,1586,23.9,0.02,0.0,0.0,Summer,No Holiday,Yes
5973,06/08/2018,7.385230923066573,21,30.6,70,1.6,1542,24.4,0.0,0.0,0.0,Summer,No Holiday,Yes
5974,06/08/2018,7.22402480828583,22,30.1,72,0.4,1806,24.4,0.0,0.0,0.0,Summer,No Holiday,Yes
5975,06/08/2018,6.877296071497429,23,29.4,79,1.2,777,25.3,0.0,2.0,0.0,Summer,No Holiday,Yes
5976,07/08/2018,6.736966958001855,0,28.8,72,0.8,2000,23.2,0.0,0.0,0.0,Summer,No Holiday,Yes
5977,07/08/2018,6.429719478039138,1,28.2,68,0.9,2000,21.7,0.0,0.0,0.0,Summer,No Holiday,Yes
5978,07/08/2018,6.095824562432225,2,27.9,68,0.9,2000,21.4,0.0,0.0,0.0,Summer,No Holiday,Yes
5979,07/08/2018,5.631211781821365,3,27.6,69,0.9,2000,21.3,0.0,0.0,0.0,Summer,No Holiday,Yes
5980,07/08/2018,5.308267697401205,4,27.3,68,0.7,2000,20.8,0.0,0.0,0.0,Summer,No Holiday,Yes
5981,07/08/2018,5.6131281063880705,5,27.1,69,0.9,2000,20.9,0.0,0.0,0.0,Summer,No Holiday,Yes
5982,07/08/2018,6.453624998892692,6,26.8,70,0.7,2000,20.8,0.0,0.0,0.0,Summer,No Holiday,Yes
5983,07/08/2018,6.966024187106113,7,27.0,69,0.8,2000,20.8,0.23,0.0,0.0,Summer,No Holiday,Yes
5984,07/08/2018,7.4360278163518485,8,28.5,64,2.0,2000,21.0,0.89,0.0,0.0,Summer,No Holiday,Yes
5985,07/08/2018,6.8690144506657065,9,29.3,66,1.1,2000,22.2,1.07,0.0,0.0,Summer,No Holiday,Yes
5986,07/08/2018,6.455198563340122,10,30.1,65,1.2,2000,22.7,1.11,0.0,0.0,Summer,No Holiday,Yes
5987,07/08/2018,6.489204931325317,11,31.4,59,0.8,2000,22.4,1.3,0.0,0.0,Summer,No Holiday,Yes
5988,07/08/2018,6.647688373563329,12,31.9,57,0.9,1981,22.3,1.28,0.0,0.0,Summer,No Holiday,Yes
5989,07/08/2018,6.4967749901858625,13,33.0,55,1.0,1967,22.7,1.49,0.0,0.0,Summer,No Holiday,Yes
5990,07/08/2018,6.490723534502507,14,34.0,50,1.2,1744,22.1,1.68,0.0,0.0,Summer,No Holiday,Yes
5991,07/08/2018,6.54965074223381,15,34.3,49,1.0,1633,22.0,1.62,0.0,0.0,Summer,No Holiday,Yes
5992,07/08/2018,6.752270376141742,16,35.4,45,2.6,1529,21.6,1.84,0.0,0.0,Summer,No Holiday,Yes
5993,07/08/2018,7.117205503164344,17,35.6,44,2.4,1860,21.4,1.69,0.0,0.0,Summer,No Holiday,Yes
5994,07/08/2018,7.729735331385051,18,34.6,50,3.1,1821,22.6,1.0,0.0,0.0,Summer,No Holiday,Yes
5995,07/08/2018,7.549082710812286,19,32.9,56,2.6,1944,22.9,0.4,0.0,0.0,Summer,No Holiday,Yes
5996,07/08/2018,7.515889085215125,20,31.1,64,2.7,1770,23.4,0.02,0.0,0.0,Summer,No Holiday,Yes
5997,07/08/2018,7.510430556378006,21,30.3,69,2.2,1834,23.9,0.0,0.0,0.0,Summer,No Holiday,Yes
5998,07/08/2018,7.417580402414544,22,29.8,75,1.4,1609,24.8,0.0,0.0,0.0,Summer,No Holiday,Yes
5999,07/08/2018,7.036148493750536,23,29.5,78,1.4,1469,25.2,0.0,0.0,0.0,Summer,No Holiday,Yes
6000,08/08/2018,6.74993119378857,0,29.1,77,2.1,1465,24.6,0.0,0.0,0.0,Summer,No Holiday,Yes
6001,08/08/2018,6.55250788703459,1,28.5,80,1.5,1306,24.7,0.0,0.0,0.0,Summer,No Holiday,Yes
6002,08/08/2018,6.194405391104672,2,28.3,84,2.1,1099,25.3,0.0,0.0,0.0,Summer,No Holiday,Yes
6003,08/08/2018,5.777652323222656,3,28.3,84,0.5,1006,25.3,0.0,0.0,0.0,Summer,No Holiday,Yes
6004,08/08/2018,5.214935757608986,4,28.0,85,1.0,1079,25.2,0.0,0.0,0.0,Summer,No Holiday,Yes
6005,08/08/2018,5.564520407322694,5,27.9,84,0.0,1172,24.9,0.0,0.0,0.0,Summer,No Holiday,Yes
6006,08/08/2018,6.421622267806518,6,27.6,84,1.2,1123,24.6,0.01,0.0,0.0,Summer,No Holiday,Yes
6007,08/08/2018,6.984716320118266,7,28.2,82,1.5,985,24.8,0.19,0.0,0.0,Summer,No Holiday,Yes
6008,08/08/2018,7.434847875211999,8,28.6,80,1.6,708,24.8,0.49,0.0,0.0,Summer,No Holiday,Yes
6009,08/08/2018,6.825460036255307,9,30.2,66,1.4,1131,23.1,1.48,0.0,0.0,Summer,No Holiday,Yes
6010,08/08/2018,6.489204931325317,10,31.6,58,2.3,1528,22.3,2.02,0.0,0.0,Summer,No Holiday,Yes
6011,08/08/2018,6.437751649736401,11,32.7,55,2.7,1836,22.4,2.44,0.0,0.0,Summer,No Holiday,Yes
6012,08/08/2018,6.4457198193855785,12,34.1,46,1.6,1885,20.8,2.72,0.0,0.0,Summer,No Holiday,Yes
6013,08/08/2018,6.513230110912307,13,34.4,48,2.1,1921,21.7,2.37,0.0,0.0,Summer,No Holiday,Yes
6014,08/08/2018,6.508769136971682,14,33.6,50,3.5,1993,21.7,1.15,0.0,0.0,Summer,No Holiday,Yes
6015,08/08/2018,6.5337888379333435,15,34.5,47,3.2,1958,21.5,2.32,0.0,0.0,Summer,No Holiday,Yes
6016,08/08/2018,6.733401891837359,16,35.1,40,2.6,1989,19.4,2.29,0.0,0.0,Summer,No Holiday,Yes
6017,08/08/2018,7.144407180321139,17,35.0,37,2.6,2000,18.1,1.72,0.0,0.0,Summer,No Holiday,Yes
6018,08/08/2018,7.752335163302292,18,34.5,45,2.0,2000,20.8,1.0,0.0,0.0,Summer,No Holiday,Yes
6019,08/08/2018,7.592870287844818,19,32.6,60,3.5,1982,23.8,0.37,0.0,0.0,Summer,No Holiday,Yes
6020,08/08/2018,7.508238774678663,20,31.0,66,2.9,1857,23.8,0.02,0.0,0.0,Summer,No Holiday,Yes
6021,08/08/2018,7.486613313139955,21,29.7,71,3.2,1934,23.8,0.0,0.0,0.0,Summer,No Holiday,Yes
6022,08/08/2018,7.395721608602045,22,29.5,73,0.9,1936,24.1,0.0,0.0,0.0,Summer,No Holiday,Yes
6023,08/08/2018,7.074116816197362,23,29.1,77,0.4,1552,24.6,0.0,0.0,0.0,Summer,No Holiday,Yes
6024,09/08/2018,6.835184586147301,0,28.9,75,1.6,1946,24.0,0.0,0.0,0.0,Summer,No Holiday,Yes
6025,09/08/2018,6.598509028614515,1,28.8,75,2.1,1975,23.9,0.0,0.0,0.0,Summer,No Holiday,Yes
6026,09/08/2018,6.1463292576688975,2,28.5,79,1.2,1546,24.4,0.0,0.0,0.0,Summer,No Holiday,Yes
6027,09/08/2018,5.814130531825066,3,28.3,80,1.4,1617,24.5,0.0,0.0,0.0,Summer,No Holiday,Yes
6028,09/08/2018,5.247024072160486,4,28.1,81,1.5,1729,24.5,0.0,0.0,0.0,Summer,No Holiday,Yes
6029,09/08/2018,5.680172609017068,5,27.8,82,1.0,1599,24.4,0.0,0.0,0.0,Summer,No Holiday,Yes
6030,09/08/2018,6.429719478039138,6,27.7,84,1.4,1436,24.7,0.0,0.0,0.0,Summer,No Holiday,Yes
6031,09/08/2018,6.9930151229329605,7,27.9,81,1.8,1497,24.3,0.12,0.0,0.0,Summer,No Holiday,Yes
6032,09/08/2018,7.4570320891223805,8,28.6,75,1.2,1588,23.7,0.56,0.0,0.0,Summer,No Holiday,Yes
6033,09/08/2018,6.885509670034818,9,29.4,64,2.3,1926,21.8,0.9,0.0,0.0,Summer,No Holiday,Yes
6034,09/08/2018,6.476972362889683,10,30.4,63,1.8,1883,22.5,1.32,0.0,0.0,Summer,No Holiday,Yes
6035,09/08/2018,6.492239835020471,11,30.8,63,2.4,1919,22.9,0.94,0.0,0.0,Summer,No Holiday,Yes
6036,09/08/2018,6.184148890937483,12,31.1,63,3.0,1795,23.2,1.14,0.0,0.0,Summer,No Holiday,Yes
6037,09/08/2018,6.444131256700441,13,29.7,80,1.7,1312,25.8,0.73,0.4,0.0,Summer,No Holiday,Yes
6038,09/08/2018,6.331501849893691,14,30.8,69,1.8,1218,24.4,1.58,0.0,0.0,Summer,No Holiday,Yes
6039,09/08/2018,6.4692503167957724,15,31.2,67,2.7,1368,24.3,1.39,0.0,0.0,Summer,No Holiday,Yes
6040,09/08/2018,6.327936783729195,16,31.6,73,3.0,1133,26.1,1.57,0.0,0.0,Summer,No Holiday,Yes
6041,09/08/2018,6.608000625296087,17,28.8,83,4.0,969,25.6,0.39,1.1,0.0,Summer,No Holiday,Yes
6042,09/08/2018,7.523481312573497,18,28.1,86,2.3,1244,25.5,0.28,0.5,0.0,Summer,No Holiday,Yes
6043,09/08/2018,7.4377951216719325,19,28.2,82,0.4,1832,24.8,0.16,0.0,0.0,Summer,No Holiday,Yes
6044,09/08/2018,7.3727463664043285,20,27.9,78,0.6,1989,23.7,0.03,0.0,0.0,Summer,No Holiday,Yes
6045,09/08/2018,7.411556287811163,21,27.8,82,0.3,1397,24.4,0.0,0.0,0.0,Summer,No Holiday,Yes
6046,09/08/2018,7.3098814858247865,22,27.5,82,0.4,1228,24.1,0.0,0.0,0.0,Summer,No Holiday,Yes
6047,09/08/2018,6.98100574072173,23,27.3,81,0.0,1287,23.7,0.0,0.0,0.0,Summer,No Holiday,Yes
6048,10/08/2018,6.806829360392176,0,27.1,84,0.2,1161,24.1,0.0,0.0,0.0,Summer,No Holiday,Yes
6049,10/08/2018,6.5638555265321274,1,26.9,84,0.2,1061,23.9,0.0,0.0,0.0,Summer,No Holiday,Yes
6050,10/08/2018,6.184148890937483,2,26.9,84,0.8,1007,23.9,0.0,0.0,0.0,Summer,No Holiday,Yes
6051,10/08/2018,5.849324779946859,3,26.7,84,0.4,994,23.7,0.0,0.0,0.0,Summer,No Holiday,Yes
6052,10/08/2018,5.3706380281276624,4,26.3,85,0.4,1216,23.5,0.0,0.0,0.0,Summer,No Holiday,Yes
6053,10/08/2018,5.648974238161206,5,26.1,83,0.3,1617,22.9,0.0,0.0,0.0,Summer,No Holiday,Yes
6054,10/08/2018,6.470799503782602,6,25.7,83,0.6,1483,22.5,0.0,0.0,0.0,Summer,No Holiday,Yes
6055,10/08/2018,6.93537044601511,7,26.0,78,0.7,1988,21.8,0.16,0.0,0.0,Summer,No Holiday,Yes
6056,10/08/2018,7.455298485683291,8,27.2,69,1.8,1999,21.0,0.7,0.0,0.0,Summer,No Holiday,Yes
6057,10/08/2018,6.794586580876499,9,29.0,64,0.8,1987,21.4,1.45,0.0,0.0,Summer,No Holiday,Yes
6058,10/08/2018,6.52795791762255,10,30.5,58,0.6,1875,21.2,1.84,0.0,0.0,Summer,No Holiday,Yes
6059,10/08/2018,6.548219102762372,11,31.9,53,1.2,2000,21.1,2.33,0.0,0.0,Summer,No Holiday,Yes
6060,10/08/2018,6.582025138892826,12,33.4,47,1.3,2000,20.5,2.51,0.0,0.0,Summer,No Holiday,Yes
6061,10/08/2018,6.546785410760524,13,34.2,41,1.7,2000,19.0,2.31,0.0,0.0,Summer,No Holiday,Yes
6062,10/08/2018,6.490723534502507,14,35.1,44,1.6,2000,21.0,2.25,0.0,0.0,Summer,No Holiday,Yes
6063,10/08/2018,6.587550014824796,15,34.8,47,2.4,2000,21.8,2.21,0.0,0.0,Summer,No Holiday,Yes
6064,10/08/2018,6.74993119378857,16,36.4,40,3.2,2000,20.6,2.59,0.0,0.0,Summer,No Holiday,Yes
6065,10/08/2018,7.165493475060845,17,36.3,40,2.7,2000,20.5,1.93,0.0,0.0,Summer,No Holiday,Yes
6066,10/08/2018,7.736307096548285,18,35.2,44,2.6,2000,21.1,1.23,0.0,0.0,Summer,No Holiday,Yes
6067,10/08/2018,7.55171221535131,19,33.4,49,2.6,2000,21.2,0.32,0.0,0.0,Summer,No Holiday,Yes
6068,10/08/2018,7.440146680662688,20,32.2,52,2.3,2000,21.0,0.02,0.0,0.0,Summer,No Holiday,Yes
6069,10/08/2018,7.403670290012373,21,31.3,55,0.9,2000,21.1,0.0,0.0,0.0,Summer,No Holiday,Yes
6070,10/08/2018,7.3427791893318455,22,30.9,54,0.8,2000,20.5,0.0,0.0,0.0,Summer,No Holiday,Yes
6071,10/08/2018,7.089243155027514,23,30.4,58,1.4,2000,21.2,0.0,0.0,0.0,Summer,No Holiday,Yes
6072,11/08/2018,6.930494765951626,0,29.8,63,2.0,2000,21.9,0.0,0.0,0.0,Summer,No Holiday,Yes
6073,11/08/2018,6.782192056006791,1,29.0,67,1.1,2000,22.2,0.0,0.0,0.0,Summer,No Holiday,Yes
6074,11/08/2018,6.539585955617669,2,28.5,68,1.1,1839,22.0,0.0,0.0,0.0,Summer,No Holiday,Yes
6075,11/08/2018,6.091309882077698,3,27.9,69,0.8,2000,21.6,0.0,0.0,0.0,Summer,No Holiday,Yes
6076,11/08/2018,5.58724865840025,4,27.4,69,1.0,2000,21.2,0.0,0.0,0.0,Summer,No Holiday,Yes
6077,11/08/2018,5.575949103146316,5,26.9,69,0.7,2000,20.7,0.0,0.0,0.0,Summer,No Holiday,Yes
6078,11/08/2018,5.87493073085203,6,26.5,69,0.8,2000,20.3,0.0,0.0,0.0,Summer,No Holiday,Yes
6079,11/08/2018,6.054439346269371,7,26.7,67,0.8,2000,20.0,0.13,0.0,0.0,Summer,No Holiday,Yes
6080,11/08/2018,6.473890696352274,8,28.0,60,1.0,2000,19.5,0.91,0.0,0.0,Summer,No Holiday,Yes
6081,11/08/2018,6.511745329644728,9,29.7,58,1.3,1955,20.5,1.68,0.0,0.0,Summer,No Holiday,Yes
6082,11/08/2018,6.467698726104354,10,31.3,53,1.8,2000,20.5,2.34,0.0,0.0,Summer,No Holiday,Yes
6083,11/08/2018,6.642486801367256,11,31.5,54,2.5,1918,21.0,1.78,0.0,0.0,Summer,No Holiday,Yes
6084,11/08/2018,6.633318433280377,12,33.2,50,2.3,2000,21.3,2.84,0.0,0.0,Summer,No Holiday,Yes
6085,11/08/2018,6.7226297948554485,13,34.1,45,1.5,1993,20.4,2.57,0.0,0.0,Summer,No Holiday,Yes
6086,11/08/2018,6.598509028614515,14,34.5,43,2.6,2000,20.0,2.37,0.0,0.0,Summer,No Holiday,Yes
6087,11/08/2018,6.543911845564792,15,35.0,41,1.5,2000,19.7,2.4,0.0,0.0,Summer,No Holiday,Yes
6088,11/08/2018,6.717804695023691,16,35.6,39,2.7,2000,19.5,1.81,0.0,0.0,Summer,No Holiday,Yes
6089,11/08/2018,6.914730892718563,17,35.8,36,2.2,2000,18.3,1.58,0.0,0.0,Summer,No Holiday,Yes
6090,11/08/2018,7.150701457592526,18,34.4,40,1.8,2000,18.8,0.65,0.0,0.0,Summer,No Holiday,Yes
6091,11/08/2018,7.301822342137932,19,33.8,44,2.2,2000,19.8,0.3,0.0,0.0,Summer,No Holiday,Yes
6092,11/08/2018,7.293017679772782,20,32.8,47,1.9,2000,19.9,0.01,0.0,0.0,Summer,No Holiday,Yes
6093,11/08/2018,7.271008538280992,21,31.6,63,1.2,1980,23.6,0.0,0.0,0.0,Summer,No Holiday,Yes
6094,11/08/2018,7.20934025660291,22,31.3,53,2.3,2000,20.5,0.0,0.0,0.0,Summer,No Holiday,Yes
6095,11/08/2018,6.981934677156389,23,30.7,55,1.5,2000,20.6,0.0,0.0,0.0,Summer,No Holiday,Yes
6096,12/08/2018,6.905753276311464,0,29.9,56,2.0,2000,20.1,0.0,0.0,0.0,Summer,No Holiday,Yes
6097,12/08/2018,6.556778356158042,1,29.4,58,1.5,2000,20.2,0.0,0.0,0.0,Summer,No Holiday,Yes
6098,12/08/2018,6.318968113746434,2,29.0,60,1.4,2000,20.4,0.0,0.0,0.0,Summer,No Holiday,Yes
6099,12/08/2018,5.961005339623274,3,28.5,62,1.6,2000,20.5,0.0,0.0,0.0,Summer,No Holiday,Yes
6100,12/08/2018,5.564520407322694,4,28.1,63,0.8,2000,20.3,0.0,0.0,0.0,Summer,No Holiday,Yes
6101,12/08/2018,5.2832037287379885,5,27.7,65,1.4,2000,20.5,0.0,0.0,0.0,Summer,No Holiday,Yes
6102,12/08/2018,5.568344503761097,6,27.2,66,0.9,2000,20.2,0.0,0.0,0.0,Summer,No Holiday,Yes
6103,12/08/2018,5.75890177387728,7,27.4,61,0.6,2000,19.2,0.17,0.0,0.0,Summer,No Holiday,Yes
6104,12/08/2018,6.255750041753367,8,28.6,54,1.1,2000,18.3,0.82,0.0,0.0,Summer,No Holiday,Yes
6105,12/08/2018,6.343880434126331,9,29.7,55,1.6,2000,19.6,1.44,0.0,0.0,Summer,No Holiday,Yes
6106,12/08/2018,6.182084906716632,10,31.6,51,2.3,1969,20.2,2.3,0.0,0.0,Summer,No Holiday,Yes
6107,12/08/2018,6.267200548541362,11,32.8,49,2.8,2000,20.6,2.87,0.0,0.0,Summer,No Holiday,Yes
6108,12/08/2018,6.508769136971682,12,33.8,44,2.0,1899,19.8,2.72,0.0,0.0,Summer,No Holiday,Yes
6109,12/08/2018,6.558197802812269,13,34.0,47,1.4,2000,21.0,2.24,0.0,0.0,Summer,No Holiday,Yes
6110,12/08/2018,6.548219102762372,14,35.0,45,2.2,1957,21.2,2.73,0.0,0.0,Summer,No Holiday,Yes
6111,12/08/2018,6.710523109452428,15,34.9,46,2.0,2000,21.5,1.54,0.0,0.0,Summer,No Holiday,Yes
6112,12/08/2018,6.866933284461882,16,34.1,47,2.5,2000,21.1,0.61,0.0,0.0,Summer,No Holiday,Yes
6113,12/08/2018,7.053585727193677,17,33.7,48,2.3,2000,21.1,0.41,0.0,0.0,Summer,No Holiday,Yes
6114,12/08/2018,7.111512116496157,18,33.4,49,1.6,1971,21.2,0.25,0.0,0.0,Summer,No Holiday,Yes
6115,12/08/2018,7.0192966537150445,19,32.0,76,2.1,692,27.2,0.1,1.0,0.0,Summer,No Holiday,Yes
6116,12/08/2018,7.097548850614793,20,29.4,86,1.1,1194,26.8,0.03,4.0,0.0,Summer,No Holiday,Yes
6117,12/08/2018,7.198931240688173,21,28.9,83,0.3,1449,25.7,0.0,0.0,0.0,Summer,No Holiday,Yes
6118,12/08/2018,7.028201432058005,22,28.8,79,0.2,1604,24.7,0.0,0.0,0.0,Summer,No Holiday,Yes
6119,12/08/2018,6.56244409369372,23,28.7,81,0.4,1586,25.1,0.0,0.0,0.0,Summer,No Holiday,Yes
6120,13/08/2018,6.016157159698354,0,28.4,85,1.3,1406,25.6,0.0,0.0,0.0,Summer,No Holiday,Yes
6121,13/08/2018,5.44673737166631,1,28.2,88,0.2,929,26.0,0.0,1.0,0.0,Summer,No Holiday,Yes
6122,13/08/2018,5.3612921657094255,2,28.1,78,0.9,1191,23.8,0.0,0.0,0.0,Summer,No Holiday,Yes
6123,13/08/2018,5.2832037287379885,3,27.7,88,0.5,833,25.5,0.0,0.0,0.0,Summer,No Holiday,Yes
6124,13/08/2018,5.0238805208462765,4,27.1,91,0.9,585,25.4,0.0,0.0,0.0,Summer,No Holiday,Yes
6125,13/08/2018,5.442417710521793,5,26.8,90,0.6,591,25.0,0.0,0.0,0.0,Summer,No Holiday,Yes
6126,13/08/2018,6.38856140554563,6,26.7,89,0.6,615,24.7,0.0,0.0,0.0,Summer,No Holiday,Yes
6127,13/08/2018,6.97166860472579,7,27.0,86,0.9,718,24.4,0.22,0.0,0.0,Summer,No Holiday,Yes
6128,13/08/2018,7.4133673356952405,8,28.0,78,1.1,865,23.7,0.74,0.0,0.0,Summer,No Holiday,Yes
6129,13/08/2018,6.806829360392176,9,29.4,74,2.0,917,24.2,1.18,0.0,0.0,Summer,No Holiday,Yes
6130,13/08/2018,6.461468176353717,10,30.6,67,0.7,1354,23.7,1.2,0.0,0.0,Summer,No Holiday,Yes
6131,13/08/2018,6.519147287940395,11,31.7,58,1.1,1584,22.4,1.27,0.0,0.0,Summer,No Holiday,Yes
6132,13/08/2018,6.586171654854675,12,33.4,54,2.6,1648,22.8,2.09,0.0,0.0,Summer,No Holiday,Yes
6133,13/08/2018,6.54965074223381,13,33.0,54,1.7,1458,22.4,1.23,0.0,0.0,Summer,No Holiday,Yes
6134,13/08/2018,6.480044561926653,14,33.6,55,1.1,1375,23.3,0.94,0.0,0.0,Summer,No Holiday,Yes
6135,13/08/2018,6.565264970035361,15,34.0,51,1.8,1508,22.4,0.98,0.0,0.0,Summer,No Holiday,Yes
6136,13/08/2018,6.804614520062624,16,33.5,52,2.2,1804,22.2,0.91,0.0,0.0,Summer,No Holiday,Yes
6137,13/08/2018,7.214504414151143,17,33.2,55,2.7,1600,22.9,0.55,0.0,0.0,Summer,No Holiday,Yes
6138,13/08/2018,7.769800996003896,18,33.1,59,3.1,1726,24.0,0.72,0.0,0.0,Summer,No Holiday,Yes
6139,13/08/2018,7.619233416226805,19,32.1,60,2.3,1987,23.3,0.25,0.0,0.0,Summer,No Holiday,Yes
6140,13/08/2018,7.521859252201629,20,31.0,64,2.9,1992,23.3,0.01,0.0,0.0,Summer,No Holiday,Yes
6141,13/08/2018,7.524021415206125,21,30.4,66,1.6,2000,23.3,0.0,0.0,0.0,Summer,No Holiday,Yes
6142,13/08/2018,7.400009517162692,22,29.9,60,1.3,2000,21.2,0.0,0.0,0.0,Summer,No Holiday,Yes
6143,13/08/2018,6.99117688712121,23,29.6,63,0.1,2000,21.8,0.0,0.0,0.0,Summer,No Holiday,Yes
6144,14/08/2018,6.771935555839602,0,29.3,68,1.6,2000,22.7,0.0,0.0,0.0,Summer,No Holiday,Yes
6145,14/08/2018,6.525029657843462,1,28.9,71,1.2,1982,23.1,0.0,0.0,0.0,Summer,No Holiday,Yes
6146,14/08/2018,6.148468295917647,2,28.6,70,1.5,2000,22.5,0.0,0.0,0.0,Summer,No Holiday,Yes
6147,14/08/2018,5.846438775057725,3,28.4,73,1.4,1990,23.0,0.0,0.0,0.0,Summer,No Holiday,Yes
6148,14/08/2018,5.3471075307174685,4,28.1,71,0.4,2000,22.3,0.0,0.0,0.0,Summer,No Holiday,Yes
6149,14/08/2018,5.541263545158426,5,27.9,71,0.3,2000,22.1,0.0,0.0,0.0,Summer,No Holiday,Yes
6150,14/08/2018,6.467698726104354,6,27.8,71,0.1,2000,22.0,0.0,0.0,0.0,Summer,No Holiday,Yes
6151,14/08/2018,7.001245622069476,7,27.9,71,0.4,2000,22.1,0.13,0.0,0.0,Summer,No Holiday,Yes
6152,14/08/2018,7.443663683115591,8,29.3,63,0.9,1810,21.5,0.76,0.0,0.0,Summer,No Holiday,Yes
6153,14/08/2018,6.851184927493743,9,31.0,56,0.8,1945,21.1,1.32,0.0,0.0,Summer,No Holiday,Yes
6154,14/08/2018,6.423246963533519,10,31.7,57,1.3,1875,22.1,1.25,0.0,0.0,Summer,No Holiday,Yes
6155,14/08/2018,6.456769655572163,11,32.4,54,1.9,1962,21.8,0.96,0.0,0.0,Summer,No Holiday,Yes
6156,14/08/2018,6.551080335043404,12,33.9,49,1.5,1841,21.6,1.91,0.0,0.0,Summer,No Holiday,Yes
6157,14/08/2018,6.54534966033442,13,35.7,38,2.4,1863,19.1,2.5,0.0,0.0,Summer,No Holiday,Yes
6158,14/08/2018,6.4425401664681985,14,36.2,41,2.9,1814,20.8,2.68,0.0,0.0,Summer,No Holiday,Yes
6159,14/08/2018,6.55250788703459,15,37.2,38,2.5,1832,20.5,2.68,0.0,0.0,Summer,No Holiday,Yes
6160,14/08/2018,6.825460036255307,16,36.3,41,2.4,1957,20.9,1.85,0.0,0.0,Summer,No Holiday,Yes
6161,14/08/2018,7.175489713624222,17,34.7,51,3.0,2000,23.0,1.22,0.0,0.0,Summer,No Holiday,Yes
6162,14/08/2018,7.743269700829004,18,33.7,53,2.4,2000,22.7,0.78,0.0,0.0,Summer,No Holiday,Yes
6163,14/08/2018,7.587310506022615,19,32.7,56,2.2,2000,22.7,0.33,0.0,0.0,Summer,No Holiday,Yes
6164,14/08/2018,7.441906728051625,20,31.8,59,0.9,2000,22.7,0.0,0.0,0.0,Summer,No Holiday,Yes
6165,14/08/2018,7.429520842786462,21,31.3,59,0.3,2000,22.3,0.0,0.0,0.0,Summer,No Holiday,Yes
6166,14/08/2018,7.370230641807081,22,30.9,63,0.7,2000,23.0,0.0,0.0,0.0,Summer,No Holiday,Yes
6167,14/08/2018,7.061334366910438,23,30.3,65,0.4,2000,22.9,0.0,0.0,0.0,Summer,No Holiday,Yes
6168,15/08/2018,6.942156705699469,0,30.0,67,0.8,1986,23.1,0.0,0.0,0.0,Summer,Holiday,Yes
6169,15/08/2018,6.7464121285733745,1,29.6,69,0.4,1942,23.3,0.0,0.0,0.0,Summer,Holiday,Yes
6170,15/08/2018,6.517671272912275,2,29.5,68,0.4,1949,22.9,0.0,0.0,0.0,Summer,Holiday,Yes
6171,15/08/2018,6.163314804034641,3,29.1,70,0.3,1952,23.0,0.0,0.0,0.0,Summer,Holiday,Yes
6172,15/08/2018,5.739792912179234,4,28.8,73,0.5,1835,23.4,0.0,0.0,0.0,Summer,Holiday,Yes
6173,15/08/2018,5.429345628954441,5,28.6,73,0.8,1808,23.2,0.0,0.0,0.0,Summer,Holiday,Yes
6174,15/08/2018,5.849324779946859,6,28.4,74,1.0,1700,23.3,0.0,0.0,0.0,Summer,Holiday,Yes
6175,15/08/2018,6.063785208687608,7,28.6,71,0.6,1797,22.8,0.17,0.0,0.0,Summer,Holiday,Yes
6176,15/08/2018,6.317164686747284,8,29.9,60,0.8,1772,21.2,0.83,0.0,0.0,Summer,Holiday,Yes
6177,15/08/2018,6.335054251498059,9,32.0,53,1.6,2000,21.2,1.56,0.0,0.0,Summer,Holiday,Yes
6178,15/08/2018,6.306275286948016,10,33.5,49,1.0,1937,21.3,2.09,0.0,0.0,Summer,Holiday,Yes
6179,15/08/2018,6.375024819828097,11,35.4,44,1.2,1887,21.2,2.58,0.0,0.0,Summer,Holiday,Yes
6180,15/08/2018,6.335054251498059,12,36.5,41,1.1,1807,21.1,2.73,0.0,0.0,Summer,Holiday,Yes
6181,15/08/2018,6.3835066348840055,13,36.9,39,1.5,2000,20.6,2.46,0.0,0.0,Summer,Holiday,Yes
6182,15/08/2018,6.4425401664681985,14,37.2,38,0.9,1976,20.5,1.96,0.0,0.0,Summer,Holiday,Yes
6183,15/08/2018,6.635946555686647,15,37.4,38,1.4,2000,20.6,1.72,0.0,0.0,Summer,Holiday,Yes
6184,15/08/2018,6.777646593635117,16,36.6,39,0.7,2000,20.3,0.44,0.0,0.0,Summer,Holiday,Yes
6185,15/08/2018,6.8679744089702925,17,33.6,55,3.9,1929,23.3,0.86,0.0,0.0,Summer,Holiday,Yes
6186,15/08/2018,6.8308742346461795,18,32.8,63,2.3,1546,24.8,0.89,0.1,0.0,Summer,Holiday,Yes
6187,15/08/2018,7.171656822768514,19,28.7,76,0.7,2000,24.0,0.11,0.9,0.0,Summer,Holiday,Yes
6188,15/08/2018,7.313886831633462,20,28.4,69,1.5,2000,22.1,0.01,0.0,0.0,Summer,Holiday,Yes
6189,15/08/2018,7.318539548567902,21,28.6,69,1.3,2000,22.3,0.0,0.0,0.0,Summer,Holiday,Yes
6190,15/08/2018,7.208600337960199,22,28.6,67,1.0,2000,21.8,0.0,0.0,0.0,Summer,Holiday,Yes
6191,15/08/2018,6.9167150203536085,23,28.5,69,1.1,2000,22.2,0.0,0.0,0.0,Summer,Holiday,Yes
6192,16/08/2018,6.695798917058491,0,28.4,68,0.9,2000,21.9,0.0,0.0,0.0,Summer,No Holiday,Yes
6193,16/08/2018,6.284134161070802,1,28.2,70,1.0,2000,22.2,0.0,0.0,0.0,Summer,No Holiday,Yes
6194,16/08/2018,5.945420608606575,2,28.1,68,0.8,2000,21.6,0.0,0.0,0.0,Summer,No Holiday,Yes
6195,16/08/2018,5.53338948872752,3,27.9,68,0.6,2000,21.4,0.0,0.0,0.0,Summer,No Holiday,Yes
6196,16/08/2018,5.159055299214529,4,27.8,69,0.9,2000,21.5,0.0,0.0,0.0,Summer,No Holiday,Yes
6197,16/08/2018,5.575949103146316,5,28.0,66,0.5,2000,21.0,0.0,0.0,0.0,Summer,No Holiday,Yes
6198,16/08/2018,6.448889394146858,6,27.5,72,1.1,2000,21.9,0.0,0.0,0.0,Summer,No Holiday,Yes
6199,16/08/2018,7.00850518208228,7,27.6,71,1.2,2000,21.8,0.14,0.0,0.0,Summer,No Holiday,Yes
6200,16/08/2018,7.415175109613295,8,28.2,68,1.3,2000,21.7,0.41,0.0,0.0,Summer,No Holiday,Yes
6201,16/08/2018,6.776506992372183,9,30.6,55,1.1,2000,20.5,1.46,0.0,0.0,Summer,No Holiday,Yes
6202,16/08/2018,6.418364935936212,10,31.9,51,2.2,1939,20.4,2.04,0.0,0.0,Summer,No Holiday,Yes
6203,16/08/2018,6.511745329644728,11,33.5,48,2.4,1968,20.9,2.71,0.0,0.0,Summer,No Holiday,Yes
6204,16/08/2018,6.505784060128229,12,34.5,44,2.2,2000,20.4,3.19,0.0,0.0,Summer,No Holiday,Yes
6205,16/08/2018,6.481577129276431,13,35.1,39,2.0,2000,19.0,3.45,0.0,0.0,Summer,No Holiday,Yes
6206,16/08/2018,6.459904454377535,14,35.3,40,2.0,2000,19.6,3.17,0.0,0.0,Summer,No Holiday,Yes
6207,16/08/2018,6.580639137284949,15,35.0,38,2.0,2000,18.5,2.8,0.0,0.0,Summer,No Holiday,Yes
6208,16/08/2018,6.805722553416985,16,34.5,37,1.9,2000,17.6,2.36,0.0,0.0,Summer,No Holiday,Yes
6209,16/08/2018,7.233455418621439,17,33.8,37,2.2,2000,17.0,1.74,0.0,0.0,Summer,No Holiday,Yes
6210,16/08/2018,7.8168199657645525,18,32.4,40,2.1,2000,17.0,1.04,0.0,0.0,Summer,No Holiday,Yes
6211,16/08/2018,7.734996194022781,19,29.8,45,2.5,2000,16.5,0.36,0.0,0.0,Summer,No Holiday,Yes
6212,16/08/2018,7.656810091480378,20,27.9,47,1.9,2000,15.5,0.01,0.0,0.0,Summer,No Holiday,Yes
6213,16/08/2018,7.662937850461535,21,26.8,46,2.0,2000,14.2,0.0,0.0,0.0,Summer,No Holiday,Yes
6214,16/08/2018,7.572502985020384,22,25.9,45,2.1,2000,13.0,0.0,0.0,0.0,Summer,No Holiday,Yes
6215,16/08/2018,7.277247726631484,23,25.0,44,2.2,2000,11.8,0.0,0.0,0.0,Summer,No Holiday,Yes
6216,17/08/2018,7.01211529430638,0,24.1,45,2.0,2000,11.4,0.0,0.0,0.0,Summer,No Holiday,Yes
6217,17/08/2018,6.736966958001855,1,23.4,47,2.1,2000,11.4,0.0,0.0,0.0,Summer,No Holiday,Yes
6218,17/08/2018,6.35088571671474,2,22.8,50,1.4,2000,11.8,0.0,0.0,0.0,Summer,No Holiday,Yes
6219,17/08/2018,5.929589143389895,3,22.4,52,1.3,2000,12.0,0.0,0.0,0.0,Summer,No Holiday,Yes
6220,17/08/2018,5.6240175061873385,4,22.1,54,1.6,2000,12.3,0.0,0.0,0.0,Summer,No Holiday,Yes
6221,17/08/2018,5.720311776607412,5,21.8,55,1.9,2000,12.3,0.0,0.0,0.0,Summer,No Holiday,Yes
6222,17/08/2018,6.579251212010101,6,21.8,51,2.0,2000,11.2,0.0,0.0,0.0,Summer,No Holiday,Yes
6223,17/08/2018,7.148345743900068,7,22.0,49,1.7,2000,10.7,0.23,0.0,0.0,Summer,No Holiday,Yes
6224,17/08/2018,7.5595594960077,8,23.5,44,1.7,1944,10.5,0.98,0.0,0.0,Summer,No Holiday,Yes
6225,17/08/2018,6.975413927455952,9,25.5,40,2.6,1990,10.8,1.7,0.0,0.0,Summer,No Holiday,Yes
6226,17/08/2018,6.576469569048224,10,27.0,36,2.2,1977,10.6,2.34,0.0,0.0,Summer,No Holiday,Yes
6227,17/08/2018,6.739336627357174,11,28.8,33,2.2,1951,10.9,2.85,0.0,0.0,Summer,No Holiday,Yes
6228,17/08/2018,6.807934943699926,12,30.3,30,1.9,1981,10.7,3.17,0.0,0.0,Summer,No Holiday,Yes
6229,17/08/2018,6.710523109452428,13,31.3,30,2.1,2000,11.6,3.3,0.0,0.0,Summer,No Holiday,Yes
6230,17/08/2018,6.674561391814426,14,32.7,27,2.0,1964,11.2,3.21,0.0,0.0,Summer,No Holiday,Yes
6231,17/08/2018,6.878326468291325,15,33.5,26,2.1,2000,11.3,2.9,0.0,0.0,Summer,No Holiday,Yes
6232,17/08/2018,7.014814351275545,16,33.7,26,1.5,2000,11.5,2.39,0.0,0.0,Summer,No Holiday,Yes
6233,17/08/2018,7.418780882750794,17,33.1,27,1.9,1975,11.5,1.76,0.0,0.0,Summer,No Holiday,Yes
6234,17/08/2018,7.936660155225426,18,32.5,28,1.4,2000,11.6,1.06,0.0,0.0,Summer,No Holiday,Yes
6235,17/08/2018,7.763871287820222,19,31.0,31,1.5,2000,11.8,0.34,0.0,0.0,Summer,No Holiday,Yes
6236,17/08/2018,7.664346632098617,20,28.4,40,1.7,1887,13.4,0.0,0.0,0.0,Summer,No Holiday,Yes
6237,17/08/2018,7.605392364814935,21,27.1,43,1.6,2000,13.4,0.0,0.0,0.0,Summer,No Holiday,Yes
6238,17/08/2018,7.488852955733459,22,26.0,45,1.7,2000,13.1,0.0,0.0,0.0,Summer,No Holiday,Yes
6239,17/08/2018,7.2909747781429814,23,25.2,47,1.2,2000,13.0,0.0,0.0,0.0,Summer,No Holiday,Yes
6240,18/08/2018,7.083387847625295,0,24.5,48,1.2,2000,12.7,0.0,0.0,0.0,Summer,No Holiday,Yes
6241,18/08/2018,6.877296071497429,1,23.9,51,0.9,2000,13.1,0.0,0.0,0.0,Summer,No Holiday,Yes
6242,18/08/2018,6.54965074223381,2,23.4,53,1.1,2000,13.2,0.0,0.0,0.0,Summer,No Holiday,Yes
6243,18/08/2018,6.182084906716632,3,23.0,54,1.0,1818,13.1,0.0,0.0,0.0,Summer,No Holiday,Yes
6244,18/08/2018,5.75890177387728,4,22.6,55,1.4,2000,13.0,0.0,0.0,0.0,Summer,No Holiday,Yes
6245,18/08/2018,5.572154032177765,5,22.0,58,1.0,2000,13.3,0.0,0.0,0.0,Summer,No Holiday,Yes
6246,18/08/2018,5.986452005284438,6,21.6,60,1.0,2000,13.4,0.0,0.0,0.0,Summer,No Holiday,Yes
6247,18/08/2018,6.16541785423142,7,21.7,57,1.3,2000,12.8,0.23,0.0,0.0,Summer,No Holiday,Yes
6248,18/08/2018,6.626717749249025,8,23.2,47,1.0,2000,11.2,0.93,0.0,0.0,Summer,No Holiday,Yes
6249,18/08/2018,6.648984550024776,9,25.3,42,1.4,1921,11.4,1.7,0.0,0.0,Summer,No Holiday,Yes
6250,18/08/2018,6.646390514847729,10,27.0,37,1.2,1962,11.0,2.32,0.0,0.0,Summer,No Holiday,Yes
6251,18/08/2018,6.754604099487962,11,28.4,35,1.6,2000,11.4,2.82,0.0,0.0,Summer,No Holiday,Yes
6252,18/08/2018,6.859614903654202,12,29.8,33,1.5,1936,11.7,3.14,0.0,0.0,Summer,No Holiday,Yes
6253,18/08/2018,6.911747300251674,13,31.1,30,1.5,2000,11.4,3.24,0.0,0.0,Summer,No Holiday,Yes
6254,18/08/2018,7.022868086082641,14,31.0,31,1.8,1999,11.8,2.8,0.0,0.0,Summer,No Holiday,Yes
6255,18/08/2018,7.087573705557973,15,31.7,30,1.9,1943,11.9,2.23,0.0,0.0,Summer,No Holiday,Yes
6256,18/08/2018,7.243512974665482,16,31.8,33,2.1,2000,13.5,1.88,0.0,0.0,Summer,No Holiday,Yes
6257,18/08/2018,7.499423290592229,17,29.9,39,2.9,2000,14.4,0.86,0.0,0.0,Summer,No Holiday,Yes
6258,18/08/2018,7.590852123688581,18,30.1,37,2.1,2000,13.8,0.88,0.0,0.0,Summer,No Holiday,Yes
6259,18/08/2018,7.662937850461535,19,28.5,45,1.6,2000,15.4,0.23,0.0,0.0,Summer,No Holiday,Yes
6260,18/08/2018,7.583756300707112,20,27.6,46,1.2,2000,14.9,0.01,0.0,0.0,Summer,No Holiday,Yes
6261,18/08/2018,7.54274354536855,21,26.8,48,0.9,2000,14.8,0.0,0.0,0.0,Summer,No Holiday,Yes
6262,18/08/2018,7.427738840532894,22,26.3,48,0.8,2000,14.4,0.0,0.0,0.0,Summer,No Holiday,Yes
6263,18/08/2018,7.202661196523238,23,25.9,52,1.3,2000,15.2,0.0,0.0,0.0,Summer,No Holiday,Yes
6264,19/08/2018,7.00397413672268,0,25.3,53,2.4,2000,15.0,0.0,0.0,0.0,Summer,No Holiday,Yes
6265,19/08/2018,6.739336627357174,1,25.0,57,0.9,2000,15.8,0.0,0.0,0.0,Summer,No Holiday,Yes
6266,19/08/2018,6.416732282512326,2,24.5,59,0.3,2000,15.9,0.0,0.0,0.0,Summer,No Holiday,Yes
6267,19/08/2018,6.054439346269371,3,24.0,59,0.6,2000,15.4,0.0,0.0,0.0,Summer,No Holiday,Yes
6268,19/08/2018,5.579729825986222,4,23.6,61,0.3,2000,15.6,0.0,0.0,0.0,Summer,No Holiday,Yes
6269,19/08/2018,5.4116460518550396,5,23.4,63,0.3,2000,15.9,0.0,0.0,0.0,Summer,No Holiday,Yes
6270,19/08/2018,5.564520407322694,6,23.1,64,0.6,2000,15.9,0.0,0.0,0.0,Summer,No Holiday,Yes
6271,19/08/2018,5.973809611869261,7,23.3,64,1.0,2000,16.0,0.1,0.0,0.0,Summer,No Holiday,Yes
6272,19/08/2018,6.385194398997726,8,24.4,58,0.8,2000,15.5,0.45,0.0,0.0,Summer,No Holiday,Yes
6273,19/08/2018,6.470799503782602,9,26.3,50,0.7,1980,15.0,1.28,0.0,0.0,Summer,No Holiday,Yes
6274,19/08/2018,6.597145701886651,10,27.3,49,0.9,1968,15.6,1.17,0.0,0.0,Summer,No Holiday,Yes
6275,19/08/2018,6.679599185844383,11,28.4,43,1.0,1914,14.6,1.52,0.0,0.0,Summer,No Holiday,Yes
6276,19/08/2018,6.831953565565855,12,30.9,37,1.8,1858,14.5,2.98,0.0,0.0,Summer,No Holiday,Yes
6277,19/08/2018,6.8501261661455,13,32.4,33,2.7,1893,14.0,3.1,0.0,0.0,Summer,No Holiday,Yes
6278,19/08/2018,6.880384082186005,14,33.4,31,1.2,1962,13.9,2.73,0.0,0.0,Summer,No Holiday,Yes
6279,19/08/2018,7.074963197966044,15,33.8,31,1.6,2000,14.3,2.45,0.0,0.0,Summer,No Holiday,Yes
6280,19/08/2018,7.241366283322318,16,33.3,32,2.4,2000,14.3,1.98,0.0,0.0,Summer,No Holiday,Yes
6281,19/08/2018,7.451241684987676,17,32.7,33,2.5,1994,14.3,1.18,0.0,0.0,Summer,No Holiday,Yes
6282,19/08/2018,7.564757012905729,18,32.3,41,1.9,2000,17.3,0.62,0.0,0.0,Summer,No Holiday,Yes
6283,19/08/2018,7.690286020676768,19,29.7,55,2.5,2000,19.6,0.23,0.0,0.0,Summer,No Holiday,Yes
6284,19/08/2018,7.615791072035833,20,28.5,58,1.4,2000,19.4,0.0,0.0,0.0,Summer,No Holiday,Yes
6285,19/08/2018,7.507690077819904,21,27.9,61,0.7,2000,19.6,0.0,0.0,0.0,Summer,No Holiday,Yes
6286,19/08/2018,7.344072850573066,22,27.7,62,0.6,2000,19.7,0.0,0.0,0.0,Summer,No Holiday,Yes
6287,19/08/2018,6.92461239604856,23,27.5,60,0.3,2000,19.0,0.0,0.0,0.0,Summer,No Holiday,Yes
6288,20/08/2018,6.70808408385307,0,27.0,62,0.6,2000,19.0,0.0,0.0,0.0,Summer,No Holiday,Yes
6289,20/08/2018,6.269096283706261,1,26.6,64,0.2,2000,19.2,0.0,0.0,0.0,Summer,No Holiday,Yes
6290,20/08/2018,5.8664680569332965,2,26.3,65,0.3,2000,19.1,0.0,0.0,0.0,Summer,No Holiday,Yes
6291,20/08/2018,5.545177444479562,3,26.1,65,0.6,2000,18.9,0.0,0.0,0.0,Summer,No Holiday,Yes
6292,20/08/2018,5.267858159063328,4,26.2,65,1.1,1542,19.0,0.0,0.0,0.0,Summer,No Holiday,Yes
6293,20/08/2018,5.641907070938114,5,25.7,68,0.8,1395,19.3,0.0,0.0,0.0,Summer,No Holiday,Yes
6294,20/08/2018,6.516193076042964,6,25.3,67,1.5,1450,18.7,0.0,0.0,0.0,Summer,No Holiday,Yes
6295,20/08/2018,7.1592919047975645,7,25.4,60,1.4,1879,17.0,0.16,0.0,0.0,Summer,No Holiday,Yes
6296,20/08/2018,7.556427969440253,8,26.6,54,1.1,1739,16.5,0.75,0.0,0.0,Summer,No Holiday,Yes
6297,20/08/2018,6.901737206656574,9,27.5,54,1.0,1993,17.3,0.81,0.0,0.0,Summer,No Holiday,Yes
6298,20/08/2018,6.579251212010101,10,29.3,49,2.0,1875,17.4,1.65,0.0,0.0,Summer,No Holiday,Yes
6299,20/08/2018,6.642486801367256,11,31.2,45,1.9,1810,17.8,2.72,0.0,0.0,Summer,No Holiday,Yes
6300,20/08/2018,6.695798917058491,12,31.7,45,2.5,1814,18.3,1.96,0.0,0.0,Summer,No Holiday,Yes
6301,20/08/2018,6.742880635791903,13,31.6,46,2.7,1864,18.5,1.77,0.0,0.0,Summer,No Holiday,Yes
6302,20/08/2018,6.705639094860003,14,32.1,45,2.8,1966,18.6,1.51,0.0,0.0,Summer,No Holiday,Yes
6303,20/08/2018,6.900730664045173,15,32.9,45,1.9,1877,19.3,1.84,0.0,0.0,Summer,No Holiday,Yes
6304,20/08/2018,7.134093721192866,16,32.3,45,2.8,1928,18.8,0.98,0.0,0.0,Summer,No Holiday,Yes
6305,20/08/2018,7.4413203897176174,17,32.1,44,2.6,1731,18.3,0.6,0.0,0.0,Summer,No Holiday,Yes
6306,20/08/2018,7.874358824729881,18,31.6,47,2.1,1867,18.9,0.26,0.0,0.0,Summer,No Holiday,Yes
6307,20/08/2018,7.679251425953058,19,30.8,55,1.9,1170,20.7,0.06,0.0,0.0,Summer,No Holiday,Yes
6308,20/08/2018,7.600902459542082,20,29.8,61,3.4,1525,21.4,0.0,0.0,0.0,Summer,No Holiday,Yes
6309,20/08/2018,7.586803535162581,21,29.3,63,3.1,1677,21.5,0.0,0.0,0.0,Summer,No Holiday,Yes
6310,20/08/2018,7.396948602621014,22,29.0,63,4.2,1776,21.2,0.0,0.0,0.0,Summer,No Holiday,Yes
6311,20/08/2018,7.124478262493424,23,28.5,62,4.9,1882,20.5,0.0,0.0,0.0,Summer,No Holiday,Yes
6312,21/08/2018,6.80128303447162,0,28.3,59,3.7,1945,19.5,0.0,0.0,0.0,Summer,No Holiday,Yes
6313,21/08/2018,6.53813982376767,1,28.0,61,3.9,1890,19.7,0.0,0.0,0.0,Summer,No Holiday,Yes
6314,21/08/2018,5.932245187448011,2,27.6,60,4.3,1854,19.1,0.0,0.0,0.0,Summer,No Holiday,Yes
6315,21/08/2018,5.159055299214529,3,26.8,62,4.5,1742,18.9,0.0,0.1,0.0,Summer,No Holiday,Yes
6316,21/08/2018,3.912023005428146,4,25.3,70,6.9,925,19.4,0.0,0.4,0.0,Summer,No Holiday,Yes
6317,21/08/2018,4.060443010546419,5,23.8,86,3.6,420,21.3,0.0,1.0,0.0,Summer,No Holiday,Yes
6318,21/08/2018,4.30406509320417,6,23.8,89,3.3,882,21.8,0.0,1.5,0.0,Summer,No Holiday,Yes
6319,21/08/2018,6.411818267709897,7,23.4,94,2.4,1773,22.3,0.02,2.0,0.0,Summer,No Holiday,Yes
6320,21/08/2018,7.333676395657684,8,24.0,84,3.5,1975,21.1,0.47,0.0,0.0,Summer,No Holiday,Yes
6321,21/08/2018,6.776506992372183,9,24.4,82,3.0,1847,21.1,0.6,0.0,0.0,Summer,No Holiday,Yes
6322,21/08/2018,5.998936561946683,10,24.8,82,3.2,1732,21.5,0.34,0.0,0.0,Summer,No Holiday,Yes
6323,21/08/2018,6.525029657843462,11,24.7,85,2.3,1438,22.0,0.27,0.0,0.0,Summer,No Holiday,Yes
6324,21/08/2018,6.744059186311348,12,25.7,74,3.4,1951,20.7,1.16,0.0,0.0,Summer,No Holiday,Yes
6325,21/08/2018,6.71901315438526,13,27.1,66,2.6,1895,20.1,1.54,0.0,0.0,Summer,No Holiday,Yes
6326,21/08/2018,6.670766320845874,14,28.5,58,2.6,1965,19.4,1.93,0.0,0.0,Summer,No Holiday,Yes
6327,21/08/2018,6.86484777797086,15,29.5,57,2.0,2000,20.0,2.1,0.0,0.0,Summer,No Holiday,Yes
6328,21/08/2018,7.014814351275545,16,30.4,53,2.0,1990,19.7,1.82,0.0,0.0,Summer,No Holiday,Yes
6329,21/08/2018,7.416979621381154,17,30.8,52,2.3,1953,19.8,1.49,0.0,0.0,Summer,No Holiday,Yes
6330,21/08/2018,7.9483852851118995,18,30.3,56,1.7,2000,20.5,0.8,0.0,0.0,Summer,No Holiday,Yes
6331,21/08/2018,7.768533300926033,19,29.2,62,1.7,2000,21.1,0.31,0.0,0.0,Summer,No Holiday,Yes
6332,21/08/2018,7.682482446534506,20,27.7,69,1.6,1992,21.4,0.01,0.0,0.0,Summer,No Holiday,Yes
6333,21/08/2018,7.629489916393995,21,26.8,72,0.4,1985,21.3,0.0,0.0,0.0,Summer,No Holiday,Yes
6334,21/08/2018,7.511524648390866,22,26.1,76,1.2,1867,21.5,0.0,0.0,0.0,Summer,No Holiday,Yes
6335,21/08/2018,7.15305163493748,23,25.6,75,0.1,1892,20.8,0.0,0.0,0.0,Summer,No Holiday,Yes
6336,22/08/2018,6.933423025730715,0,25.1,79,0.5,1891,21.1,0.0,0.0,0.0,Summer,No Holiday,Yes
6337,22/08/2018,6.663132695990803,1,24.6,79,0.6,1884,20.7,0.0,0.0,0.0,Summer,No Holiday,Yes
6338,22/08/2018,6.240275845170769,2,24.2,79,0.6,1882,20.3,0.0,0.0,0.0,Summer,No Holiday,Yes
6339,22/08/2018,5.849324779946859,3,24.1,80,0.8,1920,20.4,0.0,0.0,0.0,Summer,No Holiday,Yes
6340,22/08/2018,5.3706380281276624,4,23.6,81,0.8,1943,20.1,0.0,0.0,0.0,Summer,No Holiday,Yes
6341,22/08/2018,5.66988092298052,5,23.4,82,0.4,2000,20.1,0.0,0.0,0.0,Summer,No Holiday,Yes
6342,22/08/2018,6.486160788944089,6,23.7,78,0.3,2000,19.6,0.0,0.0,0.0,Summer,No Holiday,Yes
6343,22/08/2018,7.193685818395112,7,24.3,74,0.6,1999,19.3,0.1,0.0,0.0,Summer,No Holiday,Yes
6344,22/08/2018,7.596392304064196,8,25.7,66,0.9,1976,18.8,0.64,0.0,0.0,Summer,No Holiday,Yes
6345,22/08/2018,6.923628628138427,9,28.0,56,1.5,1982,18.3,1.57,0.0,0.0,Summer,No Holiday,Yes
6346,22/08/2018,6.55250788703459,10,30.2,52,1.4,1923,19.2,2.13,0.0,0.0,Summer,No Holiday,Yes
6347,22/08/2018,6.566672429803241,11,32.1,49,1.6,1874,20.0,2.63,0.0,0.0,Summer,No Holiday,Yes
6348,22/08/2018,6.665683717782408,12,33.9,45,1.4,1923,20.2,2.95,0.0,0.0,Summer,No Holiday,Yes
6349,22/08/2018,6.590301048196686,13,35.3,41,2.1,1925,20.0,3.1,0.0,0.0,Summer,No Holiday,Yes
6350,22/08/2018,6.634633357861686,14,36.2,36,1.5,1985,18.7,2.87,0.0,0.0,Summer,No Holiday,Yes
6351,22/08/2018,6.736966958001855,15,36.8,36,1.0,2000,19.2,2.46,0.0,0.0,Summer,No Holiday,Yes
6352,22/08/2018,6.901737206656574,16,37.4,35,1.3,2000,19.3,2.0,0.0,0.0,Summer,No Holiday,Yes
6353,22/08/2018,7.310550158534422,17,36.4,39,1.2,2000,20.2,1.15,0.0,0.0,Summer,No Holiday,Yes
6354,22/08/2018,7.835579246669965,18,35.4,40,1.0,2000,19.7,0.34,0.0,0.0,Summer,No Holiday,Yes
6355,22/08/2018,7.643961949002529,19,35.2,41,0.5,2000,19.9,0.31,0.0,0.0,Summer,No Holiday,Yes
6356,22/08/2018,7.500529485395295,20,33.2,51,1.0,2000,21.6,0.02,0.0,0.0,Summer,No Holiday,Yes
6357,22/08/2018,7.4999765409521215,21,33.1,46,2.7,2000,19.9,0.0,0.0,0.0,Summer,No Holiday,Yes
6358,22/08/2018,7.350516171833998,22,32.1,47,2.0,2000,19.3,0.0,0.0,0.0,Summer,No Holiday,Yes
6359,22/08/2018,7.0192966537150445,23,31.2,50,1.8,2000,19.5,0.0,0.0,0.0,Summer,No Holiday,Yes
6360,23/08/2018,6.812345094177479,0,30.7,52,1.3,2000,19.7,0.0,0.0,0.0,Summer,No Holiday,Yes
6361,23/08/2018,6.61472560020376,1,30.1,54,0.8,2000,19.7,0.0,0.0,0.0,Summer,No Holiday,Yes
6362,23/08/2018,6.20050917404269,2,29.8,53,1.4,2000,19.1,0.0,0.0,0.0,Summer,No Holiday,Yes
6363,23/08/2018,5.720311776607412,3,29.7,52,1.4,2000,18.7,0.0,0.0,0.0,Summer,No Holiday,Yes
6364,23/08/2018,5.1298987149230735,4,29.3,54,1.0,2000,19.0,0.0,0.0,0.0,Summer,No Holiday,Yes
6365,23/08/2018,5.225746673713202,5,28.5,57,0.9,2000,19.1,0.0,0.1,0.0,Summer,No Holiday,Yes
6366,23/08/2018,6.20050917404269,6,28.3,55,1.5,2000,18.3,0.0,0.0,0.0,Summer,No Holiday,Yes
6367,23/08/2018,6.580639137284949,7,28.3,55,1.1,2000,18.3,0.03,0.0,0.0,Summer,No Holiday,Yes
6368,23/08/2018,7.425953657077541,8,28.1,58,1.3,2000,19.0,0.14,0.0,0.0,Summer,No Holiday,Yes
6369,23/08/2018,6.829793737512425,9,29.3,54,1.5,2000,19.0,0.82,0.0,0.0,Summer,No Holiday,Yes
6370,23/08/2018,6.313548046277095,10,30.2,52,1.8,2000,19.2,0.93,0.0,0.0,Summer,No Holiday,Yes
6371,23/08/2018,6.568077911411976,11,29.9,57,1.7,1992,20.4,0.88,0.1,0.0,Summer,No Holiday,Yes
6372,23/08/2018,6.646390514847729,12,31.9,49,1.9,2000,19.8,1.85,0.0,0.0,Summer,No Holiday,Yes
6373,23/08/2018,6.371611847231857,13,31.0,53,1.9,2000,20.2,0.79,0.0,0.0,Summer,No Holiday,Yes
6374,23/08/2018,6.608000625296087,14,30.5,59,2.0,2000,21.5,0.84,0.1,0.0,Summer,No Holiday,Yes
6375,23/08/2018,6.731018100482083,15,32.0,53,2.1,1992,21.2,1.57,0.0,0.0,Summer,No Holiday,Yes
6376,23/08/2018,6.851184927493743,16,31.7,56,1.9,2000,21.8,0.92,0.0,0.0,Summer,No Holiday,Yes
6377,23/08/2018,7.1308988302963465,17,30.8,59,2.2,2000,21.8,0.41,0.0,0.0,Summer,No Holiday,Yes
6378,23/08/2018,7.277938572945661,18,30.6,55,2.3,2000,20.5,0.11,0.0,0.0,Summer,No Holiday,Yes
6379,23/08/2018,6.368187186350492,19,30.0,59,2.2,1970,21.1,0.01,0.0,0.0,Summer,No Holiday,Yes
6380,23/08/2018,5.552959584921617,20,29.2,62,2.1,1952,21.1,0.0,0.1,0.0,Summer,No Holiday,Yes
6381,23/08/2018,5.247024072160486,21,27.8,72,2.0,2000,22.2,0.0,0.1,0.0,Summer,No Holiday,Yes
6382,23/08/2018,5.375278407684165,22,26.6,84,1.7,1815,23.6,0.0,1.5,0.0,Summer,No Holiday,Yes
6383,23/08/2018,5.5909869805108565,23,26.1,84,1.9,1801,23.1,0.0,0.5,0.0,Summer,No Holiday,Yes
6384,24/08/2018,5.476463551931511,0,25.7,83,2.0,2000,22.5,0.0,0.5,0.0,Summer,No Holiday,Yes
6385,24/08/2018,5.342334251964811,1,25.7,80,2.0,2000,21.9,0.0,0.2,0.0,Summer,No Holiday,Yes
6386,24/08/2018,4.430816798843313,2,25.4,85,2.0,1453,22.6,0.0,0.8,0.0,Summer,No Holiday,Yes
6387,24/08/2018,4.143134726391533,3,24.8,87,2.2,1286,22.4,0.0,1.0,0.0,Summer,No Holiday,Yes
6388,24/08/2018,3.4339872044851463,4,24.5,88,2.0,1433,22.3,0.0,1.0,0.0,Summer,No Holiday,Yes
6389,24/08/2018,3.828641396489095,5,24.6,88,1.5,1967,22.4,0.0,0.5,0.0,Summer,No Holiday,Yes
6390,24/08/2018,5.159055299214529,6,24.9,88,1.1,2000,22.7,0.0,0.5,0.0,Summer,No Holiday,Yes
6391,24/08/2018,5.993961427306569,7,24.2,88,2.3,2000,22.0,0.05,0.0,0.0,Summer,No Holiday,Yes
6392,24/08/2018,6.361302477572996,8,24.4,86,1.7,2000,21.8,0.13,0.0,0.0,Summer,No Holiday,Yes
6393,24/08/2018,6.184148890937483,9,24.8,85,1.7,2000,22.0,0.32,0.0,0.0,Summer,No Holiday,Yes
6394,24/08/2018,5.659482215759621,10,26.0,77,2.2,2000,21.6,0.61,0.0,0.0,Summer,No Holiday,Yes
6395,24/08/2018,6.030685260261263,11,26.2,76,2.6,1995,21.6,0.88,0.0,0.0,Summer,No Holiday,Yes
6396,24/08/2018,5.87493073085203,12,25.8,81,3.2,1828,22.2,0.8,0.0,0.0,Summer,No Holiday,Yes
6397,24/08/2018,5.616771097666572,13,25.8,78,2.8,2000,21.6,0.95,0.0,0.0,Summer,No Holiday,Yes
6398,24/08/2018,5.030437921392435,14,24.4,93,2.9,250,23.1,0.26,1.5,0.0,Summer,No Holiday,Yes
6399,24/08/2018,6.0063531596017325,15,24.0,94,3.1,1188,22.9,0.41,0.5,0.0,Summer,No Holiday,Yes
6400,24/08/2018,6.1224928095143865,16,24.6,85,2.7,1973,21.9,0.55,0.0,0.0,Summer,No Holiday,Yes
6401,24/08/2018,6.0014148779611505,17,24.1,89,1.9,2000,22.1,0.58,0.0,0.0,Summer,No Holiday,Yes
6402,24/08/2018,6.821107472256465,18,23.8,95,2.7,1938,22.9,0.11,1.5,0.0,Summer,No Holiday,Yes
6403,24/08/2018,6.855408798609928,19,23.6,86,3.0,1275,21.1,0.04,0.0,0.0,Summer,No Holiday,Yes
6404,24/08/2018,7.0587581525186645,20,23.5,81,3.5,2000,20.0,0.0,0.0,0.0,Summer,No Holiday,Yes
6405,24/08/2018,7.170888478512505,21,23.5,79,3.6,2000,19.6,0.0,0.0,0.0,Summer,No Holiday,Yes
6406,24/08/2018,7.0925737159746784,22,23.5,79,2.9,1860,19.6,0.0,0.0,0.0,Summer,No Holiday,Yes
6407,24/08/2018,6.98933526597456,23,23.4,79,2.7,1990,19.5,0.0,0.0,0.0,Summer,No Holiday,Yes
6408,25/08/2018,6.8885724595653635,0,23.2,81,2.4,1976,19.7,0.0,0.0,0.0,Summer,No Holiday,Yes
6409,25/08/2018,6.787844982309579,1,23.0,82,2.1,1922,19.7,0.0,0.0,0.0,Summer,No Holiday,Yes
6410,25/08/2018,6.5638555265321274,2,22.9,82,2.1,1829,19.6,0.0,0.0,0.0,Summer,No Holiday,Yes
6411,25/08/2018,6.124683390894205,3,23.1,80,2.0,1849,19.4,0.0,0.0,0.0,Summer,No Holiday,Yes
6412,25/08/2018,5.726847747587197,4,23.2,79,1.8,1941,19.3,0.0,0.0,0.0,Summer,No Holiday,Yes
6413,25/08/2018,5.4510384535657,5,23.3,79,1.7,1592,19.4,0.0,0.0,0.0,Summer,No Holiday,Yes
6414,25/08/2018,5.765191102784844,6,23.5,79,2.0,1439,19.6,0.0,0.0,0.0,Summer,No Holiday,Yes
6415,25/08/2018,6.19644412779452,7,23.7,76,1.9,1281,19.2,0.08,0.0,0.0,Summer,No Holiday,Yes
6416,25/08/2018,6.582025138892826,8,24.1,78,2.0,1133,20.0,0.34,0.0,0.0,Summer,No Holiday,Yes
6417,25/08/2018,6.695798917058491,9,25.3,72,2.4,1220,19.8,1.08,0.0,0.0,Summer,No Holiday,Yes
6418,25/08/2018,6.755768921984255,10,26.3,67,3.2,1673,19.6,1.48,0.0,0.0,Summer,No Holiday,Yes
6419,25/08/2018,6.821107472256465,11,28.0,57,3.3,1827,18.6,2.71,0.0,0.0,Summer,No Holiday,Yes
6420,25/08/2018,6.976348070447749,12,27.9,55,2.9,1922,18.0,1.49,0.0,0.0,Summer,No Holiday,Yes
6421,25/08/2018,7.116394144093465,13,28.6,54,2.9,1925,18.3,1.85,0.0,0.0,Summer,No Holiday,Yes
6422,25/08/2018,7.140453043101158,14,29.2,52,3.1,1735,18.3,2.68,0.0,0.0,Summer,No Holiday,Yes
6423,25/08/2018,7.324489979348532,15,28.1,53,4.5,1953,17.6,1.6,0.0,0.0,Summer,No Holiday,Yes
6424,25/08/2018,7.373374309910049,16,27.2,58,3.7,1987,18.2,0.99,0.0,0.0,Summer,No Holiday,Yes
6425,25/08/2018,7.494430215031565,17,26.9,60,2.8,2000,18.4,0.77,0.0,0.0,Summer,No Holiday,Yes
6426,25/08/2018,7.640603826393634,18,27.1,56,3.0,1987,17.5,0.87,0.0,0.0,Summer,No Holiday,Yes
6427,25/08/2018,7.622663951323595,19,25.8,62,3.3,2000,17.9,0.27,0.0,0.0,Summer,No Holiday,Yes
6428,25/08/2018,7.612336837167746,20,24.6,65,2.9,2000,17.5,0.0,0.0,0.0,Summer,No Holiday,Yes
6429,25/08/2018,7.569411792450712,21,23.9,71,2.3,2000,18.3,0.0,0.0,0.0,Summer,No Holiday,Yes
6430,25/08/2018,7.4489161025442,22,23.4,75,1.6,2000,18.7,0.0,0.0,0.0,Summer,No Holiday,Yes
6431,25/08/2018,7.213768308118642,23,22.9,78,1.4,2000,18.8,0.0,0.0,0.0,Summer,No Holiday,Yes
6432,26/08/2018,7.059617628291383,0,22.8,78,1.5,2000,18.7,0.0,0.0,0.0,Summer,No Holiday,Yes
6433,26/08/2018,6.646390514847729,1,22.5,80,0.6,2000,18.8,0.0,0.0,0.0,Summer,No Holiday,Yes
6434,26/08/2018,6.398594934535208,2,22.1,84,0.6,2000,19.2,0.0,0.0,0.0,Summer,No Holiday,Yes
6435,26/08/2018,6.056784013228625,3,21.6,85,0.1,1982,18.9,0.0,0.0,0.0,Summer,No Holiday,Yes
6436,26/08/2018,5.673323267171493,4,21.2,86,0.5,1724,18.7,0.0,0.0,0.0,Summer,No Holiday,Yes
6437,26/08/2018,5.241747015059643,5,20.7,88,0.6,1100,18.6,0.0,0.0,0.0,Summer,No Holiday,Yes
6438,26/08/2018,5.497168225293202,6,20.4,88,0.6,1064,18.3,0.0,0.0,0.0,Summer,No Holiday,Yes
6439,26/08/2018,5.945420608606575,7,20.7,85,0.5,1052,18.0,0.11,0.0,0.0,Summer,No Holiday,Yes
6440,26/08/2018,6.340359303727752,8,22.1,74,1.0,1479,17.2,0.77,0.0,0.0,Summer,No Holiday,Yes
6441,26/08/2018,6.587550014824796,9,24.2,64,1.2,1985,16.9,1.48,0.0,0.0,Summer,No Holiday,Yes
6442,26/08/2018,6.525029657843462,10,26.3,53,1.6,2000,15.9,2.19,0.0,0.0,Summer,No Holiday,Yes
6443,26/08/2018,6.674561391814426,11,28.0,46,1.7,1990,15.2,2.73,0.0,0.0,Summer,No Holiday,Yes
6444,26/08/2018,6.976348070447749,12,28.9,42,2.0,1975,14.6,2.5,0.0,0.0,Summer,No Holiday,Yes
6445,26/08/2018,6.489204931325317,13,27.8,54,3.5,2000,17.6,1.15,0.0,0.0,Summer,No Holiday,Yes
6446,26/08/2018,6.035481432524756,14,25.8,69,3.6,1309,19.6,0.56,0.1,0.0,Summer,No Holiday,Yes
6447,26/08/2018,6.663132695990803,15,24.3,64,1.8,1931,17.0,0.59,0.0,0.0,Summer,No Holiday,Yes
6448,26/08/2018,6.933423025730715,16,23.5,56,2.3,2000,14.2,0.5,0.1,0.0,Summer,No Holiday,Yes
6449,26/08/2018,7.24422751560335,17,23.5,58,1.2,2000,14.7,0.52,0.0,0.0,Summer,No Holiday,Yes
6450,26/08/2018,7.299797366758161,18,23.4,67,0.6,2000,16.9,0.36,0.0,0.0,Summer,No Holiday,Yes
6451,26/08/2018,7.3758821482150125,19,22.7,69,1.9,2000,16.7,0.08,0.0,0.0,Summer,No Holiday,Yes
6452,26/08/2018,7.423568444259167,20,22.4,64,0.8,2000,15.2,0.0,0.0,0.0,Summer,No Holiday,Yes
6453,26/08/2018,7.152268856032539,21,22.5,65,1.1,2000,15.5,0.0,0.0,0.0,Summer,No Holiday,Yes
6454,26/08/2018,6.639875833826536,22,21.2,81,1.0,1808,17.8,0.0,1.3,0.0,Summer,No Holiday,Yes
6455,26/08/2018,5.855071922202427,23,20.8,84,0.9,1078,17.9,0.0,0.5,0.0,Summer,No Holiday,Yes
6456,27/08/2018,5.786897381366708,0,20.5,85,1.0,2000,17.8,0.0,0.0,0.0,Summer,No Holiday,Yes
6457,27/08/2018,4.127134385045092,1,20.5,89,0.5,235,18.6,0.0,1.5,0.0,Summer,No Holiday,Yes
6458,27/08/2018,3.8066624897703196,2,20.3,97,0.7,315,19.8,0.0,1.0,0.0,Summer,No Holiday,Yes
6459,27/08/2018,3.1354942159291497,3,20.3,97,0.4,200,19.8,0.0,1.5,0.0,Summer,No Holiday,Yes
6460,27/08/2018,3.332204510175204,4,20.5,97,0.1,257,20.0,0.0,3.5,0.0,Summer,No Holiday,Yes
6461,27/08/2018,3.6635616461296463,5,20.5,97,0.4,384,20.0,0.0,3.0,0.0,Summer,No Holiday,Yes
6462,27/08/2018,3.871201010907891,6,20.6,98,0.7,626,20.2,0.0,1.0,0.0,Summer,No Holiday,Yes
6463,27/08/2018,4.6443908991413725,7,20.8,98,0.5,299,20.4,0.02,2.0,0.0,Summer,No Holiday,Yes
6464,27/08/2018,5.796057750765372,8,21.3,97,1.3,1029,20.7,0.17,0.5,0.0,Summer,No Holiday,Yes
6465,27/08/2018,4.330733340286331,9,21.5,97,0.9,1543,20.9,0.19,0.5,0.0,Summer,No Holiday,Yes
6466,27/08/2018,4.653960350157523,10,21.7,97,1.0,1249,21.1,0.29,2.5,0.0,Summer,No Holiday,Yes
6467,27/08/2018,5.003946305945459,11,22.0,96,1.6,602,21.3,0.36,0.5,0.0,Summer,No Holiday,Yes
6468,27/08/2018,4.927253685157205,12,22.6,90,1.4,1963,20.8,1.02,1.0,0.0,Summer,No Holiday,Yes
6469,27/08/2018,5.0106352940962555,13,22.9,92,1.2,459,21.5,1.09,0.5,0.0,Summer,No Holiday,Yes
6470,27/08/2018,5.44673737166631,14,23.3,89,1.5,1435,21.3,1.23,0.5,0.0,Summer,No Holiday,Yes
6471,27/08/2018,6.364750756851911,15,24.4,87,1.5,1153,22.0,1.44,0.0,0.0,Summer,No Holiday,Yes
6472,27/08/2018,6.787844982309579,16,24.7,85,1.2,1143,22.0,0.99,0.0,0.0,Summer,No Holiday,Yes
6473,27/08/2018,7.213031659834869,17,24.9,82,0.9,2000,21.6,0.67,0.0,0.0,Summer,No Holiday,Yes
6474,27/08/2018,7.675081857716334,18,24.8,83,0.8,1947,21.7,0.26,0.0,0.0,Summer,No Holiday,Yes
6475,27/08/2018,7.38770923908104,19,24.7,83,0.4,2000,21.6,0.1,0.0,0.0,Summer,No Holiday,Yes
6476,27/08/2018,7.353081920515432,20,24.4,85,0.7,2000,21.7,0.01,0.0,0.0,Summer,No Holiday,Yes
6477,27/08/2018,7.47477218239787,21,23.9,88,0.8,2000,21.7,0.0,0.0,0.0,Summer,No Holiday,Yes
6478,27/08/2018,7.360103972989152,22,23.5,88,0.6,2000,21.3,0.0,0.0,0.0,Summer,No Holiday,Yes
6479,27/08/2018,7.01571242048723,23,23.6,87,0.6,2000,21.3,0.0,0.0,0.0,Summer,No Holiday,Yes
6480,28/08/2018,6.769641976852503,0,23.5,88,0.6,2000,21.3,0.0,0.0,0.0,Summer,No Holiday,Yes
6481,28/08/2018,6.483107351457199,1,23.1,94,0.6,2000,22.0,0.0,0.0,0.0,Summer,No Holiday,Yes
6482,28/08/2018,6.180016653652572,2,23.2,88,0.6,2000,21.0,0.0,0.0,0.0,Summer,No Holiday,Yes
6483,28/08/2018,5.641907070938114,3,22.9,93,0.6,2000,21.7,0.0,0.0,0.0,Summer,No Holiday,Yes
6484,28/08/2018,5.303304908059076,4,22.6,95,0.4,1919,21.7,0.0,0.0,0.0,Summer,No Holiday,Yes
6485,28/08/2018,5.389071729816501,5,22.5,96,0.3,1605,21.8,0.0,0.0,0.0,Summer,No Holiday,Yes
6486,28/08/2018,6.366470447731438,6,22.5,90,0.6,1149,20.7,0.0,0.0,0.0,Summer,No Holiday,Yes
6487,28/08/2018,7.075808863978387,7,22.6,88,0.8,2000,20.5,0.06,0.0,0.0,Summer,No Holiday,Yes
6488,28/08/2018,7.518607216815252,8,23.4,83,0.8,1998,20.3,0.32,0.0,0.0,Summer,No Holiday,Yes
6489,28/08/2018,6.763884908562435,9,24.2,80,1.2,1708,20.5,0.57,0.0,0.0,Summer,No Holiday,Yes
6490,28/08/2018,6.508769136971682,10,25.4,75,0.7,1995,20.6,0.96,0.0,0.0,Summer,No Holiday,Yes
6491,28/08/2018,6.021023349349527,11,25.9,79,1.7,1900,21.9,0.9,0.0,0.0,Summer,No Holiday,Yes
6492,28/08/2018,3.258096538021482,12,25.2,89,1.4,340,23.2,0.32,2.0,0.0,Summer,No Holiday,Yes
6493,28/08/2018,3.4657359027997265,13,24.6,97,0.5,765,24.0,0.1,9.5,0.0,Summer,No Holiday,Yes
6494,28/08/2018,4.844187086458591,14,24.9,97,0.5,766,24.3,0.36,4.0,0.0,Summer,No Holiday,Yes
6495,28/08/2018,4.812184355372417,15,25.2,96,0.6,1754,24.5,0.51,0.5,0.0,Summer,No Holiday,Yes
6496,28/08/2018,4.110873864173311,16,25.0,97,0.7,1181,24.4,0.17,2.5,0.0,Summer,No Holiday,Yes
6497,28/08/2018,3.6888794541139363,17,24.8,96,1.8,564,24.1,0.14,2.5,0.0,Summer,No Holiday,Yes
6498,28/08/2018,4.574710978503383,18,24.3,97,0.8,105,23.7,0.01,18.5,0.0,Summer,No Holiday,Yes
6499,28/08/2018,4.442651256490317,19,23.9,98,0.8,1792,23.5,0.0,7.0,0.0,Summer,No Holiday,Yes
6500,28/08/2018,2.3978952727983707,20,23.3,97,3.3,183,22.7,0.0,15.5,0.0,Summer,No Holiday,Yes
6501,28/08/2018,4.812184355372417,21,22.9,98,2.1,1146,22.5,0.0,29.5,0.0,Summer,No Holiday,Yes
6502,28/08/2018,4.174387269895637,22,22.9,97,1.3,2000,22.3,0.0,0.5,0.0,Summer,No Holiday,Yes
6503,28/08/2018,4.0943445622221,23,22.8,97,1.0,600,22.2,0.0,3.5,0.0,Summer,No Holiday,Yes
6504,29/08/2018,5.342334251964811,0,22.7,96,0.3,2000,22.0,0.0,1.0,0.0,Summer,No Holiday,Yes
6505,29/08/2018,5.814130531825066,1,22.8,97,0.5,2000,22.2,0.0,0.5,0.0,Summer,No Holiday,Yes
6506,29/08/2018,5.497168225293202,2,24.2,91,3.6,1735,22.6,0.0,0.0,0.0,Summer,No Holiday,Yes
6507,29/08/2018,5.147494476813453,3,24.5,87,4.3,1985,22.1,0.0,0.0,0.0,Summer,No Holiday,Yes
6508,29/08/2018,4.859812404361672,4,24.6,86,4.0,1968,22.0,0.0,0.0,0.0,Summer,No Holiday,Yes
6509,29/08/2018,4.700480365792417,5,24.6,87,3.6,1966,22.2,0.0,0.0,0.0,Summer,No Holiday,Yes
6510,29/08/2018,5.849324779946859,6,24.7,85,3.8,2000,22.0,0.0,0.0,0.0,Summer,No Holiday,Yes
6511,29/08/2018,6.760414691083428,7,25.0,85,3.0,2000,22.2,0.02,0.0,0.0,Summer,No Holiday,Yes
6512,29/08/2018,7.3752557780097545,8,25.3,83,3.4,1982,22.1,0.14,0.0,0.0,Summer,No Holiday,Yes
6513,29/08/2018,6.7661917146603505,9,25.8,79,2.7,1963,21.8,0.3,0.0,0.0,Summer,No Holiday,Yes
6514,29/08/2018,6.466144724237619,10,26.4,78,2.7,2000,22.2,0.44,0.0,0.0,Summer,No Holiday,Yes
6515,29/08/2018,6.51025834052315,11,26.9,74,3.2,2000,21.8,0.45,0.0,0.0,Summer,No Holiday,Yes
6516,29/08/2018,6.47543271670409,12,27.4,72,4.2,1989,21.8,0.54,0.0,0.0,Summer,No Holiday,Yes
6517,29/08/2018,6.293419278846481,13,27.1,75,3.7,1972,22.2,0.28,0.0,0.0,Summer,No Holiday,Yes
6518,29/08/2018,6.19644412779452,14,26.8,77,3.5,1965,22.4,0.11,0.0,0.0,Summer,No Holiday,Yes
6519,29/08/2018,6.369900982828227,15,26.9,77,2.5,1937,22.5,0.26,0.0,0.0,Summer,No Holiday,Yes
6520,29/08/2018,5.267858159063328,16,27.0,76,3.8,1875,22.3,0.21,0.0,0.0,Summer,No Holiday,Yes
6521,29/08/2018,5.081404364984463,17,24.6,93,0.9,1451,23.3,0.0,1.5,0.0,Summer,No Holiday,Yes
6522,29/08/2018,4.060443010546419,18,23.9,96,0.2,991,23.2,0.0,1.5,0.0,Summer,No Holiday,Yes
6523,29/08/2018,3.2188758248682006,19,23.5,97,0.3,323,22.9,0.0,6.5,0.0,Summer,No Holiday,Yes
6524,29/08/2018,2.995732273553991,20,23.4,98,0.6,70,23.0,0.0,21.0,0.0,Summer,No Holiday,Yes
6525,29/08/2018,3.1354942159291497,21,23.7,98,0.6,410,23.3,0.0,5.5,0.0,Summer,No Holiday,Yes
6526,29/08/2018,4.31748811353631,22,24.3,97,2.1,1028,23.7,0.0,4.5,0.0,Summer,No Holiday,Yes
6527,29/08/2018,5.293304824724492,23,24.2,94,0.9,1808,23.1,0.0,1.0,0.0,Summer,No Holiday,Yes
6528,30/08/2018,5.3706380281276624,0,24.7,94,2.8,1270,23.6,0.0,0.0,0.0,Summer,No Holiday,Yes
6529,30/08/2018,4.605170185988092,1,24.9,92,2.2,1125,23.5,0.0,0.5,0.0,Summer,No Holiday,Yes
6530,30/08/2018,4.394449154672439,2,24.7,96,1.0,337,24.0,0.0,6.5,0.0,Summer,No Holiday,Yes
6531,30/08/2018,4.406719247264253,3,24.1,97,2.5,1989,23.5,0.0,1.5,0.0,Summer,No Holiday,Yes
6532,30/08/2018,3.7612001156935624,4,23.9,96,0.4,1797,23.2,0.0,0.0,0.0,Summer,No Holiday,Yes
6533,30/08/2018,4.30406509320417,5,24.0,97,0.9,1347,23.4,0.0,0.5,0.0,Summer,No Holiday,Yes
6534,30/08/2018,5.655991810819852,6,24.2,96,1.6,1206,23.5,0.0,0.0,0.0,Summer,No Holiday,Yes
6535,30/08/2018,6.648984550024776,7,24.3,96,1.4,1025,23.6,0.04,0.0,0.0,Summer,No Holiday,Yes
6536,30/08/2018,7.193685818395112,8,24.6,96,1.0,883,23.9,0.19,0.0,0.0,Summer,No Holiday,Yes
6537,30/08/2018,6.741700694652055,9,25.0,92,1.1,782,23.6,0.39,0.0,0.0,Summer,No Holiday,Yes
6538,30/08/2018,6.380122536899765,10,26.1,81,1.5,860,22.5,1.05,0.0,0.0,Summer,No Holiday,Yes
6539,30/08/2018,6.57507584059962,11,26.2,82,2.6,834,22.8,0.59,0.0,0.0,Summer,No Holiday,Yes
6540,30/08/2018,6.645090969505644,12,27.0,74,2.5,915,21.9,0.94,0.0,0.0,Summer,No Holiday,Yes
6541,30/08/2018,6.763884908562435,13,28.2,66,2.2,1006,21.2,1.81,0.0,0.0,Summer,No Holiday,Yes
6542,30/08/2018,6.731018100482083,14,27.5,66,2.8,989,20.5,0.76,0.0,0.0,Summer,No Holiday,Yes
6543,30/08/2018,6.890609120147166,15,27.2,69,3.5,963,21.0,0.95,0.0,0.0,Summer,No Holiday,Yes
6544,30/08/2018,7.04141166379481,16,27.6,68,2.1,1038,21.1,1.46,0.0,0.0,Summer,No Holiday,Yes
6545,30/08/2018,7.295735072749282,17,26.8,73,2.6,916,21.5,0.37,0.0,0.0,Summer,No Holiday,Yes
6546,30/08/2018,7.543273346705446,18,26.1,72,2.4,1066,20.6,0.19,0.0,0.0,Summer,No Holiday,Yes
6547,30/08/2018,7.443078374348516,19,25.1,74,2.1,1105,20.1,0.0,0.5,0.0,Summer,No Holiday,Yes
6548,30/08/2018,7.430114138561801,20,24.9,70,1.2,1377,19.0,0.0,0.0,0.0,Summer,No Holiday,Yes
6549,30/08/2018,7.457609289715606,21,24.8,72,1.4,1298,19.4,0.0,0.0,0.0,Summer,No Holiday,Yes
6550,30/08/2018,7.367077059881012,22,24.6,71,1.5,1319,18.9,0.0,0.0,0.0,Summer,No Holiday,Yes
6551,30/08/2018,7.068172000388042,23,24.3,71,0.8,1549,18.6,0.0,0.0,0.0,Summer,No Holiday,Yes
6552,31/08/2018,6.759255270663693,0,23.9,75,1.7,1192,19.1,0.0,0.0,0.0,Summer,No Holiday,Yes
6553,31/08/2018,6.481577129276431,1,23.7,77,1.1,1099,19.4,0.0,0.0,0.0,Summer,No Holiday,Yes
6554,31/08/2018,5.945420608606575,2,23.4,79,0.4,1045,19.5,0.0,0.0,0.0,Summer,No Holiday,Yes
6555,31/08/2018,5.697093486505405,3,23.3,81,1.7,1068,19.8,0.0,0.0,0.0,Summer,No Holiday,Yes
6556,31/08/2018,5.14166355650266,4,23.2,83,1.6,1102,20.1,0.0,0.0,0.0,Summer,No Holiday,Yes
6557,31/08/2018,5.384495062789089,5,23.1,84,0.5,1022,20.2,0.0,0.0,0.0,Summer,No Holiday,Yes
6558,31/08/2018,6.07993319509559,6,22.9,83,0.0,1239,19.8,0.0,0.0,0.0,Summer,No Holiday,Yes
6559,31/08/2018,6.720220155135295,7,22.9,83,0.6,1127,19.8,0.01,0.0,0.0,Summer,No Holiday,Yes
6560,31/08/2018,7.430707082545968,8,23.1,80,0.2,1066,19.4,0.27,0.1,0.0,Summer,No Holiday,Yes
6561,31/08/2018,6.956545443151569,9,24.1,69,0.9,1662,18.0,0.76,0.0,0.0,Summer,No Holiday,Yes
6562,31/08/2018,6.678342114654332,10,25.5,53,2.3,1843,15.2,1.81,0.0,0.0,Summer,No Holiday,Yes
6563,31/08/2018,6.767343125265392,11,26.7,51,2.7,1925,15.7,2.65,0.0,0.0,Summer,No Holiday,Yes
6564,31/08/2018,6.890609120147166,12,27.8,47,2.9,1905,15.4,2.99,0.0,0.0,Summer,No Holiday,Yes
6565,31/08/2018,6.873163834212518,13,28.7,46,2.6,1815,15.9,3.1,0.0,0.0,Summer,No Holiday,Yes
6566,31/08/2018,6.895682697747868,14,29.3,41,1.9,1928,14.6,3.0,0.0,0.0,Summer,No Holiday,Yes
6567,31/08/2018,7.02108396428914,15,30.3,41,2.5,1864,15.5,2.72,0.0,0.0,Summer,No Holiday,Yes
6568,31/08/2018,7.247792581767846,16,29.7,51,3.0,2000,18.4,2.27,0.0,0.0,Summer,No Holiday,Yes
6569,31/08/2018,7.533693709848633,17,29.1,49,2.8,1969,17.2,1.57,0.0,0.0,Summer,No Holiday,Yes
6570,31/08/2018,7.950502434808851,18,28.4,57,2.4,2000,19.0,0.84,0.0,0.0,Summer,No Holiday,Yes
6571,31/08/2018,7.771910256435763,19,26.5,69,2.3,2000,20.3,0.18,0.0,0.0,Summer,No Holiday,Yes
6572,31/08/2018,7.59890045687141,20,25.4,74,1.6,2000,20.4,0.0,0.0,0.0,Summer,No Holiday,Yes
6573,31/08/2018,7.566311014772463,21,24.5,78,1.2,2000,20.4,0.0,0.0,0.0,Summer,No Holiday,Yes
6574,31/08/2018,7.489970898834801,22,24.1,80,0.9,1852,20.4,0.0,0.0,0.0,Summer,No Holiday,Yes
6575,31/08/2018,7.1929342212158,23,23.8,81,0.6,1893,20.3,0.0,0.0,0.0,Summer,No Holiday,Yes
